timestamp,batch_size,avg_seq_len,max_seq_len,min_seq_len,total_tokens,model_name,num_layers,hidden_size,num_heads,vocab_size,gpu_memory_allocated_mb,gpu_memory_reserved_mb,gpu_memory_cached_mb,quantize_kv,use_flash_attention,dtype,tokens_per_second,latency_ms
1768628468.459187,8,593.375,875,149,4747,synthetic-7B,32,4096,32,32000,5604.347674793178,6725.217209751813,3362.6086048759066,False,True,float16,448.2965469328699,32.10605192761609
1768628468.4592621,4,618.5,906,345,2474,synthetic-7B,32,4096,32,32000,2178.7836836739057,2614.5404204086867,1307.2702102043434,False,True,float16,165.0210440494647,442.0808386297883
1768628468.4593294,4,403.5,856,91,1614,synthetic-7B,32,4096,32,32000,1779.127576706189,2134.9530920474267,1067.4765460237134,False,True,float16,499.1529353126547,410.44845503215157
1768628468.459392,16,523.0625,905,66,8369,synthetic-7B,32,4096,32,32000,7976.746813619907,9572.096176343888,4786.048088171944,False,False,float16,439.72618585111206,271.6828233925833
1768628468.459453,2,565.5,648,483,1131,synthetic-7B,32,4096,32,32000,1152.2691501493014,1382.7229801791616,691.3614900895808,False,True,float16,288.65545013106805,303.6068977831576
1768628468.4595149,4,628.25,960,468,2513,synthetic-7B,32,4096,32,32000,2548.888670461301,3058.6664045535613,1529.3332022767806,False,True,float16,263.0318809026468,305.4476401150209
1768628468.4595737,1,601.0,601,601,601,synthetic-7B,32,4096,32,32000,634.6763529122493,761.6116234946991,380.80581174734954,False,True,float16,251.40927035564587,318.4702584103539
1768628468.4596317,2,310.0,385,235,620,synthetic-7B,32,4096,32,32000,769.1066649770037,922.9279979724043,461.46399898620217,False,False,float16,272.3347374266089,119.7625346480669
1768628468.4596908,16,539.875,997,92,8638,synthetic-7B,32,4096,32,32000,7723.4601244712085,9268.152149365449,4634.0760746827245,False,True,float16,240.89550166676253,277.36469591268184
1768628468.4597497,32,548.53125,975,78,17553,synthetic-7B,32,4096,32,32000,17625.6267777212,21150.75213326544,10575.37606663272,False,True,float16,350.5247519935898,320.5064601514142
1768628468.4598086,2,296.5,375,218,593,synthetic-7B,32,4096,32,32000,697.207322145781,836.6487865749372,418.3243932874686,False,True,float16,189.39079861326053,52.634193271486694
1768628468.4598663,1,126.0,126,126,126,synthetic-7B,32,4096,32,32000,137.57177335226163,165.08612802271395,82.54306401135698,False,True,float16,294.9635482376504,428.8328309374201
1768628468.4599242,32,516.25,973,61,16520,synthetic-7B,32,4096,32,32000,15712.251265781344,18854.70151893761,9427.350759468805,False,True,float16,301.1977460907183,431.43904911630386
1768628468.4599826,4,497.75,737,169,1991,synthetic-7B,32,4096,32,32000,1676.4057886453438,2011.6869463744124,1005.8434731872062,True,False,float16,270.8341028181916,318.8693454642389
1768628468.4600403,2,640.5,733,548,1281,synthetic-7B,32,4096,32,32000,1249.1279257181318,1498.953510861758,749.476755430879,False,True,float16,461.4920255752513,206.42053945682474
1768628468.4600987,2,612.0,732,492,1224,synthetic-7B,32,4096,32,32000,1139.0534682533712,1366.8641619040454,683.4320809520227,False,True,float16,483.65979778837766,115.36252174244086
1768628468.4601562,32,605.59375,985,57,19379,synthetic-7B,32,4096,32,32000,19336.913412071688,23204.296094486024,11602.148047243012,False,True,float16,151.5672581783104,483.4260756102604
1768628468.4602149,8,578.0,918,154,4624,synthetic-7B,32,4096,32,32000,5059.650433551737,6071.580520262084,3035.790260131042,False,False,float16,301.53608078744986,399.04279105182445
1768628468.460272,8,698.25,932,268,5586,synthetic-7B,32,4096,32,32000,5679.894371546769,6815.8732458561235,3407.9366229280618,False,True,float16,234.5979293705549,121.64305170697884
1768628468.4603293,8,313.875,862,52,2511,synthetic-7B,32,4096,32,32000,2472.530203223483,2967.0362438681796,1483.5181219340898,False,False,float16,200.3503869754344,203.7627387559896
1768628468.4603875,2,594.0,955,233,1188,synthetic-7B,32,4096,32,32000,706.4651342813045,847.7581611375654,423.8790805687827,True,True,float16,420.5135670607779,224.2405959295253
1768628468.4604456,4,507.5,944,279,2030,synthetic-7B,32,4096,32,32000,1914.0231130399898,2296.8277356479875,1148.4138678239938,False,True,float16,142.1812712210345,460.49555390744405
1768628468.4605026,2,508.0,713,303,1016,synthetic-7B,32,4096,32,32000,718.3589786313923,862.0307743576708,431.0153871788354,True,True,float16,458.2886479675065,44.39983321355476
1768628468.4605649,2,187.0,312,62,374,synthetic-7B,32,4096,32,32000,383.25192542786067,459.9023105134328,229.9511552567164,False,True,float16,291.73491222996887,274.5160611050001
1768628468.4606233,16,594.9375,967,103,9519,synthetic-7B,32,4096,32,32000,9938.275787976927,11925.930945572312,5962.965472786156,False,True,float16,157.23539872791338,207.05541125840287
1768628468.460682,16,521.0,905,152,8336,synthetic-7B,32,4096,32,32000,8343.261873300356,10011.914247960427,5005.9571239802135,False,False,float16,396.4006093611776,276.571614433331
1768628468.4607406,8,479.25,992,147,3834,synthetic-7B,32,4096,32,32000,3523.695567944812,4228.434681533774,2114.217340766887,False,True,float16,314.9988163699092,258.85566561051155
1768628468.4608002,2,131.0,174,88,262,synthetic-7B,32,4096,32,32000,255.2566910855962,306.30802930271545,153.15401465135773,False,True,float16,402.77115463785907,193.54519978292376
1768628468.4608586,8,413.125,894,68,3305,synthetic-7B,32,4096,32,32000,2486.5571328208825,2983.868559385059,1491.9342796925296,True,True,float16,201.9359851321709,236.74966818284122
1768628468.4609172,4,466.5,661,288,1866,synthetic-7B,32,4096,32,32000,1904.0928951969183,2284.9114742363017,1142.4557371181509,False,True,float16,281.97462053607416,392.23102626803444
1768628468.4609919,8,519.0,958,125,4152,synthetic-7B,32,4096,32,32000,4656.504835811171,5587.805802973405,2793.9029014867024,False,False,float16,291.774684543259,392.42694695667
1768628468.4610503,2,695.0,974,416,1390,synthetic-7B,32,4096,32,32000,1495.888422951717,1795.0661075420605,897.5330537710303,False,False,float16,272.5154841604757,476.0336963427554
1768628468.4611077,32,551.8125,948,60,17658,synthetic-7B,32,4096,32,32000,18495.536454126322,22194.643744951587,11097.321872475793,False,True,float16,400.0204896515465,237.82836523822638
1768628468.4611654,4,627.25,900,390,2509,synthetic-7B,32,4096,32,32000,2576.654162716578,3091.9849952598934,1545.9924976299467,False,False,float16,192.0697324135983,484.5040288133727
1768628468.4612224,2,531.5,542,521,1063,synthetic-7B,32,4096,32,32000,999.9915587693255,1199.9898705231906,599.9949352615953,False,True,float16,312.8288745453657,243.01852380551617
1768628468.4612796,1,461.0,461,461,461,synthetic-7B,32,4096,32,32000,440.93965948994213,529.1275913879306,264.5637956939653,False,True,float16,381.96878769728414,270.5521270855051
1768628468.4613376,4,784.75,909,684,3139,synthetic-7B,32,4096,32,32000,2872.430655566809,3446.916786680171,1723.4583933400854,False,True,float16,205.0924159029891,215.72664294677568
1768628468.461395,1,720.0,720,720,720,synthetic-7B,32,4096,32,32000,769.8342280745844,923.8010736895012,461.9005368447506,False,True,float16,202.5017940559312,204.3168004301631
1768628468.461454,16,520.8125,965,62,8333,synthetic-7B,32,4096,32,32000,8790.456331092819,10548.547597311383,5274.273798655691,False,True,float16,222.53651274292068,421.14111127451207
1768628468.4615161,4,433.0,970,72,1732,synthetic-7B,32,4096,32,32000,1762.660640648688,2115.1927687784255,1057.5963843892127,False,True,float16,293.04034035547596,208.1925921895048
1768628468.461574,2,407.0,533,281,814,synthetic-7B,32,4096,32,32000,513.6352752089895,616.3623302507873,308.18116512539365,True,False,float16,152.14690503687683,209.0710340882044
1768628468.4616337,2,874.0,953,795,1748,synthetic-7B,32,4096,32,32000,1939.5759979474904,2327.4911975369882,1163.7455987684941,False,False,float16,185.31975173045572,403.41107387387575
1768628468.4616916,32,487.6875,926,94,15606,synthetic-7B,32,4096,32,32000,15519.133802659939,18622.960563191926,9311.480281595963,False,True,float16,468.9450814682866,419.5408000131937
1768628468.46175,8,498.0,883,137,3984,synthetic-7B,32,4096,32,32000,3670.222251282997,4404.266701539596,2202.133350769798,False,True,float16,247.30110401140396,291.15810476468675
1768628468.4618084,4,514.0,804,254,2056,synthetic-7B,32,4096,32,32000,2004.4921831267188,2405.3906197520623,1202.6953098760312,False,True,float16,463.51836398304,99.09984579657056
1768628468.461865,1,148.0,148,148,148,synthetic-7B,32,4096,32,32000,81.57087908976692,97.8850549077203,48.94252745386015,True,True,float16,197.20623461342456,411.81446111137734
1768628468.4619231,4,659.5,785,553,2638,synthetic-7B,32,4096,32,32000,2498.9274743981996,2998.7129692778394,1499.3564846389197,False,True,float16,163.67803564335128,241.43846855301933
1768628468.4619937,1,936.0,936,936,936,synthetic-7B,32,4096,32,32000,1053.7847459137254,1264.5416950964704,632.2708475482352,False,True,float16,232.5891549966368,358.6766630322144
1768628468.4620526,1,648.0,648,648,648,synthetic-7B,32,4096,32,32000,456.3427345122234,547.611281414668,273.805640707334,True,True,float16,466.7919015769568,22.20973585028178
1768628468.4621103,1,917.0,917,917,917,synthetic-7B,32,4096,32,32000,1028.641526312325,1234.36983157479,617.184915787395,False,True,float16,316.2267441141462,372.3227534133007
1768628468.4621673,4,456.75,727,249,1827,synthetic-7B,32,4096,32,32000,2034.0238417844741,2440.8286101413687,1220.4143050706843,False,True,float16,316.42793957188053,87.79013446485182
1768628468.4622297,16,500.75,945,77,8012,synthetic-7B,32,4096,32,32000,8723.82821916534,10468.593862998407,5234.296931499203,False,True,float16,183.3679245542503,92.78089684357073
1768628468.4622905,32,529.125,998,54,16932,synthetic-7B,32,4096,32,32000,16209.713118271638,19451.655741925966,9725.827870962983,False,True,float16,352.17836514355986,206.6330672702205
1768628468.462349,1,821.0,821,821,821,synthetic-7B,32,4096,32,32000,908.184150510174,1089.8209806122088,544.9104903061044,False,True,float16,455.3531011686852,52.837797212600925
1768628468.4624074,8,402.375,706,64,3219,synthetic-7B,32,4096,32,32000,2259.129503749788,2710.9554044997453,1355.4777022498727,True,False,float16,487.4682606546765,420.2683682513367
1768628468.4624653,1,792.0,792,792,792,synthetic-7B,32,4096,32,32000,573.9125399646608,688.6950479575929,344.34752397879646,True,True,float16,343.5344223359375,164.96692883846862
1768628468.462523,4,420.75,945,102,1683,synthetic-7B,32,4096,32,32000,1841.1498028186625,2209.3797633823947,1104.6898816911973,False,True,float16,483.2244555196067,161.9038430129562
1768628468.4625795,4,723.25,955,342,2893,synthetic-7B,32,4096,32,32000,2763.074702241241,3315.689642689489,1657.8448213447446,False,False,float16,336.6591328172857,163.28869120228018
1768628468.4626367,8,607.75,980,202,4862,synthetic-7B,32,4096,32,32000,4983.3370843975745,5980.004501277089,2990.0022506385444,False,True,float16,395.0550061262081,161.5174018717595
1768628468.4626946,8,370.875,917,115,2967,synthetic-7B,32,4096,32,32000,2793.827385078615,3352.5928620943378,1676.2964310471689,False,True,float16,355.0302643823246,68.20514788069246
1768628468.462752,4,679.25,971,538,2717,synthetic-7B,32,4096,32,32000,3192.271085869201,3830.725303043041,1915.3626515215205,False,True,float16,463.14627433558735,335.485734579935
1768628468.4628093,16,526.75,925,72,8428,synthetic-7B,32,4096,32,32000,8705.605590822157,10446.726708986587,5223.363354493294,False,True,float16,414.77443594429906,157.8859175416654
1768628468.4628665,1,666.0,666,666,666,synthetic-7B,32,4096,32,32000,623.102303381865,747.722764058238,373.861382029119,False,True,float16,154.2465532614255,448.189779790076
1768628468.4629269,2,286.5,481,92,573,synthetic-7B,32,4096,32,32000,485.27252035621274,582.3270244274553,291.16351221372764,True,False,float16,300.1049001292122,166.61046842525127
1768628468.4629848,1,75.0,75,75,75,synthetic-7B,32,4096,32,32000,81.42565336337911,97.71078403605493,48.855392018027466,False,True,float16,148.16816787148,44.18204113985284
1768628468.463043,4,381.75,551,73,1527,synthetic-7B,32,4096,32,32000,1618.7814842857565,1942.5377811429078,971.2688905714539,False,False,float16,321.28838287785277,377.94693184762525
1768628468.4631011,2,517.5,539,496,1035,synthetic-7B,32,4096,32,32000,761.3261068967212,913.5913282760654,456.7956641380327,True,True,float16,497.2051160764559,440.6125677578554
1768628468.46316,1,649.0,649,649,649,synthetic-7B,32,4096,32,32000,714.1988890892974,857.0386669071569,428.51933345357844,False,True,float16,301.7256229553319,227.1913256456872
1768628468.4632213,4,708.5,823,560,2834,synthetic-7B,32,4096,32,32000,3361.1178618199465,4033.3414341839357,2016.6707170919678,False,True,float16,259.08118039728043,165.63344577713832
1768628468.4632788,1,522.0,522,522,522,synthetic-7B,32,4096,32,32000,371.8028219893102,446.16338638717224,223.08169319358612,True,True,float16,237.97402620833427,338.13392719940396
1768628468.463337,8,485.125,964,71,3881,synthetic-7B,32,4096,32,32000,4699.670084757179,5639.6041017086145,2819.8020508543073,False,True,float16,273.44297443934965,439.03587647873144
1768628468.4633927,16,405.375,920,64,6486,synthetic-7B,32,4096,32,32000,7414.2835078757935,8897.140209450952,4448.570104725476,False,True,float16,157.51977604687437,278.4630036891916
1768628468.4634502,16,492.875,983,52,7886,synthetic-7B,32,4096,32,32000,8853.844810440763,10624.613772528915,5312.306886264458,False,True,float16,217.09414051127195,114.54058775565626
1768628468.4635074,2,290.5,530,51,581,synthetic-7B,32,4096,32,32000,498.24900422490737,597.8988050698888,298.9494025349444,True,True,float16,316.6609237725296,26.71674070833152
1768628468.4635653,16,595.5,939,103,9528,synthetic-7B,32,4096,32,32000,8699.073114311816,10438.887737174178,5219.443868587089,False,True,float16,358.3547798731599,156.87826608276634
1768628468.463627,16,509.3125,925,80,8149,synthetic-7B,32,4096,32,32000,9064.43735489213,10877.324825870555,5438.662412935278,False,False,float16,212.27861265348542,282.92482942747006
1768628468.4636874,2,531.0,714,348,1062,synthetic-7B,32,4096,32,32000,1115.2699056858096,1338.3238868229714,669.1619434114857,False,False,float16,279.0146303768835,285.0860963939652
1768628468.4637458,1,350.0,350,350,350,synthetic-7B,32,4096,32,32000,360.932166592338,433.1185999108056,216.5592999554028,False,True,float16,173.9973705932718,179.01555915224037
1768628468.4638035,1,687.0,687,687,687,synthetic-7B,32,4096,32,32000,510.0017443179528,612.0020931815433,306.00104659077164,True,False,float16,130.29251178296767,488.59672370076964
1768628468.4638612,8,522.75,919,92,4182,synthetic-7B,32,4096,32,32000,5215.409683656048,6258.491620387258,3129.245810193629,False,True,float16,266.5717288081137,219.11545663460453
1768628468.4639194,2,395.0,515,275,790,synthetic-7B,32,4096,32,32000,562.6297603024504,675.1557123629406,337.5778561814703,True,True,float16,245.37364869178666,353.9363963560345
1768628468.4639778,32,564.375,999,50,18060,synthetic-7B,32,4096,32,32000,17597.831528046372,21117.397833655647,10558.698916827823,False,True,float16,401.8807020873596,103.88011977216593
1768628468.4640355,32,503.8125,995,70,16122,synthetic-7B,32,4096,32,32000,18656.40552545616,22387.686630547392,11193.843315273696,False,True,float16,144.4652496818454,404.5837966128417
1768628468.4640937,8,501.0,892,71,4008,synthetic-7B,32,4096,32,32000,3275.852119608896,3931.0225435306747,1965.5112717653374,False,True,float16,254.78342735817648,73.87197613414051
1768628468.4641516,8,490.375,931,102,3923,synthetic-7B,32,4096,32,32000,3154.1560583713726,3784.987270045647,1892.4936350228236,True,False,float16,304.72162593400424,253.85628429659505
1768628468.4642093,2,622.5,990,255,1245,synthetic-7B,32,4096,32,32000,1396.9638623490273,1676.3566348188326,838.1783174094163,False,True,float16,304.4739163832643,313.4669927793
1768628468.4642675,1,410.0,410,410,410,synthetic-7B,32,4096,32,32000,351.3832010551805,421.6598412662166,210.8299206331083,True,True,float16,324.51406178574,489.99990749038614
1768628468.4643252,2,569.5,877,262,1139,synthetic-7B,32,4096,32,32000,844.0763085966582,1012.8915703159898,506.4457851579949,True,False,float16,167.9628403210039,385.6337412424441
1768628468.4643857,2,520.5,852,189,1041,synthetic-7B,32,4096,32,32000,847.7698483355746,1017.3238180026894,508.6619090013447,True,True,float16,124.36194356873801,422.619508864546
1768628468.4644454,32,550.75,999,106,17624,synthetic-7B,32,4096,32,32000,17069.588833710965,20483.506600453158,10241.753300226579,False,True,float16,430.34562756380285,188.4914254382775
1768628468.4645026,8,500.875,909,241,4007,synthetic-7B,32,4096,32,32000,4105.338717698173,4926.406461237808,2463.203230618904,False,True,float16,438.68180174010195,391.3374791118505
1768628468.4645596,2,521.0,878,164,1042,synthetic-7B,32,4096,32,32000,1000.3103871576659,1200.3724645891991,600.1862322945996,False,True,float16,212.3409925837595,353.71991894218536
1768628468.464621,16,489.5,965,65,7832,synthetic-7B,32,4096,32,32000,7562.789522087392,9075.34742650487,4537.673713252435,False,True,float16,491.79934506775066,132.69709455296004
1768628468.4646804,16,630.375,969,50,10086,synthetic-7B,32,4096,32,32000,9129.423247633302,10955.307897159963,5477.653948579981,False,False,float16,248.46357095157322,65.00330679208636
1768628468.4647372,1,121.0,121,121,121,synthetic-7B,32,4096,32,32000,89.2988623665276,107.15863483983311,53.579317419916556,True,True,float16,345.32369515215294,138.93741899439627
1768628468.4647949,1,978.0,978,978,978,synthetic-7B,32,4096,32,32000,1046.1903081709722,1255.4283698051665,627.7141849025833,False,True,float16,428.01448875829317,265.63923479313326
1768628468.4648516,1,310.0,310,310,310,synthetic-7B,32,4096,32,32000,362.3304293126375,434.796515175165,217.3982575875825,False,True,float16,264.59432166386335,60.71078758476982
1768628468.46491,16,492.25,894,61,7876,synthetic-7B,32,4096,32,32000,5636.537070843166,6763.8444850117985,3381.9222425058992,True,True,float16,226.6470912181902,287.59720309236656
1768628468.4649892,16,425.375,872,50,6806,synthetic-7B,32,4096,32,32000,8436.499035953031,10123.798843143637,5061.8994215718185,False,True,float16,472.8328194553158,85.26223253359383
1768628468.4650497,1,622.0,622,622,622,synthetic-7B,32,4096,32,32000,620.8047468972114,744.9656962766537,372.48284813832686,False,True,float16,222.08994986381612,287.631663585661
1768628468.465108,2,414.5,635,194,829,synthetic-7B,32,4096,32,32000,560.4302454124729,672.5162944949675,336.25814724748375,True,False,float16,216.59962578124592,98.80468009166992
1768628468.4651709,32,541.46875,849,51,17327,synthetic-7B,32,4096,32,32000,17008.011347350253,20409.613616820305,10204.806808410152,False,True,float16,152.5765698689066,198.5571033543188
1768628468.4652293,8,381.125,852,74,3049,synthetic-7B,32,4096,32,32000,2492.4579769408106,2990.9495723289724,1495.4747861644862,True,False,float16,108.52196129178586,453.5387003317788
1768628468.4652882,32,516.625,988,70,16532,synthetic-7B,32,4096,32,32000,17350.782085411636,20820.938502493962,10410.469251246981,False,True,float16,151.99005753067766,276.7560138000803
1768628468.4653463,32,504.78125,995,54,16153,synthetic-7B,32,4096,32,32000,15994.477762334152,19193.37331480098,9596.68665740049,False,True,float16,437.1401464999622,205.5225956507632
1768628468.4654033,4,736.0,941,276,2944,synthetic-7B,32,4096,32,32000,2466.8710591104355,2960.2452709325225,1480.1226354662613,True,True,float16,175.109996144177,146.8741351798767
1768628468.465462,32,557.125,987,83,17828,synthetic-7B,32,4096,32,32000,18789.918099847597,22547.901719817117,11273.950859908558,False,False,float16,168.07783901331527,125.01305477886235
1768628468.4655197,16,587.625,964,157,9402,synthetic-7B,32,4096,32,32000,9538.866966497573,11446.640359797088,5723.320179898544,False,False,float16,428.33370262313053,148.04296455765513
1768628468.4655788,16,494.0625,953,107,7905,synthetic-7B,32,4096,32,32000,6561.460519884597,7873.7526238615155,3936.8763119307578,True,True,float16,334.70909983673573,379.0632202198991
1768628468.4656374,1,237.0,237,237,237,synthetic-7B,32,4096,32,32000,184.24570261167952,221.0948431340154,110.5474215670077,True,True,float16,315.03638658533066,288.33408428488485
1768628468.4657123,1,926.0,926,926,926,synthetic-7B,32,4096,32,32000,1041.2842808670275,1249.541137040433,624.7705685202164,False,True,float16,236.72504916748255,273.0468549528412
1768628468.4657705,1,950.0,950,950,950,synthetic-7B,32,4096,32,32000,953.2151594739122,1143.8581913686946,571.9290956843473,False,True,float16,363.9149827642919,394.56139170041524
1768628468.4658282,8,438.125,807,63,3505,synthetic-7B,32,4096,32,32000,2931.0911141327233,3517.309336959268,1758.654668479634,True,True,float16,151.63269925837395,188.46367595460634
1768628468.465888,4,772.75,938,437,3091,synthetic-7B,32,4096,32,32000,2326.571529600111,2791.885835520133,1395.9429177600664,True,True,float16,259.22270285647585,497.08845225459874
1768628468.4659474,2,733.5,941,526,1467,synthetic-7B,32,4096,32,32000,1091.4726733606701,1309.767208032804,654.883604016402,True,True,float16,408.9296922712296,483.05952475313467
1768628468.4660232,32,519.5625,979,50,16626,synthetic-7B,32,4096,32,32000,17538.829088458984,21046.59490615078,10523.29745307539,False,False,float16,315.2477855116433,411.6206084021416
1768628468.466082,8,404.0,937,66,3232,synthetic-7B,32,4096,32,32000,2249.772104057403,2699.726524868883,1349.8632624344416,True,False,float16,439.6323043529735,127.33462425511969
1768628468.4661405,8,483.875,958,73,3871,synthetic-7B,32,4096,32,32000,3889.3469362199776,4667.216323463973,2333.6081617319865,False,True,float16,257.85849751226635,122.29328973237473
1768628468.4661984,16,513.625,991,86,8218,synthetic-7B,32,4096,32,32000,8425.997881002051,10111.197457202461,5055.5987286012305,False,True,float16,325.12230082420535,419.08403348391005
1768628468.4662578,16,611.4375,929,140,9783,synthetic-7B,32,4096,32,32000,7727.555972338932,9273.067166806719,4636.533583403359,True,True,float16,473.7399479294083,16.952119827551385
1768628468.4663153,1,147.0,147,147,147,synthetic-7B,32,4096,32,32000,116.59058739919706,139.90870487903646,69.95435243951823,False,True,float16,187.9288862860661,57.249721514607174
1768628468.466372,8,478.875,982,197,3831,synthetic-7B,32,4096,32,32000,3707.2902711099036,4448.748325331884,2224.374162665942,False,True,float16,177.64291806105126,472.8311267632288
1768628468.4664288,1,448.0,448,448,448,synthetic-7B,32,4096,32,32000,292.6582272699976,351.1898727239971,175.59493636199855,True,True,float16,260.98575498285004,90.95873098327462
1768628468.466488,32,551.28125,969,80,17641,synthetic-7B,32,4096,32,32000,14501.279263600583,17401.535116320698,8700.767558160349,True,False,float16,297.4507151442002,434.18534632566
1768628468.4665465,32,526.40625,984,58,16845,synthetic-7B,32,4096,32,32000,9093.187345253966,10911.824814304759,5455.912407152379,True,False,float16,207.63954177712708,344.0721631466705
1768628468.4666038,4,332.75,548,181,1331,synthetic-7B,32,4096,32,32000,1311.9097842473818,1574.2917410968582,787.1458705484291,False,True,float16,464.1857547394847,422.23198714352765
1768628468.466665,8,666.25,982,366,5330,synthetic-7B,32,4096,32,32000,4811.550863903632,5773.861036684358,2886.930518342179,False,False,float16,336.63681024330765,31.141145924022496
1768628468.466724,2,659.5,862,457,1319,synthetic-7B,32,4096,32,32000,1000.2232392604978,1200.2678871125975,600.1339435562987,True,True,float16,360.4716181140935,237.91345656664086
1768628468.4667807,32,559.8125,993,57,17914,synthetic-7B,32,4096,32,32000,18162.753406461634,21795.30408775396,10897.65204387698,False,True,float16,488.5250217259311,236.55466555274322
1768628468.4668405,16,626.875,975,184,10030,synthetic-7B,32,4096,32,32000,9926.356429588937,11911.627715506724,5955.813857753362,False,True,float16,326.21966681605863,364.6962030541956
1768628468.4668982,8,558.75,876,198,4470,synthetic-7B,32,4096,32,32000,4179.316964879073,5015.180357854887,2507.5901789274435,False,True,float16,182.7689965449752,274.8094761313536
1768628468.4669554,32,488.9375,991,74,15646,synthetic-7B,32,4096,32,32000,15579.52473420085,18695.42968104102,9347.71484052051,False,True,float16,387.1515586332156,263.3399847995573
1768628468.467012,32,550.15625,993,70,17605,synthetic-7B,32,4096,32,32000,20031.129532743755,24037.355439292503,12018.677719646252,False,True,float16,402.9602570207902,439.9561934210315
1768628468.467069,2,606.5,816,397,1213,synthetic-7B,32,4096,32,32000,1335.4443180632934,1602.533181675952,801.266590837976,False,False,float16,447.66811266714285,471.63731962439834
1768628468.4671257,32,454.0625,995,51,14530,synthetic-7B,32,4096,32,32000,13525.93154454322,16231.117853451864,8115.558926725932,False,True,float16,280.7594844282326,373.36145718282773
1768628468.467183,1,449.0,449,449,449,synthetic-7B,32,4096,32,32000,555.9520699733072,667.1424839679686,333.5712419839843,False,True,float16,161.36590483535883,462.8257501738717
1768628468.4672403,32,468.8125,924,77,15002,synthetic-7B,32,4096,32,32000,15534.708863064301,18641.65063567716,9320.82531783858,False,True,float16,451.64053068043245,499.740354300589
1768628468.467297,2,461.0,507,415,922,synthetic-7B,32,4096,32,32000,896.3825150884777,1075.659018106173,537.8295090530866,False,True,float16,352.66635320762407,246.79213943346673
1768628468.4673622,8,507.5,865,259,4060,synthetic-7B,32,4096,32,32000,2522.373844581477,3026.8486134977725,1513.4243067488862,True,True,float16,170.37936726801996,376.8883115408554
1768628468.4674213,1,342.0,342,342,342,synthetic-7B,32,4096,32,32000,328.3101802578461,393.97221630941533,196.98610815470767,False,True,float16,285.96735354587383,329.53949502400144
1768628468.467479,2,89.0,111,67,178,synthetic-7B,32,4096,32,32000,186.8788100158402,224.25457201900824,112.12728600950412,False,True,float16,416.0440765176229,132.09195144764954
1768628468.4675367,32,495.875,985,149,15868,synthetic-7B,32,4096,32,32000,17310.08954419709,20772.107453036508,10386.053726518254,False,True,float16,223.19884428082312,65.92850997197556
1768628468.4675934,8,445.625,732,70,3565,synthetic-7B,32,4096,32,32000,3730.786395948608,4476.943675138329,2238.4718375691646,False,True,float16,235.5208580254509,50.5700676980134
1768628468.4676504,2,458.0,771,145,916,synthetic-7B,32,4096,32,32000,852.4985408710594,1022.9982490452712,511.4991245226356,False,True,float16,323.2237696414282,128.06620004867057
1768628468.4677083,1,558.0,558,558,558,synthetic-7B,32,4096,32,32000,371.3026604183806,445.56319250205667,222.78159625102833,True,False,float16,125.63128444197753,263.6969203916106
1768628468.4677665,4,569.5,902,111,2278,synthetic-7B,32,4096,32,32000,2223.0982078944207,2667.717849473305,1333.8589247366524,True,True,float16,104.89393495465822,123.66875091851979
1768628468.4678228,4,577.25,882,456,2309,synthetic-7B,32,4096,32,32000,2549.558631736417,3059.4703580837,1529.73517904185,False,True,float16,362.630061575562,198.0183192260371
1768628468.4678798,2,318.5,455,182,637,synthetic-7B,32,4096,32,32000,698.1682490823295,837.8018988987953,418.9009494493977,False,True,float16,190.88311083782355,292.026437083165
1768628468.467938,32,447.875,958,55,14332,synthetic-7B,32,4096,32,32000,15003.210115664137,18003.852138796963,9001.926069398482,False,True,float16,304.5205496002493,180.9556543359043
1768628468.467996,8,405.5,882,190,3244,synthetic-7B,32,4096,32,32000,2924.4846487527757,3509.3815785033307,1754.6907892516654,False,False,float16,162.69075556642946,144.04514421157725
1768628468.4680545,2,751.5,795,708,1503,synthetic-7B,32,4096,32,32000,1756.8238563655568,2108.188627638668,1054.094313819334,False,True,float16,198.55112176993822,274.58100872877543
1768628468.4681182,32,546.34375,999,77,17483,synthetic-7B,32,4096,32,32000,18462.724954999347,22155.269945999215,11077.634972999607,False,True,float16,452.58243248704895,288.15110016146446
1768628468.4681773,32,542.1875,971,52,17350,synthetic-7B,32,4096,32,32000,18855.99204243556,22627.19045092267,11313.595225461335,False,False,float16,131.95767197894037,45.64111690421244
1768628468.4682343,2,766.0,924,608,1532,synthetic-7B,32,4096,32,32000,1007.774851802783,1209.3298221633395,604.6649110816697,True,True,float16,353.6629175393254,285.1793895513747
1768628468.468292,16,587.3125,942,90,9397,synthetic-7B,32,4096,32,32000,8110.753548086787,9732.904257704144,4866.452128852072,True,True,float16,236.82074284221932,202.94803802173743
1768628468.4683492,4,451.0,792,123,1804,synthetic-7B,32,4096,32,32000,1055.7206110023087,1266.8647332027704,633.4323666013852,True,True,float16,436.51938162752157,197.9998307301324
1768628468.4684067,1,411.0,411,411,411,synthetic-7B,32,4096,32,32000,429.60540494275165,515.526485931302,257.763242965651,False,True,float16,172.27555927808368,161.25004603248112
1768628468.4684644,2,528.0,845,211,1056,synthetic-7B,32,4096,32,32000,612.3723400604924,734.8468080725909,367.42340403629544,True,True,float16,306.7070069238025,202.0658543122896
1768628468.4685218,4,332.5,442,220,1330,synthetic-7B,32,4096,32,32000,1328.9243021446246,1594.7091625735495,797.3545812867748,False,True,float16,144.01986796605857,389.4162356793954
1768628468.4685793,1,177.0,177,177,177,synthetic-7B,32,4096,32,32000,144.9862766629926,173.9835319955911,86.99176599779555,True,True,float16,111.68399481289653,493.0172581527209
1768628468.4686415,32,528.9375,989,135,16926,synthetic-7B,32,4096,32,32000,9444.4938988488,11333.392678618558,5666.696339309279,True,True,float16,467.34625622443764,482.6962258057665
1768628468.4686995,16,498.6875,937,105,7979,synthetic-7B,32,4096,32,32000,6070.004007467442,7284.00480896093,3642.002404480465,True,True,float16,102.98596852195811,380.3987106699333
1768628468.4687557,32,482.3125,960,90,15434,synthetic-7B,32,4096,32,32000,12464.757777829118,14957.709333394941,7478.854666697471,False,True,float16,169.52617703217183,11.055765157375728
1768628468.4688156,2,826.5,836,817,1653,synthetic-7B,32,4096,32,32000,1761.0693518389025,2113.283222206683,1056.6416111033416,False,True,float16,415.36872775535227,400.95497173653587
1768628468.468875,8,610.25,989,192,4882,synthetic-7B,32,4096,32,32000,3858.9738023336913,4630.768562800429,2315.3842814002146,True,True,float16,291.4599582301464,318.42665906694486
1768628468.4689333,32,486.28125,983,60,15561,synthetic-7B,32,4096,32,32000,11486.83683574588,13784.204202895056,6892.102101447528,True,True,float16,443.129987401046,176.23767853413142
1768628468.469009,32,557.53125,992,50,17841,synthetic-7B,32,4096,32,32000,15177.597243525463,18213.116692230553,9106.558346115276,True,True,float16,281.04090902379625,220.77791686522897
1768628468.4690676,8,702.625,945,164,5621,synthetic-7B,32,4096,32,32000,3928.915847797254,4714.699017356705,2357.3495086783523,True,True,float16,253.7568364678631,421.9468923661124
1768628468.4691265,2,783.0,970,596,1566,synthetic-7B,32,4096,32,32000,1081.5284069384038,1297.8340883260846,648.9170441630423,True,True,float16,179.63410600336408,237.6557282594137
1768628468.469184,2,529.5,598,461,1059,synthetic-7B,32,4096,32,32000,1096.0273772999399,1315.2328527599277,657.6164263799639,False,True,float16,485.3656837227747,386.71006302634925
1768628468.4692426,32,523.15625,991,50,16741,synthetic-7B,32,4096,32,32000,17533.408797648313,21040.090557177977,10520.045278588988,False,True,float16,378.32652881344944,313.5462496307011
1768628468.4693003,2,197.0,227,167,394,synthetic-7B,32,4096,32,32000,374.1491596039718,448.9789915247661,224.48949576238306,False,True,float16,461.09069323740266,447.08380554727415
1768628468.4693584,16,527.1875,947,73,8435,synthetic-7B,32,4096,32,32000,6910.257240165719,8292.308688198862,4146.154344099431,True,False,float16,326.03867268143426,80.46006879664921
1768628468.4694164,32,528.53125,953,55,16913,synthetic-7B,32,4096,32,32000,17583.865248429447,21100.638298115337,10550.319149057668,False,True,float16,483.94202358641826,270.3726223909959
1768628468.4694746,32,512.375,996,99,16396,synthetic-7B,32,4096,32,32000,11978.854769515146,14374.625723418176,7187.312861709088,True,True,float16,352.85008739899166,195.72391957945695
1768628468.4695337,2,488.5,677,300,977,synthetic-7B,32,4096,32,32000,1033.7979371004153,1240.5575245204984,620.2787622602492,False,True,float16,438.9624093690022,414.1203641315477
1768628468.469595,4,652.25,981,196,2609,synthetic-7B,32,4096,32,32000,2731.1850530094102,3277.4220636112923,1638.7110318056461,False,True,float16,290.8811146721986,20.306793805900064
1768628468.4696536,16,537.5625,983,224,8601,synthetic-7B,32,4096,32,32000,10710.584818370033,12852.70178204404,6426.35089102202,False,False,float16,292.39578784661586,449.2287565831425
1768628468.4697108,8,520.0,967,90,4160,synthetic-7B,32,4096,32,32000,4845.685189675201,5814.8222276102415,2907.4111138051207,False,True,float16,275.56040761633244,144.94590425157776
1768628468.4697683,2,169.0,281,57,338,synthetic-7B,32,4096,32,32000,261.47788089333085,313.77345707199703,156.88672853599851,True,True,float16,368.7109177974303,146.61680169820525
1768628468.4698255,2,307.0,416,198,614,synthetic-7B,32,4096,32,32000,546.5422901950342,655.850748234041,327.9253741170205,False,True,float16,395.85945639164845,333.58195147286
1768628468.4698827,8,585.375,833,120,4683,synthetic-7B,32,4096,32,32000,5349.706448960682,6419.647738752818,3209.823869376409,False,True,float16,278.5814235528714,261.775083552416
1768628468.469941,4,514.5,836,74,2058,synthetic-7B,32,4096,32,32000,1801.0768077331743,2161.292169279809,1080.6460846399045,False,True,float16,337.9114490497137,233.82048157830462
1768628468.47002,32,409.8125,996,59,13114,synthetic-7B,32,4096,32,32000,12615.541304003933,15138.649564804718,7569.324782402359,False,True,float16,454.01746828536943,188.099578784185
1768628468.4700842,8,539.875,949,196,4319,synthetic-7B,32,4096,32,32000,4299.845184446255,5159.814221335506,2579.907110667753,False,True,float16,226.25453863579997,279.5750804727845
1768628468.4701414,8,563.625,982,72,4509,synthetic-7B,32,4096,32,32000,3568.313037578379,4281.975645094055,2140.9878225470275,True,True,float16,479.13139676530227,336.22438745109275
1768628468.4701986,32,564.90625,964,82,18077,synthetic-7B,32,4096,32,32000,19185.910178579703,23023.092214295644,11511.546107147822,False,True,float16,289.56320187733843,131.08999079964377
1768628468.4702566,4,357.25,442,271,1429,synthetic-7B,32,4096,32,32000,1420.6853011506391,1704.822361380767,852.4111806903835,False,True,float16,278.3100241995409,348.04245821215915
1768628468.470315,32,509.0625,990,83,16290,synthetic-7B,32,4096,32,32000,15127.71399454539,18153.256793454468,9076.628396727234,False,True,float16,257.68946638659077,222.61742132198026
1768628468.4703765,4,640.25,910,369,2561,synthetic-7B,32,4096,32,32000,2732.8473993936454,3279.4168792723744,1639.7084396361872,False,True,float16,171.1918552353029,241.45649007548414
1768628468.4704351,16,591.4375,942,80,9463,synthetic-7B,32,4096,32,32000,8950.913962600738,10741.096755120885,5370.5483775604425,False,True,float16,199.6219702216394,258.99736735570997
1768628468.470492,32,489.03125,982,74,15649,synthetic-7B,32,4096,32,32000,10565.373326317078,12678.447991580493,6339.223995790247,True,True,float16,274.16840367891285,262.0086754297977
1768628468.4705484,4,556.75,847,159,2227,synthetic-7B,32,4096,32,32000,2696.600249492408,3235.9202993908893,1617.9601496954447,False,True,float16,202.48402896856308,318.7575033269569
1768628468.4706059,4,753.0,978,212,3012,synthetic-7B,32,4096,32,32000,2188.6978319260506,2626.4373983112605,1313.2186991556302,True,True,float16,285.8704054522247,403.9429316312848
1768628468.4706643,4,307.25,607,136,1229,synthetic-7B,32,4096,32,32000,1052.7098286135968,1263.2517943363162,631.6258971681581,False,True,float16,139.03298843213898,488.98477532721995
1768628468.470722,2,482.5,865,100,965,synthetic-7B,32,4096,32,32000,815.6101283571367,978.732154028564,489.366077014282,False,False,float16,475.05262093187247,219.3147095113536
1768628468.4707801,32,450.34375,982,71,14411,synthetic-7B,32,4096,32,32000,14893.732392468606,17872.478870962328,8936.239435481164,False,False,float16,152.53121239502647,404.3254637871414
1768628468.4708369,32,442.8125,994,55,14170,synthetic-7B,32,4096,32,32000,15663.48633361272,18796.183600335262,9398.091800167631,False,True,float16,148.8482001517391,149.61854520850628
1768628468.4708948,32,529.1875,966,98,16934,synthetic-7B,32,4096,32,32000,19227.607219288115,23073.128663145737,11536.564331572868,False,True,float16,134.90214247345443,483.18746704035783
1768628468.4709527,16,602.5625,986,170,9641,synthetic-7B,32,4096,32,32000,8907.95116407211,10689.541396886532,5344.770698443266,False,False,float16,201.64357697304,77.29799058042802
1768628468.4710102,2,380.5,447,314,761,synthetic-7B,32,4096,32,32000,764.4644755576427,917.3573706691712,458.6786853345856,False,True,float16,405.04189550135186,140.31553422806104
1768628468.4710715,2,739.0,862,616,1478,synthetic-7B,32,4096,32,32000,1395.6801873648526,1674.816224837823,837.4081124189115,False,True,float16,178.06568084738257,294.99673279786947
1768628468.471129,32,514.84375,991,63,16475,synthetic-7B,32,4096,32,32000,14961.627898807083,17953.9534785685,8976.97673928425,False,True,float16,135.11120053940596,261.45060712309845
1768628468.4711866,2,596.5,773,420,1193,synthetic-7B,32,4096,32,32000,1112.1680849523334,1334.6017019428,667.3008509714,False,True,float16,127.22562597796014,286.8491647290843
1768628468.4712472,1,784.0,784,784,784,synthetic-7B,32,4096,32,32000,745.1527263393837,894.1832716072604,447.0916358036302,False,True,float16,135.73954066854066,322.8318527116508
1768628468.4713066,1,669.0,669,669,669,synthetic-7B,32,4096,32,32000,700.5127524582165,840.6153029498597,420.30765147492986,False,False,float16,482.3176945177588,233.79052957930742
1768628468.4713652,32,432.65625,982,95,13845,synthetic-7B,32,4096,32,32000,15386.517393956707,18463.82087274805,9231.910436374024,False,True,float16,155.08559698898003,214.61121054008055
1768628468.471427,32,459.21875,958,57,14695,synthetic-7B,32,4096,32,32000,13973.802752909061,16768.56330349087,8384.281651745436,False,True,float16,131.6296381837451,162.99046480797784
1768628468.4714847,4,469.25,895,182,1877,synthetic-7B,32,4096,32,32000,1745.8000010312408,2094.960001237489,1047.4800006187445,True,True,float16,386.2885798883069,348.21567428338625
1768628468.471543,4,709.5,963,87,2838,synthetic-7B,32,4096,32,32000,2887.186699509767,3464.6240394117203,1732.3120197058602,False,True,float16,164.2123891042669,495.8991614711563
1768628468.4716,8,520.75,834,77,4166,synthetic-7B,32,4096,32,32000,4016.150074300964,4819.380089161157,2409.6900445805786,False,True,float16,381.1172644324184,238.14447505627112
1768628468.4716578,8,516.75,848,52,4134,synthetic-7B,32,4096,32,32000,3936.935319822434,4724.322383786921,2362.1611918934605,False,True,float16,399.24062089722906,74.3207869160617
1768628468.4717162,1,745.0,745,745,745,synthetic-7B,32,4096,32,32000,759.5759333245292,911.491119989435,455.7455599947175,False,True,float16,304.030322787339,247.31713452370698
1768628468.4717772,16,475.375,981,76,7606,synthetic-7B,32,4096,32,32000,7664.392947267479,9197.271536720975,4598.635768360487,False,True,float16,367.57239426239755,17.7237325411173
1768628468.4718342,2,455.5,747,164,911,synthetic-7B,32,4096,32,32000,992.7920830110886,1191.3504996133063,595.6752498066531,False,True,float16,412.3210724272163,412.55567332860653
1768628468.4718902,8,356.375,542,57,2851,synthetic-7B,32,4096,32,32000,2153.017791632618,2583.6213499591413,1291.8106749795706,True,True,float16,138.94322697528855,18.863015411771777
1768628468.4719477,2,703.0,941,465,1406,synthetic-7B,32,4096,32,32000,1541.1567473013229,1849.3880967615873,924.6940483807937,False,True,float16,260.4585102526567,411.08913216720947
1768628468.4720054,2,457.5,828,87,915,synthetic-7B,32,4096,32,32000,840.1361794653033,1008.1634153583639,504.08170767918193,False,True,float16,285.6613751085123,360.95748948877304
1768628468.4720635,2,428.5,798,59,857,synthetic-7B,32,4096,32,32000,914.2305156939628,1097.0766188327555,548.5383094163777,False,True,float16,344.57349688184865,159.64474739704676
1768628468.472121,4,612.5,918,286,2450,synthetic-7B,32,4096,32,32000,1963.6575941633125,2356.3891129959748,1178.1945564979874,True,False,float16,397.1311383672583,54.592639325297434
1768628468.4721785,8,403.375,894,159,3227,synthetic-7B,32,4096,32,32000,3582.735860202332,4299.283032242798,2149.641516121399,False,True,float16,200.44076210688976,218.16392158973974
1768628468.472236,32,537.8125,987,58,17210,synthetic-7B,32,4096,32,32000,17590.613541615538,21108.736249938644,10554.368124969322,False,True,float16,442.5691345048081,436.2969468956095
1768628468.472294,2,217.0,316,118,434,synthetic-7B,32,4096,32,32000,488.0084416249196,585.6101299499035,292.80506497495173,False,True,float16,131.19185190781027,320.59696325186826
1768628468.472351,2,528.5,925,132,1057,synthetic-7B,32,4096,32,32000,805.9849807053577,967.1819768464292,483.5909884232146,True,False,float16,328.0856155203776,428.65366219926307
1768628468.4724073,32,507.0625,918,89,16226,synthetic-7B,32,4096,32,32000,17795.409398832515,21354.491278599016,10677.245639299508,False,True,float16,391.86557512939686,103.5832820815479
1768628468.4724646,32,543.78125,998,59,17401,synthetic-7B,32,4096,32,32000,16282.73150303166,19539.277803637993,9769.638901818997,True,True,float16,102.59556823840623,447.5546198948645
1768628468.4725258,32,525.15625,985,62,16805,synthetic-7B,32,4096,32,32000,13912.20133919484,16694.64160703381,8347.320803516905,False,True,float16,204.36005460525314,136.02333971482997
1768628468.472584,4,630.5,963,415,2522,synthetic-7B,32,4096,32,32000,2066.210861743598,2479.4530340923175,1239.7265170461587,True,True,float16,327.69566953910635,15.260625200897794
1768628468.4726415,4,561.75,951,321,2247,synthetic-7B,32,4096,32,32000,1938.226553368093,2325.8718640417114,1162.9359320208557,False,True,float16,108.43565805046542,222.19322320017065
1768628468.4727,8,634.125,956,160,5073,synthetic-7B,32,4096,32,32000,3480.915781878923,4177.098938254708,2088.549469127354,True,True,float16,452.9610174957743,392.64275010875104
1768628468.4727623,2,254.0,360,148,508,synthetic-7B,32,4096,32,32000,507.31300292541636,608.7756035104996,304.3878017552498,False,True,float16,275.43326785062084,116.89441011835073
1768628468.4728212,2,134.5,151,118,269,synthetic-7B,32,4096,32,32000,337.3962113053556,404.87545356642676,202.43772678321338,False,False,float16,484.20806108174395,220.83346018190048
1768628468.472879,4,696.5,894,475,2786,synthetic-7B,32,4096,32,32000,2780.404916320267,3336.4858995843206,1668.2429497921603,False,True,float16,300.42349449283404,169.02308900767454
1768628468.4729364,8,484.625,894,129,3877,synthetic-7B,32,4096,32,32000,3800.726626225074,4560.871951470089,2280.4359757350444,False,True,float16,309.4175841289434,378.569042034155
1768628468.4730177,16,644.8125,992,147,10317,synthetic-7B,32,4096,32,32000,10037.088612725485,12044.506335270582,6022.253167635291,False,False,float16,278.81754596896656,212.21458819091242
1768628468.4730759,2,720.0,789,651,1440,synthetic-7B,32,4096,32,32000,1963.1873242740987,2355.8247891289184,1177.9123945644592,False,False,float16,309.2479046001108,235.05282945815762
1768628468.473134,1,342.0,342,342,342,synthetic-7B,32,4096,32,32000,383.34729695411744,460.0167563449409,230.00837817247046,False,False,float16,324.24799927467234,349.10579810823896
1768628468.473192,8,624.375,976,395,4995,synthetic-7B,32,4096,32,32000,3184.722965869807,3821.667559043768,1910.833779521884,True,True,float16,218.28352345673198,17.023951552180172
1768628468.4732528,32,570.5625,991,70,18258,synthetic-7B,32,4096,32,32000,15381.87089428123,18458.245073137474,9229.122536568737,True,False,float16,496.4828547771282,323.9108593576758
1768628468.4733114,16,426.0,810,67,6816,synthetic-7B,32,4096,32,32000,6355.570844057843,7626.685012869411,3813.3425064347057,False,True,float16,215.5146955596312,331.8788346863034
1768628468.4733698,16,546.8125,961,106,8749,synthetic-7B,32,4096,32,32000,7597.972767475614,9117.567320970737,4558.783660485368,True,False,float16,261.0731370937756,475.14997539316175
1768628468.4734273,1,79.0,79,79,79,synthetic-7B,32,4096,32,32000,98.90242567985942,118.68291081583129,59.341455407915646,False,False,float16,195.33312893107853,350.6476929723872
1768628468.4734852,32,525.15625,973,58,16805,synthetic-7B,32,4096,32,32000,13405.191416304577,16086.22969956549,8043.114849782745,True,True,float16,431.1882854299256,70.3389229077495
1768628468.4735434,32,551.40625,933,90,17645,synthetic-7B,32,4096,32,32000,13433.811007264794,16120.573208717753,8060.2866043588765,True,True,float16,247.00835140494996,20.96498421056928
1768628468.473601,8,406.5,843,215,3252,synthetic-7B,32,4096,32,32000,3471.7006105516175,4166.040732661941,2083.0203663309703,False,True,float16,444.4773115523248,65.8325566293808
1768628468.4736586,2,801.5,911,692,1603,synthetic-7B,32,4096,32,32000,1714.266954227232,2057.1203450726784,1028.5601725363392,False,False,float16,332.70270009151875,76.8561605776891
1768628468.473716,2,73.0,88,58,146,synthetic-7B,32,4096,32,32000,112.25734659390953,134.70881591269142,67.35440795634571,True,True,float16,176.4847031361254,381.3698375589549
1768628468.4737737,2,516.5,704,329,1033,synthetic-7B,32,4096,32,32000,718.1919864777748,861.8303837733297,430.91519188666484,True,True,float16,260.1325372150628,203.04496523593107
1768628468.4738312,4,546.0,824,73,2184,synthetic-7B,32,4096,32,32000,1992.3579829294467,2390.829579515336,1195.414789757668,True,True,float16,129.39246498113766,415.92882973142076
1768628468.4738894,32,608.0,983,74,19456,synthetic-7B,32,4096,32,32000,10200.679173921617,12240.81500870594,6120.40750435297,True,True,float16,363.08696739759904,396.70670353830945
1768628468.4739466,16,531.8125,988,116,8509,synthetic-7B,32,4096,32,32000,9982.257403964772,11978.708884757725,5989.354442378863,False,True,float16,172.01960308426402,119.99278185052411
1768628468.4740245,32,567.25,990,72,18152,synthetic-7B,32,4096,32,32000,13551.088684054022,16261.306420864827,8130.653210432413,True,True,float16,301.7701992239374,116.06920213222335
1768628468.4740868,2,489.0,871,107,978,synthetic-7B,32,4096,32,32000,1046.4309362038423,1255.7171234446107,627.8585617223054,False,False,float16,366.8875376130921,276.0615668304681
1768628468.474145,8,488.0,880,94,3904,synthetic-7B,32,4096,32,32000,3114.699972729866,3737.6399672758394,1868.8199836379197,True,True,float16,339.5964698466795,75.16594904499934
1768628468.4742022,2,532.0,847,217,1064,synthetic-7B,32,4096,32,32000,1125.006627929017,1350.0079535148204,675.0039767574102,False,True,float16,366.2581156087762,377.3741953264135
1768628468.4742608,1,752.0,752,752,752,synthetic-7B,32,4096,32,32000,743.7414395805857,892.4897274967028,446.2448637483514,False,False,float16,306.31203235623775,482.70947582059586
1768628468.4743195,32,506.625,955,67,16212,synthetic-7B,32,4096,32,32000,19986.209681002736,23983.45161720328,11991.72580860164,False,True,float16,126.17697696530121,166.2491465851486
1768628468.4743772,32,628.78125,995,63,20121,synthetic-7B,32,4096,32,32000,18215.621214942497,21858.745457930996,10929.372728965498,False,True,float16,313.6030270500162,361.2364401766669
1768628468.4744358,32,523.125,982,91,16740,synthetic-7B,32,4096,32,32000,18992.365267725516,22790.838321270618,11395.419160635309,False,True,float16,185.82169768897046,448.9918786727578
1768628468.474499,8,477.875,944,50,3823,synthetic-7B,32,4096,32,32000,3816.8094898149884,4580.171387777986,2290.085693888993,False,True,float16,257.9120745168052,94.4877083143683
1768628468.4745579,8,447.875,847,102,3583,synthetic-7B,32,4096,32,32000,2539.720145394098,3047.6641744729172,1523.8320872364586,True,True,float16,282.50586104236584,151.534649144528
1768628468.4746156,32,469.34375,967,51,15019,synthetic-7B,32,4096,32,32000,16321.464375104864,19585.757250125836,9792.878625062918,False,True,float16,435.3103329211562,227.58251245392194
1768628468.4746747,32,553.3125,941,158,17706,synthetic-7B,32,4096,32,32000,19122.87769992702,22947.453239912422,11473.726619956211,False,True,float16,165.61846552243415,65.06606275285625
1768628468.4747334,8,488.875,941,54,3911,synthetic-7B,32,4096,32,32000,4182.906324800942,5019.48758976113,2509.743794880565,False,False,float16,296.18366866002884,133.7692143869605
1768628468.4748366,16,447.1875,944,79,7155,synthetic-7B,32,4096,32,32000,6415.954256964419,7699.145108357303,3849.5725541786514,False,True,float16,390.6375539831373,394.68194547559517
1768628468.4748986,8,533.25,990,93,4266,synthetic-7B,32,4096,32,32000,3327.1524629784326,3992.582955574119,1996.2914777870594,True,False,float16,342.4953823030624,135.83911432363936
1768628468.4749575,16,429.9375,893,51,6879,synthetic-7B,32,4096,32,32000,7670.066975904821,9204.080371085785,4602.040185542893,False,True,float16,210.92750749222998,442.9051276606908
1768628468.4750156,8,619.625,968,117,4957,synthetic-7B,32,4096,32,32000,4464.787175431232,5357.744610517478,2678.872305258739,False,False,float16,475.1624426456047,211.54174579387097
1768628468.4750743,32,524.40625,982,61,16781,synthetic-7B,32,4096,32,32000,12730.100881547685,15276.12105785722,7638.06052892861,True,True,float16,410.8509567977096,83.17161466479632
1768628468.4751334,1,62.0,62,62,62,synthetic-7B,32,4096,32,32000,68.11882845758225,81.74259414909871,40.871297074549354,False,True,float16,338.0378932880659,342.6769065022265
1768628468.4751902,8,374.375,796,65,2995,synthetic-7B,32,4096,32,32000,2273.177451471968,2727.8129417663617,1363.9064708831809,True,True,float16,342.88813728171465,241.55178254323658
1768628468.4752486,32,543.625,977,86,17396,synthetic-7B,32,4096,32,32000,17740.438758168668,21288.5265098024,10644.2632549012,False,True,float16,160.59528241773128,321.40585168019504
1768628468.4753063,4,422.75,731,190,1691,synthetic-7B,32,4096,32,32000,1941.021424929268,2329.2257099151216,1164.6128549575608,False,True,float16,475.95111242510933,234.4633916706953
1768628468.4753647,4,637.75,823,391,2551,synthetic-7B,32,4096,32,32000,2316.0266805781994,2779.2320166938393,1389.6160083469197,True,False,float16,251.86304784367852,206.0227738447699
1768628468.4754224,16,488.375,947,181,7814,synthetic-7B,32,4096,32,32000,7457.494229847948,8948.993075817538,4474.496537908769,False,True,float16,345.20580994515615,377.3237833411902
1768628468.4754803,1,471.0,471,471,471,synthetic-7B,32,4096,32,32000,418.3157298928,501.97887587135995,250.98943793567997,False,True,float16,375.5099330258421,31.1366531769377
1768628468.4755433,1,276.0,276,276,276,synthetic-7B,32,4096,32,32000,245.64704945836448,294.7764593500374,147.3882296750187,False,True,float16,133.0437559163309,97.97849835370896
1768628468.4756017,8,644.5,988,96,5156,synthetic-7B,32,4096,32,32000,5128.291637397225,6153.94996487667,3076.974982438335,False,True,float16,456.70461075892865,431.4803750679985
1768628468.4756587,1,457.0,457,457,457,synthetic-7B,32,4096,32,32000,305.0607393767808,366.072887252137,183.0364436260685,True,True,float16,246.62952655504168,309.2598806797652
1768628468.4757164,1,78.0,78,78,78,synthetic-7B,32,4096,32,32000,66.30769277071522,79.56923132485826,39.78461566242913,True,False,float16,190.45646232171714,263.83170343629934
1768628468.475773,4,466.0,739,316,1864,synthetic-7B,32,4096,32,32000,1734.1050318017606,2080.9260381621125,1040.4630190810562,False,True,float16,234.8043352089417,35.351573865494366
1768628468.4758315,16,480.25,942,111,7684,synthetic-7B,32,4096,32,32000,7965.243867615059,9558.29264113807,4779.146320569035,False,True,float16,285.02539062342635,142.76374823964375
1768628468.4758892,1,490.0,490,490,490,synthetic-7B,32,4096,32,32000,501.593777522449,601.9125330269387,300.95626651346936,False,True,float16,208.8617974938789,28.761406454589682
1768628468.4759457,8,666.5,986,108,5332,synthetic-7B,32,4096,32,32000,5775.4449466627475,6930.533935995297,3465.2669679976484,False,True,float16,198.8382475618413,271.4894170433436
1768628468.476004,2,322.0,580,64,644,synthetic-7B,32,4096,32,32000,768.8715708683054,922.6458850419665,461.32294252098325,False,True,float16,490.1799339583433,153.21181606082587
1768628468.4760604,2,507.0,730,284,1014,synthetic-7B,32,4096,32,32000,1089.3482080739993,1307.217849688799,653.6089248443996,False,False,float16,156.5345150894273,100.24098244895869
1768628468.4761183,4,757.75,962,487,3031,synthetic-7B,32,4096,32,32000,2714.1283190955282,3256.953982914634,1628.476991457317,False,True,float16,343.55989326060603,387.7373941114264
1768628468.4761753,16,648.875,985,159,10382,synthetic-7B,32,4096,32,32000,13032.529270022216,15639.03512402666,7819.51756201333,False,True,float16,130.71737357031049,194.155311559168
1768628468.4762328,2,371.5,399,344,743,synthetic-7B,32,4096,32,32000,713.6545182803292,856.385421936395,428.1927109681975,False,True,float16,295.2255411913301,95.3716299330936
1768628468.4762955,32,533.3125,955,63,17066,synthetic-7B,32,4096,32,32000,15565.778640953118,18678.934369143743,9339.467184571871,False,True,float16,320.7161892399531,143.76172078444958
1768628468.4763527,1,489.0,489,489,489,synthetic-7B,32,4096,32,32000,449.42176011436123,539.3061121372334,269.6530560686167,False,True,float16,352.06839240851355,30.03140966014822
1768628468.4764106,16,560.0,922,91,8960,synthetic-7B,32,4096,32,32000,9750.966245386138,11701.159494463365,5850.579747231683,False,False,float16,195.93892494037635,48.74396148780474
1768628468.4764671,4,442.25,884,71,1769,synthetic-7B,32,4096,32,32000,1482.6889784727312,1779.2267741672774,889.6133870836387,False,True,float16,435.5601735434533,155.79389701963873
1768628468.4765248,4,219.0,335,116,876,synthetic-7B,32,4096,32,32000,696.9926389049726,836.3911666859672,418.1955833429836,True,True,float16,205.3054044866314,68.1984379062405
1768628468.4765823,1,151.0,151,151,151,synthetic-7B,32,4096,32,32000,155.91614842141524,187.0993781056983,93.54968905284915,False,True,float16,273.2289463927974,313.522798344351
1768628468.4766402,1,573.0,573,573,573,synthetic-7B,32,4096,32,32000,594.0520210318406,712.8624252382086,356.4312126191043,False,True,float16,330.8011780566489,87.06527012654689
1768628468.4766984,1,966.0,966,966,966,synthetic-7B,32,4096,32,32000,628.4141229350287,754.0969475220344,377.0484737610172,False,False,float16,474.2331384448947,460.07433013027736
1768628468.476755,2,448.0,719,177,896,synthetic-7B,32,4096,32,32000,771.507181801672,925.8086181620064,462.9043090810032,False,True,float16,298.04064375013854,487.20584216078754
1768628468.4768126,32,513.875,980,83,16444,synthetic-7B,32,4096,32,32000,16059.290463718255,19271.148556461903,9635.574278230952,False,True,float16,423.9278570481879,169.02700995307586
1768628468.4768736,32,498.5,963,54,15952,synthetic-7B,32,4096,32,32000,12417.383723922598,14900.860468707117,7450.430234353558,True,True,float16,475.1551573331271,185.2036559001177
1768628468.476932,8,467.125,803,303,3737,synthetic-7B,32,4096,32,32000,3512.005171738694,4214.406206086433,2107.2031030432163,False,True,float16,160.28985353843063,332.2507427439026
1768628468.4770157,8,536.0,808,79,4288,synthetic-7B,32,4096,32,32000,4029.4527511105744,4835.343301332689,2417.6716506663447,False,False,float16,378.2544443087079,263.4126647210885
1768628468.4770758,32,593.625,995,118,18996,synthetic-7B,32,4096,32,32000,16042.276212942788,19250.731455531346,9625.365727765673,True,True,float16,237.4167511938825,258.98105091868524
1768628468.4771347,8,531.125,790,251,4249,synthetic-7B,32,4096,32,32000,3728.992300775141,4474.790760930169,2237.3953804650846,False,False,float16,116.227593435804,22.17445928867228
1768628468.4771926,1,244.0,244,244,244,synthetic-7B,32,4096,32,32000,176.68135506989532,212.01762608387438,106.00881304193719,True,True,float16,145.2692875760547,465.39906852117855
1768628468.4772506,2,402.5,560,245,805,synthetic-7B,32,4096,32,32000,866.5609609212167,1039.87315310546,519.93657655273,False,True,float16,105.48786285989542,224.94788209313083
1768628468.4773092,8,616.75,933,253,4934,synthetic-7B,32,4096,32,32000,4986.253713842241,5983.504456610689,2991.7522283053445,False,False,float16,406.52578952035435,156.18063485703857
1768628468.477367,8,610.125,863,207,4881,synthetic-7B,32,4096,32,32000,3647.19515334421,4376.634184013052,2188.317092006526,True,True,float16,171.25852986739835,48.360199141587294
1768628468.477425,32,561.84375,986,57,17979,synthetic-7B,32,4096,32,32000,17013.363667899615,20416.036401479538,10208.018200739769,False,True,float16,387.48253964756714,36.377188948988085
1768628468.477483,16,469.375,976,56,7510,synthetic-7B,32,4096,32,32000,7260.2659711721935,8712.319165406632,4356.159582703316,False,True,float16,372.4794368507747,153.00183310293858
1768628468.4775417,32,532.21875,914,50,17031,synthetic-7B,32,4096,32,32000,15293.601167698533,18352.321401238238,9176.160700619119,False,True,float16,122.6698391755332,28.25434378347633
1768628468.4776,32,471.71875,960,86,15095,synthetic-7B,32,4096,32,32000,12960.114240888865,15552.137089066637,7776.068544533318,True,True,float16,153.96605162544338,69.73152674692162
1768628468.477657,2,643.0,911,375,1286,synthetic-7B,32,4096,32,32000,1057.7392765481836,1269.2871318578202,634.6435659289101,False,False,float16,306.884613885779,487.1219759820764
1768628468.4777133,2,168.0,171,165,336,synthetic-7B,32,4096,32,32000,259.7866455084142,311.74397461009704,155.87198730504852,True,True,float16,488.8360498368116,105.26328175835376
1768628468.4777753,2,534.5,620,449,1069,synthetic-7B,32,4096,32,32000,790.8147500830663,948.9777000996795,474.48885004983975,True,False,float16,247.9704847480547,480.7976632462616
1768628468.4778354,4,472.75,765,281,1891,synthetic-7B,32,4096,32,32000,1460.068113414353,1752.0817360972237,876.0408680486119,True,False,float16,383.61272879610596,222.79694634883822
1768628468.4778953,8,721.0,994,272,5768,synthetic-7B,32,4096,32,32000,5123.772352107997,6148.526822529596,3074.263411264798,False,True,float16,401.5554839535129,304.0992614954674
1768628468.4779527,4,642.0,976,184,2568,synthetic-7B,32,4096,32,32000,2142.7788465755284,2571.334615890634,1285.667307945317,True,False,float16,361.8160948581424,413.0261155269732
1768628468.478035,2,487.0,622,352,974,synthetic-7B,32,4096,32,32000,1057.2555487462223,1268.7066584954666,634.3533292477333,False,True,float16,186.03473332929929,164.2208528264579
1768628468.4780943,8,540.0,991,64,4320,synthetic-7B,32,4096,32,32000,5248.320869024482,6297.9850428293785,3148.9925214146892,False,True,float16,182.5420868099356,372.8306742228258
1768628468.4781532,2,703.0,719,687,1406,synthetic-7B,32,4096,32,32000,1492.0038975050084,1790.40467700601,895.202338503005,False,True,float16,434.2808602062618,286.13726171874276
1768628468.4782119,16,616.3125,982,64,9861,synthetic-7B,32,4096,32,32000,10799.787488679103,12959.744986414924,6479.872493207462,False,False,float16,141.24630540504813,255.0640746253464
1768628468.4782763,4,351.75,771,155,1407,synthetic-7B,32,4096,32,32000,1452.0873922304233,1742.504870676508,871.252435338254,False,True,float16,337.34580658454865,304.56621285142364
1768628468.478335,32,613.96875,977,103,19647,synthetic-7B,32,4096,32,32000,19955.7489279093,23946.89871349116,11973.44935674558,False,True,float16,404.8907177856418,62.93050141188319
1768628468.4783938,8,560.5,904,133,4484,synthetic-7B,32,4096,32,32000,3574.146401461558,4288.975681753869,2144.4878408769346,True,True,float16,119.78988414472775,174.68677888949762
1768628468.478451,1,645.0,645,645,645,synthetic-7B,32,4096,32,32000,577.6649688781779,693.1979626538134,346.5989813269067,False,True,float16,418.24820002873884,227.08745615683947
1768628468.4785159,4,446.0,666,220,1784,synthetic-7B,32,4096,32,32000,1257.438226940506,1508.925872328607,754.4629361643035,True,True,float16,257.15595068275974,318.9335459500303
1768628468.4785764,1,175.0,175,175,175,synthetic-7B,32,4096,32,32000,183.29367353029266,219.9524082363512,109.9762041181756,False,True,float16,273.6071482550971,87.82578425898583
1768628468.4786346,32,527.1875,893,69,16870,synthetic-7B,32,4096,32,32000,16511.901666033304,19814.281999239964,9907.140999619982,False,True,float16,160.26389796885584,345.57493555574075
1768628468.4786909,2,258.0,378,138,516,synthetic-7B,32,4096,32,32000,534.7472373600364,641.6966848320436,320.8483424160218,False,True,float16,364.6993972892382,160.45605234429465
1768628468.4787493,16,531.5,941,87,8504,synthetic-7B,32,4096,32,32000,8906.74493981924,10688.093927783088,5344.046963891544,False,True,float16,233.62043561460956,67.3451812287981
1768628468.478808,2,311.0,539,83,622,synthetic-7B,32,4096,32,32000,635.9213448809916,763.1056138571898,381.5528069285949,False,True,float16,319.6953019726611,231.57678727468715
1768628468.4788654,16,553.375,939,73,8854,synthetic-7B,32,4096,32,32000,8882.217543743587,10658.661052492303,5329.330526246152,False,True,float16,142.9143734393433,57.14356426321329
1768628468.4789233,4,739.5,984,365,2958,synthetic-7B,32,4096,32,32000,2071.7566302725804,2486.1079563270964,1243.0539781635482,True,True,float16,286.4252622920561,218.87014184919545
1768628468.4789808,16,545.0625,902,152,8721,synthetic-7B,32,4096,32,32000,9450.286820402727,11340.344184483272,5670.172092241636,False,True,float16,175.40246658481942,342.41637966517004
1768628468.4790387,32,469.6875,939,57,15030,synthetic-7B,32,4096,32,32000,14964.617621747573,17957.541146097086,8978.770573048543,False,True,float16,144.90842738790707,114.52336581262236
1768628468.4790964,16,439.6875,878,94,7035,synthetic-7B,32,4096,32,32000,7046.209133287858,8455.450959945429,4227.725479972714,False,True,float16,464.0816664539333,470.111581244659
1768628468.4791536,8,563.25,995,131,4506,synthetic-7B,32,4096,32,32000,4696.7532440570785,5636.103892868494,2818.051946434247,False,False,float16,103.77247314996919,361.02000708038156
1768628468.4792128,8,552.375,957,89,4419,synthetic-7B,32,4096,32,32000,4965.306537367207,5958.367844840648,2979.183922420324,False,True,float16,454.40940375242695,215.71398192669395
1768628468.4792745,8,333.0,924,139,2664,synthetic-7B,32,4096,32,32000,2840.787137595325,3408.94456511439,1704.472282557195,False,False,float16,395.27322521180486,380.6681969191339
1768628468.4793327,1,572.0,572,572,572,synthetic-7B,32,4096,32,32000,615.74193298779,738.890319585348,369.445159792674,False,True,float16,336.0170066596069,85.5789747701186
1768628468.4793904,16,654.3125,993,66,10469,synthetic-7B,32,4096,32,32000,10107.804244282472,12129.365093138966,6064.682546569483,False,True,float16,423.7861927338221,333.9117281233734
1768628468.479448,2,550.0,877,223,1100,synthetic-7B,32,4096,32,32000,1117.2630799736808,1340.7156959684169,670.3578479842084,False,False,float16,352.2879411169039,22.345856621189636
1768628468.4795072,1,226.0,226,226,226,synthetic-7B,32,4096,32,32000,238.58649414875617,286.3037929785074,143.1518964892537,False,True,float16,445.75014438614465,15.349155976934387
1768628468.4795687,1,484.0,484,484,484,synthetic-7B,32,4096,32,32000,467.82695082520695,561.3923409902483,280.69617049512414,False,True,float16,144.28097738045335,30.006253103189874
1768628468.4796262,1,236.0,236,236,236,synthetic-7B,32,4096,32,32000,245.7601660072921,294.9121992087505,147.45609960437525,False,True,float16,299.28065729750006,112.12385622002094
1768628468.4796858,32,519.84375,973,51,16635,synthetic-7B,32,4096,32,32000,16794.24695890391,20153.096350684693,10076.548175342346,False,False,float16,112.35464101339888,338.59146628900476
1768628468.4797432,4,597.75,972,54,2391,synthetic-7B,32,4096,32,32000,2606.39030676247,3127.668368114964,1563.834184057482,False,True,float16,455.870758465164,193.35442452265144
1768628468.479802,16,592.9375,985,163,9487,synthetic-7B,32,4096,32,32000,8843.11732173594,10611.740786083126,5305.870393041563,True,True,float16,486.7828908605358,33.79279166117086
1768628468.4798598,2,497.5,626,369,995,synthetic-7B,32,4096,32,32000,1128.7943392980517,1354.553207157662,677.276603578831,False,True,float16,454.37938727394294,412.48129720639355
1768628468.479918,1,330.0,330,330,330,synthetic-7B,32,4096,32,32000,318.9489352405896,382.7387222887075,191.36936114435375,False,True,float16,426.0894829365528,308.12845482852345
1768628468.4799762,2,525.5,797,254,1051,synthetic-7B,32,4096,32,32000,1191.134693586791,1429.361632304149,714.6808161520745,False,False,float16,163.54047675412346,210.85097529287282
1768628468.4800375,8,549.5,928,337,4396,synthetic-7B,32,4096,32,32000,4855.921483440633,5827.10578012876,2913.55289006438,False,True,float16,256.7148481859897,239.5252162144179
1768628468.4800973,16,548.8125,975,83,8781,synthetic-7B,32,4096,32,32000,8450.627935087687,10140.753522105224,5070.376761052612,False,True,float16,228.03226631420966,279.20683899453417
1768628468.4801557,2,394.0,689,99,788,synthetic-7B,32,4096,32,32000,632.2734941746562,758.7281930095875,379.36409650479374,True,True,float16,307.4467240134836,198.64276116613598
1768628468.4802127,4,322.0,498,96,1288,synthetic-7B,32,4096,32,32000,1273.937241448744,1528.7246897384928,764.3623448692464,False,False,float16,402.3224272756061,229.61380309828448
1768628468.4802704,1,427.0,427,427,427,synthetic-7B,32,4096,32,32000,506.2960254583976,607.5552305500771,303.77761527503856,False,True,float16,407.1580296883674,425.55705224206866
1768628468.4803314,8,307.25,736,67,2458,synthetic-7B,32,4096,32,32000,2982.550363578955,3579.060436294746,1789.530218147373,False,True,float16,350.02138212387086,480.3685135333146
1768628468.480391,4,481.25,670,212,1925,synthetic-7B,32,4096,32,32000,1497.6652286822034,1797.1982744186441,898.5991372093221,True,False,float16,363.9884659026443,496.5086901342552
1768628468.4804513,16,571.25,982,139,9140,synthetic-7B,32,4096,32,32000,9696.902431715833,11636.282918059,5818.1414590295,False,True,float16,314.9510927735819,298.9629081198326
1768628468.4805095,16,369.6875,897,56,5915,synthetic-7B,32,4096,32,32000,4939.06443126208,5926.877317514495,2963.4386587572476,True,True,float16,465.7191208733778,247.85586000700286
1768628468.4805677,4,473.0,917,145,1892,synthetic-7B,32,4096,32,32000,2245.8836377618845,2695.060365314261,1347.5301826571306,False,True,float16,373.7898822860782,256.0519338434742
1768628468.4806256,16,464.875,836,81,7438,synthetic-7B,32,4096,32,32000,4944.809857416611,5933.771828899932,2966.885914449966,True,True,float16,121.28170504351243,430.4094144230983
1768628468.4806845,4,405.75,620,248,1623,synthetic-7B,32,4096,32,32000,1581.4215392114072,1897.7058470536886,948.8529235268443,False,True,float16,493.49119966223014,262.92170074721014
1768628468.480747,4,486.5,735,185,1946,synthetic-7B,32,4096,32,32000,1550.6027577360578,1860.7233092832694,930.3616546416347,True,True,float16,295.2881088341006,460.17260597421233
1768628468.480806,1,676.0,676,676,676,synthetic-7B,32,4096,32,32000,729.1182812260749,874.9419374712899,437.47096873564493,False,True,float16,438.6973463442105,423.24456925407105
1768628468.4808638,8,540.25,951,51,4322,synthetic-7B,32,4096,32,32000,4127.3744001629075,4952.849280195489,2476.4246400977445,False,False,float16,322.14550270472944,351.9197407143817
1768628468.4809213,32,580.65625,995,132,18581,synthetic-7B,32,4096,32,32000,18674.026255872588,22408.831507047104,11204.415753523552,False,True,float16,396.4080900879299,419.92579355524185
1768628468.4810007,2,419.5,516,323,839,synthetic-7B,32,4096,32,32000,891.0335057801749,1069.24020693621,534.620103468105,False,True,float16,272.3719207280697,409.85033161960547
1768628468.4810605,32,520.875,983,70,16668,synthetic-7B,32,4096,32,32000,13507.99233838755,16209.59080606506,8104.79540303253,True,False,float16,243.46095253207008,111.82174251578722
1768628468.4811196,1,306.0,306,306,306,synthetic-7B,32,4096,32,32000,311.0824654749644,373.2989585699573,186.64947928497864,False,True,float16,142.01559316673928,195.36494186276602
1768628468.4811769,8,490.875,932,96,3927,synthetic-7B,32,4096,32,32000,3850.779103065735,4620.934923678882,2310.467461839441,False,True,float16,427.904967969354,250.72551619258243
1768628468.4812348,8,499.875,827,296,3999,synthetic-7B,32,4096,32,32000,5161.48137524282,6193.777650291384,3096.888825145692,False,True,float16,442.4809993648867,374.995331840665
1768628468.481292,32,529.84375,889,84,16955,synthetic-7B,32,4096,32,32000,17051.675907018503,20462.011088422205,10231.005544211102,False,True,float16,351.6666666459414,319.4489879865445
1768628468.4813502,16,426.875,992,83,6830,synthetic-7B,32,4096,32,32000,7684.170952880442,9221.00514345653,4610.502571728265,False,True,float16,254.34023199601876,356.22508551936073
1768628468.481408,1,498.0,498,498,498,synthetic-7B,32,4096,32,32000,466.0077640879486,559.2093169055383,279.6046584527692,False,False,float16,221.2982020083738,447.971892142406
1768628468.4814663,32,451.0,797,78,14432,synthetic-7B,32,4096,32,32000,16380.237846193097,19656.285415431714,9828.142707715857,False,False,float16,150.9340979883294,211.67800779755345
1768628468.4815285,32,468.5625,990,53,14994,synthetic-7B,32,4096,32,32000,14510.220831189943,17412.26499742793,8706.132498713965,False,True,float16,235.0310477597166,53.25002809106747
1768628468.4815867,4,709.75,856,572,2839,synthetic-7B,32,4096,32,32000,2730.643628484739,3276.7723541816868,1638.3861770908434,False,True,float16,393.5006280953134,339.9200636726471
1768628468.4816449,1,950.0,950,950,950,synthetic-7B,32,4096,32,32000,777.2945165481677,932.7534198578012,466.3767099289006,True,True,float16,321.208981006382,413.7686015829258
1768628468.481704,2,247.5,339,156,495,synthetic-7B,32,4096,32,32000,557.3413895240458,668.8096674288549,334.40483371442747,False,True,float16,136.46723559003476,298.9886162389172
1768628468.4817626,16,604.1875,924,107,9667,synthetic-7B,32,4096,32,32000,7821.864404091649,9386.237284909977,4693.118642454989,False,False,float16,255.1171685837029,288.87642162044204
1768628468.48182,8,536.375,988,159,4291,synthetic-7B,32,4096,32,32000,4001.434834725853,4801.721801671023,2400.8609008355115,False,True,float16,338.34674942072763,462.2477070248701
1768628468.4818785,8,661.125,998,253,5289,synthetic-7B,32,4096,32,32000,3995.246605611077,4794.295926733293,2397.1479633666463,True,False,float16,426.568107507736,260.61857502124946
1768628468.4819365,1,200.0,200,200,200,synthetic-7B,32,4096,32,32000,190.63284401180698,228.75941281416837,114.37970640708419,False,False,float16,272.4915667633602,332.2592259200078
1768628468.4820063,8,441.25,805,65,3530,synthetic-7B,32,4096,32,32000,3025.9703556933446,3631.1644268320133,1815.5822134160067,False,True,float16,190.6741213700863,238.91184415269578
1768628468.48207,8,427.0,857,53,3416,synthetic-7B,32,4096,32,32000,3032.424647040595,3638.9095764487142,1819.4547882243571,False,True,float16,153.46598366656116,440.0254725990037
1768628468.4821277,8,565.75,917,203,4526,synthetic-7B,32,4096,32,32000,3545.2737105365854,4254.328452643902,2127.164226321951,False,True,float16,127.3852983511349,443.39403244451086
1768628468.4821854,4,505.5,889,124,2022,synthetic-7B,32,4096,32,32000,1544.9195245061505,1853.9034294073806,926.9517147036903,True,True,float16,407.99210113938966,141.73482875021955
1768628468.4822433,2,119.0,150,88,238,synthetic-7B,32,4096,32,32000,246.6070681127185,295.9284817352622,147.9642408676311,False,True,float16,480.98440979647177,423.05340903482715
1768628468.4823053,2,657.5,878,437,1315,synthetic-7B,32,4096,32,32000,972.7845359727169,1167.3414431672602,583.6707215836301,True,True,float16,388.495298150811,201.46890301658598
1768628468.4823666,4,447.0,740,296,1788,synthetic-7B,32,4096,32,32000,1402.224279135737,1682.6691349628845,841.3345674814423,True,True,float16,492.34746632950345,49.40207710961124
1768628468.4824247,8,655.625,882,276,5245,synthetic-7B,32,4096,32,32000,5091.221330574459,6109.465596689351,3054.7327983446753,False,False,float16,323.30078471651836,226.1156358323691
1768628468.482483,2,425.5,429,422,851,synthetic-7B,32,4096,32,32000,818.0984777380564,981.7181732856677,490.85908664283386,False,False,float16,185.61777737205324,196.4997754023282
1768628468.4825385,4,847.25,958,781,3389,synthetic-7B,32,4096,32,32000,2171.8683699943404,2606.2420439932084,1303.1210219966042,True,True,float16,381.1921055378279,358.4386309035089
1768628468.482596,32,476.65625,991,52,15253,synthetic-7B,32,4096,32,32000,18038.551858376042,21646.26223005125,10823.131115025624,False,True,float16,284.90626947128965,357.30494088001774
1768628468.4826581,8,495.5,927,73,3964,synthetic-7B,32,4096,32,32000,3186.8868146095147,3824.2641775314173,1912.1320887657087,True,True,float16,332.8318637816171,328.3886975926151
1768628468.4827158,32,528.125,986,52,16900,synthetic-7B,32,4096,32,32000,13996.181985525987,16795.418382631186,8397.709191315593,True,False,float16,302.78851216486055,90.49376831517208
1768628468.4827745,2,199.0,214,184,398,synthetic-7B,32,4096,32,32000,348.9742642365564,418.7691170838677,209.38455854193384,False,True,float16,101.83988042798688,474.37618862618854
1768628468.4828327,8,409.0,692,117,3272,synthetic-7B,32,4096,32,32000,3688.316794338684,4425.98015320642,2212.99007660321,False,True,float16,315.92045045488857,146.02884772091173
1768628468.482892,4,575.0,837,63,2300,synthetic-7B,32,4096,32,32000,1730.5651379180708,2076.678165501685,1038.3390827508424,True,False,float16,160.22649404766827,232.65527959825187
1768628468.4829502,32,523.59375,985,56,16755,synthetic-7B,32,4096,32,32000,16752.383690014627,20102.860428017553,10051.430214008777,False,False,float16,233.86405210781538,465.22476722202094
1768628468.4830127,4,355.75,756,94,1423,synthetic-7B,32,4096,32,32000,894.9683710440058,1073.962045252807,536.9810226264035,True,True,float16,198.41664485704777,490.42137961542727
1768628468.4830716,2,163.5,219,108,327,synthetic-7B,32,4096,32,32000,309.96329610611923,371.9559553273431,185.97797766367154,False,True,float16,300.0946400621831,210.6148997742288
1768628468.4831285,2,652.0,930,374,1304,synthetic-7B,32,4096,32,32000,1078.0724587084028,1293.6869504500833,646.8434752250416,False,True,float16,398.0862403338392,60.05886742931506
1768628468.4831862,1,480.0,480,480,480,synthetic-7B,32,4096,32,32000,509.78220032585307,611.7386403910236,305.8693201955118,False,True,float16,356.85465298329666,310.08850544695196
1768628468.4832442,32,607.5625,997,85,19442,synthetic-7B,32,4096,32,32000,13706.457398676786,16447.74887841214,8223.87443920607,True,True,float16,237.8046213753645,36.199249253658834
1768628468.4833028,4,522.25,772,190,2089,synthetic-7B,32,4096,32,32000,1657.193683270217,1988.6324199242604,994.3162099621302,True,True,float16,382.71134510893444,229.40620451123417
1768628468.483361,8,590.75,950,198,4726,synthetic-7B,32,4096,32,32000,4567.412649352107,5480.895179222528,2740.447589611264,False,False,float16,156.5911279332803,351.995722293697
1768628468.4834197,1,483.0,483,483,483,synthetic-7B,32,4096,32,32000,442.6832345587444,531.2198814704933,265.60994073524665,True,True,float16,149.8496147446272,351.3575867327718
1768628468.4834776,4,530.75,878,99,2123,synthetic-7B,32,4096,32,32000,2129.0560928181635,2554.8673113817963,1277.4336556908981,False,True,float16,116.91076040812499,498.89488987683256
1768628468.4835339,1,571.0,571,571,571,synthetic-7B,32,4096,32,32000,634.1764334045952,761.0117200855142,380.5058600427571,False,True,float16,419.05766816696786,71.38056314081376
1768628468.4835908,32,509.09375,970,62,16291,synthetic-7B,32,4096,32,32000,12346.805739013404,14816.166886816083,7408.083443408042,True,True,float16,419.3068600219061,342.8917963127484
1768628468.4836493,16,566.25,968,158,9060,synthetic-7B,32,4096,32,32000,7595.030121202486,9114.036145442982,4557.018072721491,True,True,float16,218.1677593780883,312.64118461514806
1768628468.483713,32,571.75,991,69,18296,synthetic-7B,32,4096,32,32000,19740.040418808847,23688.048502570615,11844.024251285307,False,True,float16,269.90330194783996,160.29847738221076
1768628468.4837725,4,349.5,680,165,1398,synthetic-7B,32,4096,32,32000,1247.4439863633888,1496.9327836360665,748.4663918180332,False,True,float16,166.21407424603217,191.5814132070727
1768628468.4838307,16,558.3125,983,148,8933,synthetic-7B,32,4096,32,32000,9710.405544013463,11652.486652816156,5826.243326408078,False,False,float16,482.8626131006619,422.0231029774289
1768628468.4838884,2,695.0,807,583,1390,synthetic-7B,32,4096,32,32000,1437.414360623502,1724.8972327482024,862.4486163741012,False,False,float16,331.5858638349646,34.513935248940285
1768628468.4839451,2,844.5,895,794,1689,synthetic-7B,32,4096,32,32000,1421.0411160647536,1705.2493392777044,852.6246696388522,True,True,float16,427.96779749848406,361.5531686410578
1768628468.4840024,1,263.0,263,263,263,synthetic-7B,32,4096,32,32000,248.74043277299376,298.4885193275925,149.24425966379624,False,True,float16,212.66090392618878,114.79030093655618
1768628468.4840605,1,459.0,459,459,459,synthetic-7B,32,4096,32,32000,321.800047037892,386.1600564454704,193.0800282227352,True,True,float16,292.432187732448,447.4805004877648
1768628468.484119,16,505.8125,863,112,8093,synthetic-7B,32,4096,32,32000,6649.596274579504,7979.515529495405,3989.7577647477024,True,False,float16,423.2250565545765,302.42495331670415
1768628468.484177,32,567.25,998,75,18152,synthetic-7B,32,4096,32,32000,13723.567213017632,16468.280655621158,8234.140327810579,True,True,float16,498.745841238197,403.2019777388216
1768628468.4842353,2,685.5,913,458,1371,synthetic-7B,32,4096,32,32000,1479.6630262254027,1775.5956314704833,887.7978157352417,False,True,float16,301.9151200719497,277.1881873108885
1768628468.484294,32,554.9375,977,79,17758,synthetic-7B,32,4096,32,32000,15078.756611711993,18094.507934054393,9047.253967027196,True,True,float16,359.72521735863654,161.8644381087658
1768628468.4843516,32,466.84375,971,71,14939,synthetic-7B,32,4096,32,32000,12165.296678951743,14598.356014742092,7299.178007371046,True,True,float16,337.1679003943716,218.72804618842423
1768628468.4844093,8,482.25,903,107,3858,synthetic-7B,32,4096,32,32000,3240.8540733448035,3889.024888013764,1944.512444006882,True,True,float16,269.49345922006285,459.20914897063193
1768628468.4844701,32,577.65625,959,124,18485,synthetic-7B,32,4096,32,32000,13638.820415874747,16366.584499049695,8183.292249524848,True,True,float16,248.61887750932664,266.998675094426
1768628468.484528,1,751.0,751,751,751,synthetic-7B,32,4096,32,32000,736.3477956868425,883.6173548242109,441.80867741210545,False,False,float16,478.16087074990037,279.3918531966303
1768628468.4845855,1,837.0,837,837,837,synthetic-7B,32,4096,32,32000,849.0944752386996,1018.9133702864394,509.4566851432197,False,True,float16,476.57218606542625,114.28400069473919
1768628468.484642,2,647.0,765,529,1294,synthetic-7B,32,4096,32,32000,1308.0363674351383,1569.643640922166,784.821820461083,False,True,float16,382.1082812968725,29.013224721005745
1768628468.4846978,1,100.0,100,100,100,synthetic-7B,32,4096,32,32000,115.01759532022253,138.02111438426704,69.01055719213352,False,True,float16,298.70243382549774,10.77085661015548
1768628468.4847553,4,567.75,964,138,2271,synthetic-7B,32,4096,32,32000,2008.7314466906375,2410.477736028765,1205.2388680143824,False,True,float16,313.1118647003682,384.2814179607845
1768628468.4848127,16,510.75,915,127,8172,synthetic-7B,32,4096,32,32000,6959.952024271896,8351.942429126275,4175.971214563137,False,False,float16,288.3226996600606,188.88425936556075
1768628468.4848707,2,616.5,937,296,1233,synthetic-7B,32,4096,32,32000,1119.8192164884601,1343.783059786152,671.891529893076,False,False,float16,154.82875215348668,409.3565820420239
1768628468.4849286,1,202.0,202,202,202,synthetic-7B,32,4096,32,32000,196.47310750509428,235.76772900611311,117.88386450305656,False,False,float16,426.3124681289211,136.5816987838373
1768628468.485006,32,486.5,974,54,15568,synthetic-7B,32,4096,32,32000,12539.065606199096,15046.878727438914,7523.439363719457,True,True,float16,397.130129349779,230.20662350883669
1768628468.4850652,2,737.5,746,729,1475,synthetic-7B,32,4096,32,32000,1129.8401523228586,1355.8081827874303,677.9040913937151,True,True,float16,479.6431681429,316.89361531414363
1768628468.4851222,8,505.75,934,103,4046,synthetic-7B,32,4096,32,32000,4539.3150172968035,5447.178020756164,2723.589010378082,False,True,float16,462.4533743144339,168.11178220693986
1768628468.4851818,8,585.125,805,238,4681,synthetic-7B,32,4096,32,32000,4712.475347625021,5654.970417150024,2827.485208575012,False,True,float16,311.9581955898087,66.15880821348117
1768628468.4852405,8,520.25,987,181,4162,synthetic-7B,32,4096,32,32000,4057.7601960331285,4869.312235239754,2434.656117619877,False,True,float16,193.1509268245885,305.90209923830844
1768628468.485301,1,819.0,819,819,819,synthetic-7B,32,4096,32,32000,638.993633637898,766.7923603654776,383.3961801827388,True,True,float16,288.9359345164514,40.288043591061715
1768628468.4853575,1,432.0,432,432,432,synthetic-7B,32,4096,32,32000,544.0847644784905,652.9017173741885,326.45085868709424,False,False,float16,309.6145692293427,438.6696958551593
1768628468.4854155,16,484.0,988,82,7744,synthetic-7B,32,4096,32,32000,6660.083273054006,7992.099927664807,3996.0499638324036,False,True,float16,215.20467630584088,385.8087213462411
1768628468.4854736,1,291.0,291,291,291,synthetic-7B,32,4096,32,32000,239.08073055301077,286.8968766636129,143.44843833180644,True,True,float16,157.39222313949938,37.36813218474438
1768628468.4855332,8,586.25,991,68,4690,synthetic-7B,32,4096,32,32000,5537.690488511732,6645.228586214078,3322.614293107039,False,False,float16,421.96169866461315,228.56415549492536
1768628468.485592,4,227.25,401,72,909,synthetic-7B,32,4096,32,32000,726.8430742313069,872.2116890775683,436.10584453878414,True,True,float16,333.61725967454,145.4652054347391
1768628468.4856493,16,343.4375,971,127,5495,synthetic-7B,32,4096,32,32000,5905.191807835098,7086.230169402118,3543.115084701059,False,True,float16,230.58363387081607,411.0255304425739
1768628468.4857075,8,437.375,828,75,3499,synthetic-7B,32,4096,32,32000,4033.434979374342,4840.121975249211,2420.0609876246053,False,False,float16,305.4069221926253,489.7606539936113
1768628468.4857655,16,437.5,918,52,7000,synthetic-7B,32,4096,32,32000,7574.669195363774,9089.603034436528,4544.801517218264,False,False,float16,390.3315977891109,269.5377175905631
1768628468.4858263,16,533.375,994,97,8534,synthetic-7B,32,4096,32,32000,8145.851537229474,9775.021844675368,4887.510922337684,False,False,float16,183.29376175138339,268.43875003744625
1768628468.4858844,16,459.75,902,94,7356,synthetic-7B,32,4096,32,32000,7050.48154795168,8460.577857542015,4230.288928771008,False,True,float16,446.3022452936341,109.94521655197781
1768628468.485947,2,849.5,888,811,1699,synthetic-7B,32,4096,32,32000,1204.6217739190547,1445.5461287028656,722.7730643514328,True,True,float16,473.58878254593526,403.19762737936713
1768628468.4860272,16,453.125,934,62,7250,synthetic-7B,32,4096,32,32000,7889.484711918442,9467.381654302131,4733.690827151066,False,False,float16,240.08612160689285,239.8428837166814
1768628468.486087,4,517.0,899,178,2068,synthetic-7B,32,4096,32,32000,1742.432722497568,2090.9192669970816,1045.4596334985408,False,True,float16,248.68640318688367,25.20049534366182
1768628468.486145,2,383.0,698,68,766,synthetic-7B,32,4096,32,32000,808.5138118067807,970.2165741681368,485.1082870840684,False,True,float16,165.58502111536274,331.291855360774
1768628468.486202,32,403.15625,927,55,12901,synthetic-7B,32,4096,32,32000,12985.355448162185,15582.426537794621,7791.213268897311,False,True,float16,430.8184077319228,219.02894924303908
1768628468.4862607,1,923.0,923,923,923,synthetic-7B,32,4096,32,32000,664.0933759647154,796.9120511576584,398.4560255788292,True,False,float16,255.24784700853877,334.6069502194985
1768628468.486318,16,467.4375,952,83,7479,synthetic-7B,32,4096,32,32000,7485.491244482602,8982.589493379122,4491.294746689561,False,True,float16,489.6871988438008,200.9502544811797
1768628468.4863765,8,544.0,866,251,4352,synthetic-7B,32,4096,32,32000,3084.583312530347,3701.4999750364163,1850.7499875182082,True,True,float16,162.7163111923316,294.6943741694724
1768628468.4864392,2,666.5,807,526,1333,synthetic-7B,32,4096,32,32000,1277.3607291893074,1532.832875027169,766.4164375135845,False,True,float16,176.2825249188881,167.32604826487645
1768628468.4864979,1,93.0,93,93,93,synthetic-7B,32,4096,32,32000,87.06655865161792,104.47987038194151,52.239935190970755,False,True,float16,383.82495731004434,43.86948787919563
1768628468.486554,2,423.0,660,186,846,synthetic-7B,32,4096,32,32000,812.7231353003303,975.2677623603963,487.63388118019816,False,True,float16,339.39818114327215,326.0204119715167
1768628468.4866164,2,316.5,469,164,633,synthetic-7B,32,4096,32,32000,604.65382446625,725.5845893594999,362.79229467974994,False,True,float16,351.6905143580827,179.3169657433477
1768628468.4866776,32,501.125,921,51,16036,synthetic-7B,32,4096,32,32000,15722.145610700145,18866.574732840174,9433.287366420087,False,True,float16,268.99113426114457,421.67145543838234
1768628468.4867377,1,624.0,624,624,624,synthetic-7B,32,4096,32,32000,418.8269216484754,502.59230597817043,251.29615298908521,True,False,float16,277.3149156786686,346.04922576346667
1768628468.4867954,2,552.5,828,277,1105,synthetic-7B,32,4096,32,32000,1254.7070508145887,1505.6484609775064,752.8242304887532,False,False,float16,387.8065002108424,148.57757624236095
1768628468.4868534,32,465.84375,901,51,14907,synthetic-7B,32,4096,32,32000,11661.291765017388,13993.550118020865,6996.775059010432,False,True,float16,186.00622040086586,103.04106409426394
1768628468.4869113,32,525.84375,965,60,16827,synthetic-7B,32,4096,32,32000,18877.87859763443,22653.454317161315,11326.727158580657,False,True,float16,394.6500785283331,27.141081088648153
1768628468.4869685,16,530.625,987,71,8490,synthetic-7B,32,4096,32,32000,7795.08439110326,9354.101269323912,4677.050634661956,False,False,float16,279.06094912253536,401.46785702489206
1768628468.487026,8,471.0,888,122,3768,synthetic-7B,32,4096,32,32000,4004.3384701089008,4805.206164130681,2402.6030820653405,False,False,float16,251.20497122290496,367.39492642216675
1768628468.4870825,8,280.5,932,97,2244,synthetic-7B,32,4096,32,32000,2000.1923916522549,2400.230869982706,1200.115434991353,False,True,float16,443.4254073570045,121.00224588273527
1768628468.487141,8,510.5,861,150,4084,synthetic-7B,32,4096,32,32000,4338.88116490939,5206.6573978912675,2603.3286989456337,False,False,float16,365.47358267310966,256.21902205555534
1768628468.4871979,2,680.0,895,465,1360,synthetic-7B,32,4096,32,32000,1456.9420590462644,1748.3304708555172,874.1652354277586,False,False,float16,318.4173896137753,182.1442606515568
1768628468.4872544,16,596.0625,885,282,9537,synthetic-7B,32,4096,32,32000,6032.074221171096,7238.489065405315,3619.2445327026576,True,True,float16,126.66095003323012,401.36754145257703
1768628468.4873116,2,413.0,481,345,826,synthetic-7B,32,4096,32,32000,1030.7489256392532,1236.898710767104,618.449355383552,False,False,float16,391.7884402102476,90.60028127707142
1768628468.4873674,32,547.71875,997,52,17527,synthetic-7B,32,4096,32,32000,19068.057853559527,22881.669424271433,11440.834712135716,False,True,float16,330.4741086202038,403.6192670138513
1768628468.4874272,2,220.5,290,151,441,synthetic-7B,32,4096,32,32000,387.26732669440287,464.72079203328343,232.36039601664172,False,False,float16,196.4087992521695,302.8045813119667
1768628468.4874852,16,584.5625,983,79,9353,synthetic-7B,32,4096,32,32000,8862.865854964039,10635.439025956846,5317.719512978423,False,True,float16,243.1992421908376,393.6577499552887
1768628468.4875426,4,518.5,690,154,2074,synthetic-7B,32,4096,32,32000,1545.905351063816,1855.0864212765791,927.5432106382896,True,True,float16,313.0470444351184,423.5671251438155
1768628468.4876,16,700.375,956,276,11206,synthetic-7B,32,4096,32,32000,7839.806495284678,9407.767794341613,4703.883897170806,True,True,float16,162.9809252940123,284.0441588921783
1768628468.4876573,4,557.5,909,324,2230,synthetic-7B,32,4096,32,32000,2355.9877847389253,2827.18534168671,1413.592670843355,False,True,float16,235.74921253573802,492.1756711567618
1768628468.4877152,8,383.625,811,60,3069,synthetic-7B,32,4096,32,32000,2713.39492474749,3256.0739096969883,1628.0369548484941,False,True,float16,116.15340474632588,460.80481609745226
1768628468.4877765,2,598.0,908,288,1196,synthetic-7B,32,4096,32,32000,1210.7063903094404,1452.8476683713284,726.4238341856642,False,True,float16,241.56618830882377,12.032923862467111
1768628468.4878345,4,525.25,859,120,2101,synthetic-7B,32,4096,32,32000,1497.3610416461097,1796.8332499753317,898.4166249876658,True,True,float16,136.57234547399497,86.34228960813209
1768628468.4878924,8,504.5,795,109,4036,synthetic-7B,32,4096,32,32000,2926.7047998029266,3512.045759763512,1756.022879881756,True,True,float16,123.68701199677568,363.7856613720101
1768628468.48795,1,746.0,746,746,746,synthetic-7B,32,4096,32,32000,880.2233094548272,1056.2679713457926,528.1339856728963,False,True,float16,387.5859874341507,321.517269207303
1768628468.4880068,2,868.0,881,855,1736,synthetic-7B,32,4096,32,32000,1709.3163035295677,2051.179564235481,1025.5897821177405,False,True,float16,361.91446227145747,367.0267281820739
1768628468.4880648,2,335.0,348,322,670,synthetic-7B,32,4096,32,32000,787.1015529221565,944.5218635065878,472.2609317532939,False,True,float16,112.30465520474446,73.88195373523959
1768628468.4881268,4,574.0,868,57,2296,synthetic-7B,32,4096,32,32000,2193.8052121630026,2632.566254595603,1316.2831272978015,False,True,float16,334.9749546650046,297.7135932908809
1768628468.4881852,32,577.125,972,117,18468,synthetic-7B,32,4096,32,32000,15619.390225299116,18743.268270358938,9371.634135179469,False,True,float16,326.0527329176443,73.0831727168587
1768628468.4882417,32,442.03125,936,107,14145,synthetic-7B,32,4096,32,32000,10995.898335551694,13195.078002662032,6597.539001331016,True,True,float16,210.72231113199544,11.651137865489119
1768628468.4882987,4,278.5,661,127,1114,synthetic-7B,32,4096,32,32000,838.861487570792,1006.6337850849503,503.31689254247516,True,False,float16,419.3825803793888,68.68688999243302
1768628468.4883552,2,554.0,848,260,1108,synthetic-7B,32,4096,32,32000,1189.9505051705555,1427.9406062046667,713.9703031023333,False,True,float16,322.65651460769095,77.9068518812789
1768628468.4884129,2,489.0,847,131,978,synthetic-7B,32,4096,32,32000,1114.0127410594787,1336.8152892713745,668.4076446356872,False,False,float16,486.85578555184065,207.62160897809434
1768628468.4884696,16,688.5625,973,119,11017,synthetic-7B,32,4096,32,32000,10013.458015087968,12016.14961810556,6008.07480905278,False,True,float16,366.050074479025,243.53816381828682
1768628468.4885273,8,396.625,953,77,3173,synthetic-7B,32,4096,32,32000,2791.8330727475013,3350.1996872970017,1675.0998436485008,False,False,float16,461.23594878864236,350.28527829133276
1768628468.4885848,4,368.75,706,166,1475,synthetic-7B,32,4096,32,32000,1813.0913009697495,2175.709561163699,1087.8547805818496,False,False,float16,243.12461190682262,86.25517772992859
1768628468.4886425,4,375.5,681,125,1502,synthetic-7B,32,4096,32,32000,1699.1041909461082,2038.9250291353299,1019.4625145676649,False,True,float16,213.35873523674192,233.4846127597503
1768628468.488701,16,446.1875,767,54,7139,synthetic-7B,32,4096,32,32000,6941.9831627082,8330.37979524984,4165.18989762492,False,True,float16,463.43269071673683,480.27495171676566
1768628468.4887586,32,555.0625,933,64,17762,synthetic-7B,32,4096,32,32000,15893.327437022148,19071.992924426577,9535.996462213288,False,True,float16,456.15370311328064,23.016357477689663
1768628468.4888177,32,581.75,987,74,18616,synthetic-7B,32,4096,32,32000,18495.730556414368,22194.87666769724,11097.43833384862,False,True,float16,194.15531271923635,159.71401163988304
1768628468.4888806,1,585.0,585,585,585,synthetic-7B,32,4096,32,32000,735.9290681501977,883.1148817802373,441.55744089011864,False,True,float16,498.8258196344095,424.9471075301196
1768628468.4889402,16,610.8125,957,74,9773,synthetic-7B,32,4096,32,32000,7343.2067266603335,8811.8480719924,4405.9240359962,True,True,float16,316.4883764286353,281.91774081651033
1768628468.489016,8,572.125,964,63,4577,synthetic-7B,32,4096,32,32000,5262.729298780771,6315.275158536925,3157.6375792684626,False,False,float16,251.5173884063777,68.18156669958702
1768628468.4890745,1,379.0,379,379,379,synthetic-7B,32,4096,32,32000,281.5629373552948,337.8755248263538,168.9377624131769,True,False,float16,342.74075760737935,66.20647291140196
1768628468.489138,16,425.4375,851,75,6807,synthetic-7B,32,4096,32,32000,7025.441210266003,8430.529452319202,4215.264726159601,False,True,float16,103.52975692086814,26.97927337925119
1768628468.4891958,4,558.5,999,180,2234,synthetic-7B,32,4096,32,32000,2174.536667579399,2609.4440010952785,1304.7220005476393,False,True,float16,477.80256224447066,434.01714759113554
1768628468.4892545,32,506.53125,989,52,16209,synthetic-7B,32,4096,32,32000,17920.317825131988,21504.381390158385,10752.190695079193,False,False,float16,334.8832145436561,381.19472595594647
1768628468.4893117,2,143.0,191,95,286,synthetic-7B,32,4096,32,32000,321.6216751526005,385.9460101831206,192.9730050915603,False,True,float16,410.41347561908947,496.1900927137866
1768628468.4893694,32,513.6875,950,62,16438,synthetic-7B,32,4096,32,32000,15177.088752885633,18212.50650346276,9106.25325173138,False,True,float16,304.743367444354,100.78285933478377
1768628468.4894295,2,356.0,652,60,712,synthetic-7B,32,4096,32,32000,729.2299337987848,875.0759205585417,437.53796027927086,False,False,float16,315.3793887155514,253.86317754455428
1768628468.489488,1,66.0,66,66,66,synthetic-7B,32,4096,32,32000,72.29566860439554,86.75480232527465,43.37740116263733,False,True,float16,356.1702988607819,36.70365256962592
1768628468.489547,32,491.3125,982,63,15722,synthetic-7B,32,4096,32,32000,13190.857213728697,15829.028656474437,7914.514328237218,True,True,float16,450.9499524385656,234.45009599250028
1768628468.4896111,16,570.6875,953,194,9131,synthetic-7B,32,4096,32,32000,6471.210594181521,7765.452713017825,3882.7263565089124,True,True,float16,284.40464118919476,132.29017094020782
1768628468.489671,32,652.53125,995,161,20881,synthetic-7B,32,4096,32,32000,20890.345476951403,25068.414572341684,12534.207286170842,False,False,float16,177.86903946881725,367.9266349014542
1768628468.48973,4,711.25,954,493,2845,synthetic-7B,32,4096,32,32000,3333.0585425439644,3999.670251052757,1999.8351255263785,False,False,float16,292.20191979440403,173.8667673912376
1768628468.4897885,2,160.5,220,101,321,synthetic-7B,32,4096,32,32000,278.16972355275334,333.803668263304,166.901834131652,True,False,float16,216.04099215236124,130.63429657299372
1768628468.489847,4,790.25,971,476,3161,synthetic-7B,32,4096,32,32000,3078.2507818719587,3693.90093824635,1846.950469123175,False,True,float16,249.70803319443354,64.59893062585041
1768628468.4899049,16,531.4375,962,103,8503,synthetic-7B,32,4096,32,32000,6958.120467382645,8349.744560859173,4174.872280429587,False,False,float16,283.4352956260919,45.3491899364988
1768628468.4899642,32,511.34375,995,61,16363,synthetic-7B,32,4096,32,32000,17297.452180937787,20756.942617125344,10378.471308562672,False,True,float16,148.73906357102373,409.7016725538266
1768628468.490037,4,530.25,836,58,2121,synthetic-7B,32,4096,32,32000,2465.191676387912,2958.2300116654947,1479.1150058327473,False,True,float16,435.75016892204485,488.64079899985677
1768628468.4900956,2,917.0,998,836,1834,synthetic-7B,32,4096,32,32000,1870.45375289568,2244.544503474816,1122.272251737408,False,False,float16,378.9861124757876,411.55007068544404
1768628468.4901543,2,400.5,561,240,801,synthetic-7B,32,4096,32,32000,794.6081806709161,953.5298168050992,476.7649084025496,False,True,float16,334.0171126612788,106.71404605590432
1768628468.4902122,16,539.4375,904,68,8631,synthetic-7B,32,4096,32,32000,8073.551560560311,9688.261872672374,4844.130936336187,False,True,float16,394.95955430798364,327.35097495986315
1768628468.4902713,16,477.8125,994,125,7645,synthetic-7B,32,4096,32,32000,8172.409718797526,9806.891662557031,4903.4458312785155,False,True,float16,410.82734121855975,419.207250636402
1768628468.490333,2,416.0,605,227,832,synthetic-7B,32,4096,32,32000,916.3768529739331,1099.6522235687196,549.8261117843598,False,True,float16,389.6760881659881,170.44779481032833
1768628468.490394,4,474.0,660,271,1896,synthetic-7B,32,4096,32,32000,1442.1612344938872,1730.5934813926644,865.2967406963322,True,True,float16,178.96658313538927,137.89025212102447
1768628468.4904554,1,351.0,351,351,351,synthetic-7B,32,4096,32,32000,384.1485767592418,460.9782921110901,230.48914605554506,False,True,float16,191.03941284032857,437.30703832718837
1768628468.4905136,1,674.0,674,674,674,synthetic-7B,32,4096,32,32000,692.1925267702052,830.6310321242462,415.3155160621231,False,True,float16,160.7360955687932,367.06089105286975
1768628468.4905715,1,466.0,466,466,466,synthetic-7B,32,4096,32,32000,444.4922346897031,533.3906816276436,266.6953408138218,False,True,float16,383.86583164126546,299.24466852091314
1768628468.4906301,2,293.0,449,137,586,synthetic-7B,32,4096,32,32000,567.0487148031502,680.4584577637803,340.22922888189015,False,True,float16,330.25013594348127,448.2438602023738
1768628468.4906883,1,508.0,508,508,508,synthetic-7B,32,4096,32,32000,413.1908387550984,495.82900650611805,247.91450325305902,True,False,float16,475.79698929115193,400.9359214365214
1768628468.490747,1,155.0,155,155,155,synthetic-7B,32,4096,32,32000,147.771603210146,177.32592385217518,88.66296192608759,False,False,float16,470.70709603349894,137.38266620043436
1768628468.4908054,16,537.3125,989,53,8597,synthetic-7B,32,4096,32,32000,8458.376440687269,10150.051728824723,5075.025864412361,False,True,float16,360.3797206113418,312.72595392439325
1768628468.490864,32,499.90625,991,66,15997,synthetic-7B,32,4096,32,32000,15323.516397685602,18388.21967722272,9194.10983861136,False,True,float16,130.9516666345262,138.19428609015117
1768628468.490923,4,515.5,719,76,2062,synthetic-7B,32,4096,32,32000,1737.5236569684403,2085.028388362128,1042.514194181064,False,True,float16,324.5055316931117,386.2340690424584
1768628468.4909818,4,499.0,897,168,1996,synthetic-7B,32,4096,32,32000,1955.064675266063,2346.0776103192757,1173.0388051596378,False,True,float16,423.5881021213699,444.8805454928815
1768628468.4910407,4,420.5,586,297,1682,synthetic-7B,32,4096,32,32000,1166.5902785818605,1399.9083342982326,699.9541671491163,True,True,float16,196.62317313419356,423.3146892360828
1768628468.4911027,32,547.875,998,67,17532,synthetic-7B,32,4096,32,32000,18009.404694320718,21611.28563318486,10805.64281659243,False,True,float16,160.79957571073322,258.4778480623289
1768628468.4911613,16,568.1875,993,67,9091,synthetic-7B,32,4096,32,32000,9987.913360479004,11985.496032574805,5992.748016287403,False,True,float16,139.31589642314134,317.995230997871
1768628468.49122,4,659.25,925,409,2637,synthetic-7B,32,4096,32,32000,2979.5875975663853,3575.5051170796623,1787.7525585398312,False,True,float16,219.8357986326085,499.7634898774338
1768628468.4912775,4,594.0,932,164,2376,synthetic-7B,32,4096,32,32000,2600.849820248408,3121.0197842980892,1560.5098921490446,False,True,float16,343.83966363553026,52.72161844788244
1768628468.4913359,32,519.34375,983,61,16619,synthetic-7B,32,4096,32,32000,14097.132703899591,16916.55924467951,8458.279622339754,False,False,float16,218.76073151790428,446.6496860741004
1768628468.4913948,32,540.125,972,84,17284,synthetic-7B,32,4096,32,32000,16517.36670607056,19820.84004728467,9910.420023642335,True,True,float16,193.21312807996406,473.50760909353295
1768628468.4914532,32,560.71875,977,79,17943,synthetic-7B,32,4096,32,32000,14804.92167475207,17765.90600970248,8882.95300485124,True,True,float16,404.68613189620777,381.62969333546147
1768628468.491513,32,564.375,918,113,18060,synthetic-7B,32,4096,32,32000,18055.76933951062,21666.923207412747,10833.461603706373,False,True,float16,284.7144758143514,393.57692274463403
1768628468.4915712,2,495.0,916,74,990,synthetic-7B,32,4096,32,32000,1056.4676144721595,1267.7611373665914,633.8805686832957,False,True,float16,333.4852849147339,147.91600152040834
1768628468.4916296,16,506.8125,986,80,8109,synthetic-7B,32,4096,32,32000,6613.275980716767,7935.93117686012,3967.96558843006,True,True,float16,418.41746366648016,201.208189559927
1768628468.491689,32,507.34375,967,58,16235,synthetic-7B,32,4096,32,32000,11660.847842130637,13993.017410556764,6996.508705278382,True,True,float16,117.27449622211634,225.98817352139565
1768628468.4917479,16,505.4375,952,54,8087,synthetic-7B,32,4096,32,32000,7931.175695156326,9517.41083418759,4758.705417093795,False,False,float16,288.0477831526906,52.8487505393411
1768628468.4918048,16,636.625,999,215,10186,synthetic-7B,32,4096,32,32000,10586.751200086139,12704.101440103366,6352.050720051683,False,True,float16,139.35443628865315,357.5226803501157
1768628468.4918704,1,96.0,96,96,96,synthetic-7B,32,4096,32,32000,68.9493128213317,82.73917538559805,41.36958769279902,True,True,float16,140.83214512345123,44.59241424101572
1768628468.4919317,32,525.46875,987,64,16815,synthetic-7B,32,4096,32,32000,19441.23745101528,23329.484941218336,11664.742470609168,False,True,float16,123.03620507719906,46.196966299584396
1768628468.4919918,1,549.0,549,549,549,synthetic-7B,32,4096,32,32000,652.8697082874817,783.443649944978,391.721824972489,False,False,float16,199.97003798205122,60.461183499944326
1768628468.4920504,2,633.0,658,608,1266,synthetic-7B,32,4096,32,32000,1054.257076333024,1265.108491599629,632.5542457998145,True,False,float16,392.16314169991495,422.04448878238674
1768628468.4921098,4,782.25,923,502,3129,synthetic-7B,32,4096,32,32000,3245.2162536201868,3894.259504344224,1947.129752172112,False,True,float16,333.142426693919,472.7488466514577
1768628468.4921677,2,335.5,550,121,671,synthetic-7B,32,4096,32,32000,676.6599174665988,811.9919009599186,405.9959504799593,False,True,float16,334.31441629712793,156.57548463316513
1768628468.492226,1,622.0,622,622,622,synthetic-7B,32,4096,32,32000,494.8274151758843,593.7928982110611,296.89644910553056,True,True,float16,277.12712696091126,465.3009899268809
1768628468.4922836,4,390.75,594,158,1563,synthetic-7B,32,4096,32,32000,1017.3852863868872,1220.8623436642645,610.4311718321322,True,True,float16,192.79331173203536,442.3029785604373
1768628468.492342,2,600.0,707,493,1200,synthetic-7B,32,4096,32,32000,1269.216981479796,1523.0603777757551,761.5301888878776,False,True,float16,452.2934953861042,243.89501310725652
1768628468.4924004,8,463.0,902,82,3704,synthetic-7B,32,4096,32,32000,3443.6391853233954,4132.3670223880745,2066.1835111940372,False,True,float16,295.8680472946944,201.2119681459188
1768628468.4924579,1,94.0,94,94,94,synthetic-7B,32,4096,32,32000,85.14209525705597,102.17051430846716,51.08525715423358,False,True,float16,489.683685754204,405.49105716945814
1768628468.4925165,4,603.5,923,346,2414,synthetic-7B,32,4096,32,32000,2445.370273495219,2934.4443281942627,1467.2221640971313,False,False,float16,314.32800626668694,357.38829388347546
1768628468.4925787,4,553.0,825,367,2212,synthetic-7B,32,4096,32,32000,2057.158599107837,2468.590318929404,1234.295159464702,False,True,float16,298.9709805698424,305.0347577699082
1768628468.4926393,8,578.5,968,109,4628,synthetic-7B,32,4096,32,32000,5368.622204270771,6442.346645124925,3221.1733225624625,False,True,float16,414.3624359556677,399.32974699000005
1768628468.492698,2,265.5,301,230,531,synthetic-7B,32,4096,32,32000,423.93871958181415,508.72646349817694,254.36323174908847,False,True,float16,419.2782561621584,258.8319358275696
1768628468.4927564,2,396.5,662,131,793,synthetic-7B,32,4096,32,32000,993.2860104767288,1191.9432125720746,595.9716062860373,False,False,float16,499.57510513285087,135.560478004955
1768628468.492815,8,460.75,968,84,3686,synthetic-7B,32,4096,32,32000,3680.013859171893,4416.016631006271,2208.0083155031357,True,False,float16,465.84430003349223,166.13748150996952
1768628468.4928737,1,573.0,573,573,573,synthetic-7B,32,4096,32,32000,609.8392940332712,731.8071528399255,365.90357641996275,False,True,float16,463.3125608043679,451.19520246099535
1768628468.4929318,8,592.625,847,145,4741,synthetic-7B,32,4096,32,32000,3980.6609469294353,4776.793136315322,2388.396568157661,True,True,float16,444.597678130066,423.76441598725734
1768628468.4930055,1,828.0,828,828,828,synthetic-7B,32,4096,32,32000,686.8354439732291,824.2025327678749,412.10126638393746,True,True,float16,108.36398119595158,216.3429174482187
1768628468.4930658,32,555.84375,994,58,17787,synthetic-7B,32,4096,32,32000,18353.01711481817,22023.6205377818,11011.8102688909,False,True,float16,157.96277889987277,187.39268689537997
1768628468.4931247,2,243.5,280,207,487,synthetic-7B,32,4096,32,32000,513.9084815129403,616.6901778155283,308.34508890776414,False,False,float16,400.84281739853947,159.71520645657031
1768628468.4931839,2,733.5,908,559,1467,synthetic-7B,32,4096,32,32000,1172.9771922086002,1407.5726306503202,703.7863153251601,True,True,float16,246.8253667878762,234.2016709187632
1768628468.4932458,8,507.75,994,137,4062,synthetic-7B,32,4096,32,32000,4527.8256893159405,5433.390827179129,2716.6954135895644,False,False,float16,119.196036727207,461.82898415600386
1768628468.4933052,2,555.0,981,129,1110,synthetic-7B,32,4096,32,32000,1262.8258590657167,1515.39103087886,757.69551543943,False,True,float16,100.96698070443546,382.76409655838677
1768628468.4933705,16,555.125,977,59,8882,synthetic-7B,32,4096,32,32000,9805.238204146304,11766.285844975564,5883.142922487782,False,True,float16,193.88604144177054,111.39925811996638
1768628468.49343,8,527.0,770,163,4216,synthetic-7B,32,4096,32,32000,3805.2741762702985,4566.329011524358,2283.164505762179,True,True,float16,199.2153078754086,424.6824130266371
1768628468.4934888,32,537.6875,985,61,17206,synthetic-7B,32,4096,32,32000,17658.211940953977,21189.85432914477,10594.927164572386,False,True,float16,464.62866219126397,356.1200438157709
1768628468.4935472,4,361.0,595,115,1444,synthetic-7B,32,4096,32,32000,1693.0449006982883,2031.653880837946,1015.826940418973,False,True,float16,223.25762689454297,78.09099838139599
1768628468.4936056,16,599.5625,902,111,9593,synthetic-7B,32,4096,32,32000,7061.403803048412,8473.684563658093,4236.842281829046,True,True,float16,212.08249398079997,481.3775124138639
1768628468.4936645,4,222.25,353,100,889,synthetic-7B,32,4096,32,32000,814.4740900235817,977.3689080282979,488.68445401414897,False,True,float16,292.5447173377347,138.66176951844292
1768628468.493724,2,395.5,413,378,791,synthetic-7B,32,4096,32,32000,709.5329798805515,851.4395758566617,425.71978792833085,False,True,float16,249.63356337143634,385.634006007491
1768628468.4937828,1,90.0,90,90,90,synthetic-7B,32,4096,32,32000,92.45436596317694,110.94523915581233,55.472619577906165,False,True,float16,365.54490765781435,94.40363611591061
1768628468.4938407,1,516.0,516,516,516,synthetic-7B,32,4096,32,32000,651.0846541414522,781.3015849697426,390.6507924848713,False,True,float16,114.05919331904153,156.24590012575942
1768628468.4938998,2,468.0,704,232,936,synthetic-7B,32,4096,32,32000,738.8281235641118,886.5937482769342,443.2968741384671,True,True,float16,320.32722620284414,375.98725133030575
1768628468.4939587,2,339.0,620,58,678,synthetic-7B,32,4096,32,32000,759.1130311948409,910.9356374338091,455.46781871690456,False,True,float16,320.43735099514697,63.1901634823594
1768628468.494029,2,237.0,339,135,474,synthetic-7B,32,4096,32,32000,524.5542755159634,629.465130619156,314.732565309578,False,True,float16,206.38379882251968,210.79391057903294
1768628468.4940884,16,546.5,936,87,8744,synthetic-7B,32,4096,32,32000,9992.597330716535,11991.116796859842,5995.558398429921,False,False,float16,176.37855650782473,336.23994207140225
1768628468.494151,4,470.25,803,260,1881,synthetic-7B,32,4096,32,32000,1993.9113370832183,2392.693604499862,1196.346802249931,False,True,float16,236.50598136491112,355.41288635280284
1768628468.49421,16,515.5625,953,55,8249,synthetic-7B,32,4096,32,32000,7873.299625077578,9447.959550093094,4723.979775046547,False,True,float16,144.34809532245026,302.38291270873657
1768628468.4942694,32,581.1875,969,69,18598,synthetic-7B,32,4096,32,32000,12197.764230819179,14637.317076983014,7318.658538491507,True,True,float16,489.7726033222669,129.17109544693662
1768628468.4943285,4,534.75,675,395,2139,synthetic-7B,32,4096,32,32000,2143.752730274519,2572.5032763294225,1286.2516381647113,False,True,float16,269.2288984662465,217.98137866849234
1768628468.494387,2,99.5,112,87,199,synthetic-7B,32,4096,32,32000,165.00697373511366,198.00836848213638,99.00418424106819,True,True,float16,404.56788362774654,495.5165900350861
1768628468.4944453,8,482.625,769,177,3861,synthetic-7B,32,4096,32,32000,3592.2535636800144,4310.704276416017,2155.3521382080085,False,True,float16,422.3078957273498,340.5111174084231
1768628468.4945033,2,699.0,760,638,1398,synthetic-7B,32,4096,32,32000,1349.2330304809775,1619.079636577173,809.5398182885865,False,True,float16,280.6695302824696,223.5271140162353
1768628468.494562,4,440.0,686,243,1760,synthetic-7B,32,4096,32,32000,2007.2444233786189,2408.6933080543427,1204.3466540271713,False,True,float16,346.2472137576623,119.52163582185726
1768628468.4946246,32,583.28125,988,150,18665,synthetic-7B,32,4096,32,32000,17208.3575958214,20650.02911498568,10325.01455749284,False,False,float16,393.0848490252301,408.0230268345342
1768628468.4946828,2,729.5,895,564,1459,synthetic-7B,32,4096,32,32000,1443.5069394235227,1732.2083273082271,866.1041636541136,False,True,float16,207.40503350146952,304.55563644382715
1768628468.4947412,2,868.5,992,745,1737,synthetic-7B,32,4096,32,32000,1364.789417690538,1637.7473012286455,818.8736506143227,True,True,float16,360.40172294302715,117.95032514900497
1768628468.4947996,4,422.25,751,176,1689,synthetic-7B,32,4096,32,32000,1428.170262513878,1713.8043150166536,856.9021575083268,True,True,float16,173.65504206601867,306.68961585541115
1768628468.4948618,4,657.75,999,238,2631,synthetic-7B,32,4096,32,32000,2021.6973708562605,2426.0368450275123,1213.0184225137561,True,True,float16,444.5425292194729,474.9289708167043
1768628468.4949214,16,534.5,959,84,8552,synthetic-7B,32,4096,32,32000,8895.970093303611,10675.164111964334,5337.582055982167,False,False,float16,403.70889707983,473.7643034919288
1768628468.4949806,16,543.3125,901,77,8693,synthetic-7B,32,4096,32,32000,6677.569977432779,8013.083972919334,4006.541986459667,True,True,float16,177.20672298921227,348.1419448942545
1768628468.4950395,32,593.65625,994,73,18997,synthetic-7B,32,4096,32,32000,17407.97137585811,20889.56565102973,10444.782825514865,False,True,float16,457.6557791996196,49.63844632719825
1768628468.4950979,8,447.75,865,53,3582,synthetic-7B,32,4096,32,32000,3764.6680747240325,4517.601689668839,2258.8008448344194,False,False,float16,142.31612702150156,464.3535808064317
1768628468.495156,16,455.3125,922,56,7285,synthetic-7B,32,4096,32,32000,8421.56280156084,10105.875361873008,5052.937680936504,False,True,float16,449.18006535729046,286.7055373851891
1768628468.4952137,32,465.53125,963,50,14897,synthetic-7B,32,4096,32,32000,11763.100066576548,14115.720079891857,7057.860039945928,True,True,float16,284.80412191060213,314.7487014169592
1768628468.4952714,16,601.6875,966,173,9627,synthetic-7B,32,4096,32,32000,9638.243120225716,11565.891744270859,5782.945872135429,False,True,float16,342.09894340050124,193.08687807268097
1768628468.4953294,16,581.5,999,57,9304,synthetic-7B,32,4096,32,32000,9979.810204957561,11975.772245949072,5987.886122974536,False,True,float16,203.23032611478766,145.32835980156705
1768628468.4953897,2,674.5,996,353,1349,synthetic-7B,32,4096,32,32000,1544.7156693684205,1853.6588032421046,926.8294016210523,False,False,float16,308.74998757868946,49.42025876754872
1768628468.4954467,4,572.5,770,309,2290,synthetic-7B,32,4096,32,32000,2625.487327594323,3150.584793113187,1575.2923965565935,False,True,float16,162.54059739827866,80.14862238319311
1768628468.4955146,8,492.125,900,57,3937,synthetic-7B,32,4096,32,32000,3129.579973268453,3755.495967922144,1877.747983961072,False,True,float16,216.04027334085814,165.18040806833548
1768628468.495574,1,81.0,81,81,81,synthetic-7B,32,4096,32,32000,81.93480763217441,98.32176915860929,49.16088457930464,False,True,float16,477.8787033226703,172.68745551539692
1768628468.4956357,2,517.0,818,216,1034,synthetic-7B,32,4096,32,32000,1106.550298002295,1327.860357602754,663.930178801377,False,False,float16,242.88211459621877,432.38604285310385
1768628468.4956958,16,555.0,913,231,8880,synthetic-7B,32,4096,32,32000,9031.420518640101,10837.70462236812,5418.85231118406,False,True,float16,297.74774316186773,103.3970276526408
1768628468.4957542,4,334.5,690,99,1338,synthetic-7B,32,4096,32,32000,941.2636302651111,1129.5163563181334,564.7581781590667,True,True,float16,356.81916147124014,452.7374521125227
1768628468.4958124,16,439.9375,987,75,7039,synthetic-7B,32,4096,32,32000,7110.316889421925,8532.38026730631,4266.190133653155,False,True,float16,381.1245858814964,400.9419932773926
1768628468.4958715,8,636.875,938,169,5095,synthetic-7B,32,4096,32,32000,4494.230760142834,5393.0769121714,2696.5384560857,False,True,float16,464.46395515842494,426.372641084297
1768628468.4959335,32,540.375,986,50,17292,synthetic-7B,32,4096,32,32000,17382.898058251965,20859.477669902357,10429.738834951178,False,True,float16,258.78425179933834,51.32287048205003
1768628468.4959908,8,632.75,773,452,5062,synthetic-7B,32,4096,32,32000,4853.176724392583,5823.8120692711,2911.90603463555,False,True,float16,152.09545406842525,330.58012738478993
1768628468.4960487,2,507.0,708,306,1014,synthetic-7B,32,4096,32,32000,956.0997162234457,1147.319659468135,573.6598297340674,False,True,float16,334.20434443413046,341.32744846044375
1768628468.496107,8,497.375,945,296,3979,synthetic-7B,32,4096,32,32000,4570.054690115273,5484.065628138327,2742.0328140691636,False,True,float16,385.408971019048,420.2271475331154
1768628468.4961648,16,568.0,938,108,9088,synthetic-7B,32,4096,32,32000,9136.87665049163,10964.251980589956,5482.125990294978,False,True,float16,394.1721732901975,199.0254110178338
1768628468.4962227,2,665.5,925,406,1331,synthetic-7B,32,4096,32,32000,1448.2368197966666,1737.8841837559999,868.9420918779999,False,True,float16,231.06465838538006,40.64313037970028
1768628468.496281,1,389.0,389,389,389,synthetic-7B,32,4096,32,32000,324.5116386199901,389.4139663439881,194.70698317199404,False,True,float16,495.654275200859,199.3854412279392
1768628468.4963436,8,547.125,962,287,4377,synthetic-7B,32,4096,32,32000,3392.7539189281724,4071.304702713807,2035.6523513569034,True,True,float16,236.51872424847983,401.4103288571399
1768628468.4964027,4,669.0,771,518,2676,synthetic-7B,32,4096,32,32000,2481.2300189447974,2977.476022733757,1488.7380113668785,False,True,float16,192.18366731518165,168.1627337763663
1768628468.4964604,4,378.25,483,269,1513,synthetic-7B,32,4096,32,32000,1741.1521109569712,2089.3825331483654,1044.6912665741827,False,True,float16,429.8142956331358,486.5106924675408
1768628468.4965189,16,417.3125,982,56,6677,synthetic-7B,32,4096,32,32000,6193.734814258072,7432.481777109686,3716.240888554843,False,True,float16,274.369015068219,312.97674311964056
1768628468.4965768,16,471.75,998,79,7548,synthetic-7B,32,4096,32,32000,7920.887971214736,9505.065565457684,4752.532782728842,False,False,float16,296.3883444275117,286.5734139401491
1768628468.4966338,8,451.125,937,50,3609,synthetic-7B,32,4096,32,32000,3641.9405211320063,4370.328625358407,2185.1643126792037,False,True,float16,440.7735911714534,298.7134457453012
1768628468.4966915,8,730.75,996,280,5846,synthetic-7B,32,4096,32,32000,7138.196476611002,8565.835771933202,4282.917885966601,False,False,float16,370.2119192102161,183.08047253995252
1768628468.496751,32,530.0,982,59,16960,synthetic-7B,32,4096,32,32000,17812.815370026186,21375.378444031423,10687.689222015711,False,True,float16,188.40493168841817,259.355573482455
1768628468.4968085,8,459.875,844,83,3679,synthetic-7B,32,4096,32,32000,3980.869756814309,4777.043708177171,2388.5218540885853,False,False,float16,137.82550433566044,251.4150817048783
1768628468.4968667,1,930.0,930,930,930,synthetic-7B,32,4096,32,32000,719.3170582119142,863.180469854297,431.5902349271485,True,True,float16,464.8025140170762,99.62615323323568
1768628468.4969263,1,650.0,650,650,650,synthetic-7B,32,4096,32,32000,577.4863720316448,692.9836464379738,346.4918232189869,False,False,float16,170.11144829916248,408.1120937218901
1768628468.4970021,32,468.78125,957,63,15001,synthetic-7B,32,4096,32,32000,10774.364491094022,12929.237389312826,6464.618694656413,True,True,float16,292.4465205693594,116.36700937119916
1768628468.497065,16,610.3125,993,90,9765,synthetic-7B,32,4096,32,32000,10887.884061035984,13065.46087324318,6532.73043662159,False,True,float16,231.2908173569488,369.22562160704217
1768628468.4971232,2,655.5,955,356,1311,synthetic-7B,32,4096,32,32000,1275.016738436438,1530.0200861237254,765.0100430618627,False,True,float16,461.73624904461946,60.98398916299643
1768628468.497184,1,917.0,917,917,917,synthetic-7B,32,4096,32,32000,906.709341883956,1088.0512102607472,544.0256051303736,False,False,float16,423.5307219601695,462.7254078838198
1768628468.4972432,4,507.25,735,227,2029,synthetic-7B,32,4096,32,32000,2377.6848444872808,2853.221813384737,1426.6109066923684,False,True,float16,427.69399830418433,488.47276133209436
1768628468.4973028,4,610.25,986,325,2441,synthetic-7B,32,4096,32,32000,2892.019113660114,3470.4229363921363,1735.2114681960682,False,True,float16,307.8910154999231,464.32580916430794
1768628468.4973648,1,312.0,312,312,312,synthetic-7B,32,4096,32,32000,332.19710173651737,398.6365220838208,199.3182610419104,False,False,float16,153.0950644974054,474.84136346052173
1768628468.4974232,1,813.0,813,813,813,synthetic-7B,32,4096,32,32000,767.9270580048986,921.5124696058783,460.75623480293916,False,True,float16,359.13379392606777,113.65406581121965
1768628468.4974823,16,634.125,977,97,10146,synthetic-7B,32,4096,32,32000,10059.68557377372,12071.622688528465,6035.8113442642325,False,True,float16,224.34929485428427,102.65118222276297
1768628468.497542,32,598.0,999,85,19136,synthetic-7B,32,4096,32,32000,22238.810401679122,26686.572482014944,13343.286241007472,False,True,float16,306.02495569776096,120.7736438470119
1768628468.4976008,1,397.0,397,397,397,synthetic-7B,32,4096,32,32000,380.48187441158296,456.57824929389955,228.28912464694977,False,True,float16,278.5012941610696,163.0488608257602
1768628468.4976597,8,406.25,647,206,3250,synthetic-7B,32,4096,32,32000,2521.6876166222387,3026.0251399466865,1513.0125699733433,True,False,float16,412.59621109981464,254.2937946482355
1768628468.4977188,16,464.8125,981,60,7437,synthetic-7B,32,4096,32,32000,9458.930991829327,11350.717190195193,5675.358595097597,False,True,float16,218.47046832443672,418.58948017493117
1768628468.4977803,8,590.0,973,133,4720,synthetic-7B,32,4096,32,32000,4730.648124740188,5676.777749688225,2838.3888748441127,False,True,float16,146.1562031457545,484.13259372198934
1768628468.497841,8,579.875,832,266,4639,synthetic-7B,32,4096,32,32000,4688.4472722880855,5626.136726745703,2813.0683633728513,False,True,float16,223.6905626884365,12.60571974345104
1768628468.4978993,1,817.0,817,817,817,synthetic-7B,32,4096,32,32000,817.4632964914435,980.9559557897322,490.4779778948661,False,True,float16,432.1331941912461,207.2558705151009
1768628468.4979582,2,488.5,694,283,977,synthetic-7B,32,4096,32,32000,1020.7315744791175,1224.8778893749409,612.4389446874704,False,False,float16,432.701598920759,452.08405381531077
1768628468.4980414,8,646.625,841,323,5173,synthetic-7B,32,4096,32,32000,3309.8060017131656,3971.7672020557984,1985.8836010278992,True,True,float16,497.8418513956379,32.6362027301943
1768628468.4981015,4,483.5,763,85,1934,synthetic-7B,32,4096,32,32000,2256.3874633286596,2707.664955994391,1353.8324779971956,False,False,float16,303.77318632392314,13.47348810106034
1768628468.498159,32,607.28125,985,58,19433,synthetic-7B,32,4096,32,32000,20491.32038713628,24589.584464563533,12294.792232281767,False,True,float16,130.45438889253586,180.20100533678644
1768628468.4982178,1,782.0,782,782,782,synthetic-7B,32,4096,32,32000,862.0814032830679,1034.4976839396813,517.2488419698407,False,True,float16,256.3066506378903,185.60254876743352
1768628468.4982755,1,330.0,330,330,330,synthetic-7B,32,4096,32,32000,310.76115886118777,372.9133906334253,186.45669531671265,False,True,float16,117.81634081160819,483.0020330393366
1768628468.498336,4,698.75,860,572,2795,synthetic-7B,32,4096,32,32000,2144.200068645945,2573.040082375134,1286.520041187567,True,True,float16,351.084558175792,376.978090419975
1768628468.4983947,4,475.75,794,162,1903,synthetic-7B,32,4096,32,32000,1885.274326032396,2262.329191238875,1131.1645956194375,False,True,float16,360.0473508326483,283.7530972388302
1768628468.4984536,32,572.53125,974,61,18321,synthetic-7B,32,4096,32,32000,20015.373436248083,24018.4481234977,12009.22406174885,False,True,float16,126.13202417559023,42.057002752899336
1768628468.4985168,32,579.75,963,53,18552,synthetic-7B,32,4096,32,32000,18947.417543028456,22736.901051634148,11368.450525817074,False,False,float16,155.1008690210171,434.3246470203456
1768628468.4985757,16,535.5625,988,68,8569,synthetic-7B,32,4096,32,32000,7191.913479057294,8630.296174868752,4315.148087434376,True,True,float16,162.32387311001202,12.821780103972088
1768628468.498634,16,565.625,983,77,9050,synthetic-7B,32,4096,32,32000,8835.464112250778,10602.556934700933,5301.278467350467,False,True,float16,380.3634493715131,97.83713090023807
1768628468.4986928,32,497.65625,964,66,15925,synthetic-7B,32,4096,32,32000,16356.351626290432,19627.621951548517,9813.810975774259,False,False,float16,433.2594202081133,134.94070166830386
1768628468.4987543,4,638.5,812,472,2554,synthetic-7B,32,4096,32,32000,2605.9038234683208,3127.084588161985,1563.5422940809924,False,False,float16,105.1134091630014,448.54945457110443
1768628468.4988132,4,499.75,926,212,1999,synthetic-7B,32,4096,32,32000,1808.436873861998,2170.1242486343976,1085.0621243171988,False,True,float16,155.1049025968697,204.19937199398916
1768628468.4988713,32,432.875,942,107,13852,synthetic-7B,32,4096,32,32000,17063.771322946264,20476.525587535518,10238.262793767759,False,True,float16,337.0473088852884,70.14843926325113
1768628468.4989288,16,501.375,964,90,8022,synthetic-7B,32,4096,32,32000,6104.507107937048,7325.408529524458,3662.704264762229,True,True,float16,390.8282198319403,419.7524062898858
1768628468.498988,4,754.5,951,652,3018,synthetic-7B,32,4096,32,32000,2684.127185521384,3220.9526226256608,1610.4763113128304,False,True,float16,316.5100356687818,32.7419949240562
1768628468.4990456,8,399.375,842,120,3195,synthetic-7B,32,4096,32,32000,3315.4414669033104,3978.5297602839723,1989.2648801419862,False,True,float16,357.6473825411003,462.6340078685316
1768628468.4991055,4,152.75,212,51,611,synthetic-7B,32,4096,32,32000,491.7859808919554,590.1431770703464,295.0715885351732,True,True,float16,172.63150586436257,325.78878732476466
1768628468.4991639,1,163.0,163,163,163,synthetic-7B,32,4096,32,32000,109.22494159986348,131.06992991983617,65.53496495991809,True,True,float16,209.6411783483278,19.702110236730036
1768628468.499222,16,604.125,927,71,9666,synthetic-7B,32,4096,32,32000,7105.9990614188755,8527.19887370265,4263.599436851325,True,True,float16,183.77648743413224,425.04227220178433
1768628468.4992833,8,527.125,931,74,4217,synthetic-7B,32,4096,32,32000,4812.757698441475,5775.30923812977,2887.654619064885,False,True,float16,425.2052938946018,303.78111711184664
1768628468.4993432,4,606.25,867,163,2425,synthetic-7B,32,4096,32,32000,1666.8779179232565,2000.2535015079077,1000.1267507539538,True,False,float16,481.6131035991257,76.24340179190932
1768628468.4994016,2,421.5,600,243,843,synthetic-7B,32,4096,32,32000,889.0362275612472,1066.8434730734966,533.4217365367483,False,True,float16,382.9485720084749,273.72415784912187
1768628468.4994597,1,576.0,576,576,576,synthetic-7B,32,4096,32,32000,384.9002232452891,461.8802678943469,230.94013394717345,True,True,float16,227.79467824918012,147.0610442353569
1768628468.4995182,1,371.0,371,371,371,synthetic-7B,32,4096,32,32000,409.1896274445599,491.02755293347184,245.51377646673592,False,False,float16,298.6549748596644,134.3411481342901
1768628468.4995766,4,577.0,994,99,2308,synthetic-7B,32,4096,32,32000,2528.820329291009,3034.5843951492106,1517.2921975746053,False,True,float16,109.83660299557228,377.2208771884264
1768628468.499635,1,232.0,232,232,232,synthetic-7B,32,4096,32,32000,186.27279641977196,223.52735570372636,111.76367785186318,True,True,float16,388.0295496055558,24.786955142330488
1768628468.4996936,2,503.0,663,343,1006,synthetic-7B,32,4096,32,32000,972.8396993115292,1167.407639173835,583.7038195869175,False,False,float16,276.3462055920338,389.0332290891995
1768628468.4997516,16,603.625,978,59,9658,synthetic-7B,32,4096,32,32000,10890.744386391027,13068.893263669232,6534.446631834616,False,True,float16,264.0047775629529,246.2410862420741
1768628468.4998105,8,438.625,849,197,3509,synthetic-7B,32,4096,32,32000,2817.356395689461,3380.827674827353,1690.4138374136764,False,True,float16,408.23441456332847,325.0714483612794
1768628468.4998677,8,544.25,705,377,4354,synthetic-7B,32,4096,32,32000,4437.932946556796,5325.519535868155,2662.7597679340774,False,True,float16,152.40230617218148,248.30676239542888
1768628468.4999256,32,448.8125,960,51,14362,synthetic-7B,32,4096,32,32000,11212.146562221833,13454.5758746662,6727.2879373331,True,True,float16,321.4271358123,153.7031734399597
1768628468.499984,4,614.5,944,178,2458,synthetic-7B,32,4096,32,32000,2386.922611579736,2864.307133895683,1432.1535669478415,False,True,float16,397.88655806958076,119.8813298965513
1768628468.5000463,8,474.0,747,222,3792,synthetic-7B,32,4096,32,32000,4187.121143064599,5024.545371677518,2512.272685838759,False,True,float16,495.8325853422801,66.0957784820275
1768628468.5001082,4,473.0,886,184,1892,synthetic-7B,32,4096,32,32000,1947.8938633524222,2337.4726360229065,1168.7363180114532,False,True,float16,354.22105566647946,285.09953809970693
1768628468.5001664,2,636.0,920,352,1272,synthetic-7B,32,4096,32,32000,1210.7417074232796,1452.8900489079356,726.4450244539678,False,True,float16,393.78879215141944,33.30361008123668
1768628468.5002244,2,551.5,944,159,1103,synthetic-7B,32,4096,32,32000,1189.0746558350816,1426.8895870020979,713.4447935010489,False,True,float16,457.54485697526064,415.9416518201669
1768628468.500282,32,497.34375,939,64,15915,synthetic-7B,32,4096,32,32000,16345.144881019813,19614.173857223774,9807.086928611887,False,True,float16,353.3104935275851,407.57006291240646
1768628468.5003402,4,667.25,930,249,2669,synthetic-7B,32,4096,32,32000,2999.276362478684,3599.1316349744206,1799.5658174872103,False,True,float16,368.2232141909184,83.6309489867598
1768628468.5003984,32,537.71875,966,88,17207,synthetic-7B,32,4096,32,32000,18720.706828129812,22464.848193755774,11232.424096877887,False,True,float16,223.64188097131404,350.40939662183007
1768628468.500456,8,459.5,730,115,3676,synthetic-7B,32,4096,32,32000,3204.3239048630617,3845.188685835674,1922.594342917837,False,False,float16,130.18258147981993,495.60210006418686
1768628468.5005193,8,591.5,958,277,4732,synthetic-7B,32,4096,32,32000,3401.6987401733186,4082.038488207982,2041.019244103991,True,True,float16,387.8811855338879,235.25013359948798
1768628468.50058,16,585.3125,980,50,9365,synthetic-7B,32,4096,32,32000,7876.913470522713,9452.296164627256,4726.148082313628,True,True,float16,274.5863213705028,374.51372791145565
1768628468.5006394,32,481.78125,927,86,15417,synthetic-7B,32,4096,32,32000,14793.947878341736,17752.737454010083,8876.368727005041,False,False,float16,370.53445277632545,62.630672822076605
1768628468.5006979,1,151.0,151,151,151,synthetic-7B,32,4096,32,32000,146.00331040292085,175.203972483505,87.6019862417525,False,True,float16,254.81904235288994,207.69912940205882
1768628468.5007567,8,572.625,949,84,4581,synthetic-7B,32,4096,32,32000,3716.384588675948,4459.661506411137,2229.8307532055687,True,True,float16,169.98846768987855,465.9952489346893
1768628468.5008202,2,446.5,510,383,893,synthetic-7B,32,4096,32,32000,670.7614645610493,804.9137574732591,402.45687873662956,True,True,float16,111.041971024419,470.5801831103755
1768628468.500881,1,346.0,346,346,346,synthetic-7B,32,4096,32,32000,331.07767132554125,397.2932055906495,198.64660279532475,False,False,float16,135.16398156322379,288.0510479735176
1768628468.5009396,32,507.0625,989,55,16226,synthetic-7B,32,4096,32,32000,15076.342999109242,18091.61159893109,9045.805799465545,False,True,float16,278.71720619001667,137.63419360308885
1768628468.5010183,32,464.1875,979,51,14854,synthetic-7B,32,4096,32,32000,17264.84345107086,20717.812141285034,10358.906070642517,False,True,float16,451.24684657242886,486.51444546439654
1768628468.5010786,4,471.75,832,138,1887,synthetic-7B,32,4096,32,32000,1773.7417751564165,2128.4901301877,1064.24506509385,False,True,float16,248.58051616748847,225.12334493015948
1768628468.5011382,1,103.0,103,103,103,synthetic-7B,32,4096,32,32000,75.646472642514,90.7757671710168,45.3878835855084,True,True,float16,343.5389444392078,84.9501692852924
1768628468.501197,8,558.5,967,83,4468,synthetic-7B,32,4096,32,32000,4778.949186278561,5734.739023534273,2867.3695117671364,False,True,float16,196.886608346467,222.95232681081734
1768628468.5012536,8,445.0,904,79,3560,synthetic-7B,32,4096,32,32000,3495.4597673817348,4194.551720858081,2097.2758604290407,False,True,float16,223.33284310482912,350.3758670803333
1768628468.5013113,4,408.25,894,58,1633,synthetic-7B,32,4096,32,32000,1979.0918665118284,2374.910239814194,1187.455119907097,False,True,float16,342.9303519062461,15.264302294213277
1768628468.5013683,1,739.0,739,739,739,synthetic-7B,32,4096,32,32000,821.5659384930252,985.8791261916302,492.9395630958151,False,False,float16,167.71867153085287,451.74967941626636
1768628468.5014312,1,147.0,147,147,147,synthetic-7B,32,4096,32,32000,128.47499748350725,154.1699969802087,77.08499849010435,True,True,float16,218.04209231339092,449.50724932342985
1768628468.5014896,1,441.0,441,441,441,synthetic-7B,32,4096,32,32000,468.2757805249301,561.9309366299161,280.96546831495806,False,True,float16,184.31192634868765,341.24192241237563
1768628468.5015514,16,406.125,855,133,6498,synthetic-7B,32,4096,32,32000,6375.768990886641,7650.9227890639695,3825.4613945319848,False,True,float16,204.761809302924,436.14256164503155
1768628468.501611,4,414.0,894,203,1656,synthetic-7B,32,4096,32,32000,1563.8848233790861,1876.6617880549034,938.3308940274517,False,True,float16,495.7146915276694,397.4327276993666
1768628468.5016694,8,537.5,890,213,4300,synthetic-7B,32,4096,32,32000,4669.676921308732,5603.612305570478,2801.806152785239,False,False,float16,281.56891993146206,355.17561791280906
1768628468.5017276,16,544.5625,961,70,8713,synthetic-7B,32,4096,32,32000,7922.533277825377,9507.039933390452,4753.519966695226,False,True,float16,120.83407940015935,198.8849115987218
1768628468.5017865,32,488.90625,980,89,15645,synthetic-7B,32,4096,32,32000,18759.413519710888,22511.296223653066,11255.648111826533,False,True,float16,413.49728983866834,340.5681981981947
1768628468.501845,2,314.0,519,109,628,synthetic-7B,32,4096,32,32000,645.9025962159428,775.0831154591314,387.5415577295657,False,False,float16,251.93848700767333,384.3703710903554
1768628468.5019045,32,463.875,979,98,14844,synthetic-7B,32,4096,32,32000,14982.711004407749,17979.253205289297,8989.626602644648,False,True,float16,272.96021929727954,107.65415468381548
1768628468.501963,16,607.875,966,131,9726,synthetic-7B,32,4096,32,32000,9485.490864563226,11382.589037475871,5691.2945187379355,False,True,float16,398.39828377821095,343.3276870538229
1768628468.5020344,16,521.875,920,80,8350,synthetic-7B,32,4096,32,32000,8037.419050527785,9644.902860633341,4822.451430316671,False,True,float16,444.9421008782836,267.5029779624406
1768628468.5020926,4,468.0,969,166,1872,synthetic-7B,32,4096,32,32000,1578.7610238371121,1894.5132286045346,947.2566143022673,True,False,float16,282.5643933716433,223.43461435071714
1768628468.5021515,32,502.25,969,54,16072,synthetic-7B,32,4096,32,32000,11144.894574295977,13373.873489155172,6686.936744577586,True,True,float16,158.70258296777737,354.54077456537084
1768628468.5022092,2,483.5,671,296,967,synthetic-7B,32,4096,32,32000,825.6273330692554,990.7527996831064,495.3763998415532,True,True,float16,109.44711809966408,436.0384911421857
1768628468.50227,16,595.1875,999,140,9523,synthetic-7B,32,4096,32,32000,6549.4187104973325,7859.3024525967985,3929.6512262983993,True,True,float16,470.45464434411247,499.26232393219766
1768628468.5023317,2,330.0,608,52,660,synthetic-7B,32,4096,32,32000,782.9879485708907,939.5855382850688,469.7927691425344,False,True,float16,304.5238011069789,190.74102405981066
1768628468.502392,2,652.0,673,631,1304,synthetic-7B,32,4096,32,32000,1495.311095860469,1794.373315032563,897.1866575162815,False,True,float16,171.79780839891413,217.53219024741543
1768628468.5024512,32,533.25,969,58,17064,synthetic-7B,32,4096,32,32000,16420.758015691397,19704.909618829675,9852.454809414838,False,False,float16,349.02750346671274,454.77682010361735
1768628468.5025094,8,655.875,973,214,5247,synthetic-7B,32,4096,32,32000,5365.445261558372,6438.534313870046,3219.267156935023,False,True,float16,201.8205867894637,321.14836275513494
1768628468.502568,1,545.0,545,545,545,synthetic-7B,32,4096,32,32000,559.0062858657302,670.8075430388762,335.4037715194381,False,True,float16,485.87468060498327,198.37143705820958
1768628468.5026264,4,653.25,853,346,2613,synthetic-7B,32,4096,32,32000,2230.0281823690543,2676.033818842865,1338.0169094214325,False,True,float16,499.12433352462796,161.20365306974423
1768628468.5026858,32,454.9375,915,58,14558,synthetic-7B,32,4096,32,32000,14134.46603219602,16961.359238635225,8480.679619317612,False,True,float16,397.5352100690985,392.71403473488215
1768628468.502745,8,564.0,960,59,4512,synthetic-7B,32,4096,32,32000,4539.560996821266,5447.473196185519,2723.7365980927593,False,True,float16,234.94076209513892,468.9312786498677
1768628468.5028028,2,597.5,854,341,1195,synthetic-7B,32,4096,32,32000,951.6158041967242,1141.938965036069,570.9694825180345,True,True,float16,401.00830976676775,385.3665312849534
1768628468.5028648,32,448.09375,978,70,14339,synthetic-7B,32,4096,32,32000,15265.515069649227,18318.618083579073,9159.309041789536,False,False,float16,165.96381341023522,131.49227478173833
1768628468.5029237,16,528.1875,973,168,8451,synthetic-7B,32,4096,32,32000,8910.011926726816,10692.014312072179,5346.007156036089,False,True,float16,157.5540859176683,125.78055617661757
1768628468.5029826,1,517.0,517,517,517,synthetic-7B,32,4096,32,32000,370.87116748963126,445.0454009875575,222.52270049377876,True,True,float16,206.53958698222272,142.33203525744267
1768628468.503044,1,350.0,350,350,350,synthetic-7B,32,4096,32,32000,328.5579872422899,394.2695846907479,197.13479234537394,False,True,float16,461.81965278755183,121.10673181604756
1768628468.5031033,4,481.25,976,161,1925,synthetic-7B,32,4096,32,32000,2115.2789045635964,2538.3346854763154,1269.1673427381577,False,True,float16,499.7299092480893,171.53149356275605
1768628468.5031617,32,553.75,948,50,17720,synthetic-7B,32,4096,32,32000,19667.48899187154,23600.98679024585,11800.493395122925,False,True,float16,217.23198208809066,257.93779179638665
1768628468.5032196,1,647.0,647,647,647,synthetic-7B,32,4096,32,32000,755.3998618254732,906.4798341905678,453.2399170952839,False,False,float16,498.42583288448145,40.07463622228159
1768628468.5032785,32,554.78125,933,96,17753,synthetic-7B,32,4096,32,32000,19419.866207530908,23303.83944903709,11651.919724518544,False,True,float16,121.86743076640667,133.3738692024528
1768628468.5033374,8,501.25,908,111,4010,synthetic-7B,32,4096,32,32000,4117.866117619293,4941.439341143151,2470.7196705715755,False,True,float16,392.114020985514,339.4289950191406
1768628468.5033956,4,426.5,995,87,1706,synthetic-7B,32,4096,32,32000,1310.3559170477631,1572.4271004573156,786.2135502286578,True,False,float16,431.9872869984699,460.06850364780627
1768628468.5034547,1,444.0,444,444,444,synthetic-7B,32,4096,32,32000,571.0508088105942,685.260970572713,342.6304852863565,False,False,float16,261.9746212936489,268.9232960238139
1768628468.5035124,1,431.0,431,431,431,synthetic-7B,32,4096,32,32000,421.20324645295455,505.44389574354545,252.72194787177273,False,True,float16,179.6733443230868,219.0649871538946
1768628468.5035703,2,231.0,315,147,462,synthetic-7B,32,4096,32,32000,460.95422867763784,553.1450744131654,276.5725372065827,False,True,float16,411.3902231932474,308.5046621566827
1768628468.5036287,4,473.75,686,204,1895,synthetic-7B,32,4096,32,32000,1177.3779479707673,1412.8535375649208,706.4267687824604,True,True,float16,496.20995480733865,83.74977465279164
1768628468.5036862,4,600.25,814,371,2401,synthetic-7B,32,4096,32,32000,2548.4786566705648,3058.1743880046774,1529.0871940023387,False,True,float16,315.20084815195844,172.4305880207171
1768628468.503745,32,526.96875,984,87,16863,synthetic-7B,32,4096,32,32000,12332.617297986595,14799.140757583913,7399.5703787919565,True,False,float16,471.28184882315776,62.844054805864154
1768628468.503813,2,589.0,733,445,1178,synthetic-7B,32,4096,32,32000,878.1696482259172,1053.8035778711005,526.9017889355503,True,True,float16,248.90543888610694,455.8626276590476
1768628468.5038729,32,582.9375,997,84,18654,synthetic-7B,32,4096,32,32000,21489.31631307285,25787.17957568742,12893.58978784371,False,True,float16,371.73728695387973,384.44092729123236
1768628468.5039313,1,308.0,308,308,308,synthetic-7B,32,4096,32,32000,268.45364001551764,322.14436801862115,161.07218400931058,True,True,float16,480.1577574265993,465.7327953959422
1768628468.5039895,8,511.875,926,76,4095,synthetic-7B,32,4096,32,32000,4436.170434973684,5323.40452196842,2661.70226098421,False,True,float16,162.32514693841745,279.1067512956908
1768628468.5040486,1,587.0,587,587,587,synthetic-7B,32,4096,32,32000,582.7415629583013,699.2898755499615,349.64493777498075,False,True,float16,119.63962992251957,61.21453440337495
1768628468.5041068,16,468.8125,901,84,7501,synthetic-7B,32,4096,32,32000,5394.877450755116,6473.852940906139,3236.9264704530697,True,True,float16,236.37542159914938,15.491328020031393
1768628468.504165,2,668.5,731,606,1337,synthetic-7B,32,4096,32,32000,1301.6337405470115,1561.9604886564136,780.9802443282068,False,False,float16,267.9427549396364,109.21783403318283
1768628468.5042274,32,538.84375,997,92,17243,synthetic-7B,32,4096,32,32000,12899.683104307083,15479.619725168499,7739.8098625842495,True,False,float16,281.2772958448173,33.677115344871
1768628468.504285,4,651.5,916,300,2606,synthetic-7B,32,4096,32,32000,3001.4005583427133,3601.680670011256,1800.840335005628,False,True,float16,193.16359970577014,198.45486815895717
1768628468.504343,2,619.0,664,574,1238,synthetic-7B,32,4096,32,32000,1163.9744313694682,1396.7693176433618,698.3846588216809,False,True,float16,424.565328291257,138.6076425355019
1768628468.5044014,1,776.0,776,776,776,synthetic-7B,32,4096,32,32000,879.819572972207,1055.7834875666483,527.8917437833242,False,True,float16,400.3298096716799,442.88045634503777
1768628468.5044641,16,588.875,963,93,9422,synthetic-7B,32,4096,32,32000,10306.19735429779,12367.436825157349,6183.718412578674,False,True,float16,345.89290750518217,426.9809742873815
1768628468.5045238,1,124.0,124,124,124,synthetic-7B,32,4096,32,32000,90.84557936485467,109.0146952378256,54.5073476189128,True,True,float16,477.26606713345944,455.7009060176717
1768628468.5045824,8,531.125,930,150,4249,synthetic-7B,32,4096,32,32000,4559.927725060686,5471.913270072822,2735.956635036411,False,True,float16,375.616967766822,139.4469834989471
1768628468.5046413,32,556.03125,990,54,17793,synthetic-7B,32,4096,32,32000,13790.888047914344,16549.065657497213,8274.532828748606,True,True,float16,327.83475100929684,236.9805633123312
1768628468.5046995,1,299.0,299,299,299,synthetic-7B,32,4096,32,32000,315.27957579248516,378.3354909509822,189.1677454754911,False,True,float16,238.60211601463433,234.35935152855316
1768628468.5047574,1,257.0,257,257,257,synthetic-7B,32,4096,32,32000,259.79420878169725,311.7530505380367,155.87652526901834,False,True,float16,143.43127407296686,159.73228061231262
1768628468.504819,8,456.75,908,65,3654,synthetic-7B,32,4096,32,32000,3621.581838767554,4345.898206521065,2172.9491032605324,False,True,float16,296.61669345449036,467.2662548376304
1768628468.5048773,32,529.4375,970,51,16942,synthetic-7B,32,4096,32,32000,19220.452924444555,23064.543509333464,11532.271754666732,False,True,float16,482.7487949164035,329.8832164651858
1768628468.5049343,2,358.5,401,316,717,synthetic-7B,32,4096,32,32000,627.0627161588307,752.4752593905968,376.2376296952984,False,True,float16,221.2196738926444,332.4339961626499
1768628468.5050094,32,533.53125,957,57,17073,synthetic-7B,32,4096,32,32000,11336.240649023437,13603.488778828125,6801.744389414062,True,True,float16,221.06162642911903,109.62078751023978
1768628468.5050676,2,622.5,631,614,1245,synthetic-7B,32,4096,32,32000,959.0238082061503,1150.8285698473803,575.4142849236902,True,False,float16,315.7544237336997,201.3206755476234
1768628468.5051248,4,605.75,904,218,2423,synthetic-7B,32,4096,32,32000,2409.287015199045,2891.144418238854,1445.572209119427,False,True,float16,244.29027736926224,438.5108802170505
1768628468.5051823,8,369.25,720,58,2954,synthetic-7B,32,4096,32,32000,3135.5341109752744,3762.640933170329,1881.3204665851645,False,True,float16,368.95604794342563,110.75897724733593
1768628468.5052419,1,742.0,742,742,742,synthetic-7B,32,4096,32,32000,766.0132663814369,919.2159196577243,459.60795982886214,False,True,float16,336.8227640269878,444.44881716829985
1768628468.5052986,2,514.5,868,161,1029,synthetic-7B,32,4096,32,32000,1211.2027102752972,1453.4432523303567,726.7216261651783,False,True,float16,491.85767351228844,141.1017981013487
1768628468.5053554,2,275.5,324,227,551,synthetic-7B,32,4096,32,32000,533.0243379782996,639.6292055739596,319.8146027869798,False,True,float16,113.7171211106252,94.32386038139929
1768628468.5054138,32,566.9375,982,112,18142,synthetic-7B,32,4096,32,32000,17406.206496058985,20887.447795270782,10443.723897635391,False,True,float16,160.92862719125696,418.99097621782516
1768628468.5054717,8,495.25,885,140,3962,synthetic-7B,32,4096,32,32000,4694.580913544632,5633.497096253558,2816.748548126779,False,True,float16,272.9444077391926,348.4413604203766
1768628468.505533,32,625.34375,984,149,20011,synthetic-7B,32,4096,32,32000,20769.320906889203,24923.185088267044,12461.592544133522,False,True,float16,273.55628212328384,267.2366470641016
1768628468.505593,1,194.0,194,194,194,synthetic-7B,32,4096,32,32000,236.65332179809624,283.9839861577155,141.99199307885775,False,True,float16,410.6857632387307,484.28107728166816
1768628468.5056517,8,537.375,986,124,4299,synthetic-7B,32,4096,32,32000,3212.9702533217787,3855.5643039861343,1927.7821519930671,True,False,float16,333.9135379074878,217.4215437243921
1768628468.5057092,8,528.625,986,264,4229,synthetic-7B,32,4096,32,32000,3073.6468063132033,3688.3761675758437,1844.1880837879219,True,False,float16,476.389892117669,160.47003428115133
1768628468.505767,2,506.5,563,450,1013,synthetic-7B,32,4096,32,32000,952.100588783422,1142.5207065401064,571.2603532700532,False,True,float16,127.58540300521872,358.00881978459887
1768628468.505824,4,810.5,984,612,3242,synthetic-7B,32,4096,32,32000,3198.3679124125815,3838.0414948950975,1919.0207474475487,False,True,float16,108.89627576661157,333.6628796022714
1768628468.5058823,32,473.34375,982,51,15147,synthetic-7B,32,4096,32,32000,13031.480892443902,15637.777070932681,7818.888535466341,True,False,float16,385.3365638307508,91.10109043002616
1768628468.5059397,1,983.0,983,983,983,synthetic-7B,32,4096,32,32000,761.5275730147113,913.8330876176535,456.91654380882676,True,True,float16,394.81468660652234,125.73708868400507
1768628468.506013,8,693.25,873,254,5546,synthetic-7B,32,4096,32,32000,5855.432344661927,7026.518813594313,3513.2594067971563,False,True,float16,319.9736959716033,475.0561255513924
1768628468.5060718,1,686.0,686,686,686,synthetic-7B,32,4096,32,32000,497.8622651231975,597.434718147837,298.7173590739185,True,True,float16,383.38175482411793,188.86436838492165
1768628468.5061293,1,647.0,647,647,647,synthetic-7B,32,4096,32,32000,668.6267519665646,802.3521023598774,401.1760511799387,False,True,float16,251.8573909887831,21.37926719651894
1768628468.5061867,1,724.0,724,724,724,synthetic-7B,32,4096,32,32000,922.2150554559081,1106.6580665470897,553.3290332735448,False,True,float16,278.4896690795292,207.76855834093476
1768628468.5062442,4,556.5,738,411,2226,synthetic-7B,32,4096,32,32000,1569.32417843678,1883.1890141241358,941.5945070620679,True,True,float16,414.2290310788479,255.22570507797488
1768628468.5063024,32,483.46875,952,52,15471,synthetic-7B,32,4096,32,32000,14961.407695516285,17953.689234619542,8976.844617309771,False,True,float16,260.67184006786965,371.1922549139147
1768628468.506362,4,425.5,786,112,1702,synthetic-7B,32,4096,32,32000,1110.4862590580062,1332.5835108696074,666.2917554348037,True,True,float16,391.9143204283673,292.4953738854351
1768628468.5064197,1,95.0,95,95,95,synthetic-7B,32,4096,32,32000,113.83984287345847,136.60781144815016,68.30390572407508,False,True,float16,135.70647697555927,219.47148754629868
1768628468.506477,2,587.0,871,303,1174,synthetic-7B,32,4096,32,32000,969.043881341235,1162.8526576094819,581.4263288047409,False,True,float16,103.97209991905552,356.08264785948666
1768628468.506534,1,208.0,208,208,208,synthetic-7B,32,4096,32,32000,204.47597930473586,245.371175165683,122.6855875828415,False,True,float16,487.1592089244805,68.70644965130532
1768628468.5065923,16,514.375,968,94,8230,synthetic-7B,32,4096,32,32000,6372.5818227489535,7647.098187298744,3823.549093649372,True,True,float16,452.8181770083682,27.840880643505553
1768628468.5066514,32,490.3125,990,67,15690,synthetic-7B,32,4096,32,32000,16036.329149314455,19243.594979177346,9621.797489588673,False,True,float16,403.64150759018804,92.35633184984508
1768628468.5067115,32,588.09375,982,53,18819,synthetic-7B,32,4096,32,32000,15664.895327830302,18797.87439339636,9398.93719669818,True,True,float16,429.75231443622266,375.0291143847931
1768628468.5067701,2,353.5,639,68,707,synthetic-7B,32,4096,32,32000,743.3609129887507,892.0330955865007,446.01654779325037,False,True,float16,387.75508026921483,98.74403152268141
1768628468.5068285,8,595.5,909,233,4764,synthetic-7B,32,4096,32,32000,2981.222505513408,3577.4670066160897,1788.7335033080449,True,False,float16,278.46304625687696,71.26940686025378
1768628468.50689,8,486.0,993,77,3888,synthetic-7B,32,4096,32,32000,4154.553785309052,4985.464542370862,2492.732271185431,False,True,float16,460.43568966534644,429.9672851947245
1768628468.5069468,8,432.5,821,163,3460,synthetic-7B,32,4096,32,32000,2774.5107980875277,3329.412957705033,1664.7064788525165,False,True,float16,171.08024758000164,260.9768179205831
1768628468.5070047,1,746.0,746,746,746,synthetic-7B,32,4096,32,32000,715.6002308252557,858.7202769903068,429.3601384951534,False,True,float16,441.11537049177036,68.10235215970823
1768628468.5070617,8,697.25,951,439,5578,synthetic-7B,32,4096,32,32000,5422.052189026157,6506.462626831389,3253.2313134156943,False,False,float16,195.29884196863208,432.42784661792035
1768628468.507118,4,436.25,870,67,1745,synthetic-7B,32,4096,32,32000,1442.8142691700496,1731.3771230040595,865.6885615020298,True,True,float16,262.3122843524476,47.59247052431819
1768628468.5071762,32,555.15625,977,97,17765,synthetic-7B,32,4096,32,32000,18586.710464552707,22304.05255746325,11152.026278731624,False,False,float16,493.93097875336883,220.17588430711277
1768628468.5072343,16,566.0625,979,85,9057,synthetic-7B,32,4096,32,32000,10792.833155225206,12951.399786270247,6475.699893135124,False,True,float16,202.15909820628957,76.02742532164905
1768628468.5072916,2,544.5,990,99,1089,synthetic-7B,32,4096,32,32000,1266.6889348691648,1520.0267218429976,760.0133609214988,False,True,float16,475.49613426753933,90.9625816999082
1768628468.507349,4,606.25,954,276,2425,synthetic-7B,32,4096,32,32000,2489.5563040720767,2987.467564886492,1493.733782443246,False,True,float16,444.11655988661784,423.50740066400795
1768628468.5074077,16,572.5,992,62,9160,synthetic-7B,32,4096,32,32000,11313.70017071415,13576.44020485698,6788.22010242849,False,True,float16,236.587316261026,487.5306242786062
1768628468.5074701,8,569.125,857,85,4553,synthetic-7B,32,4096,32,32000,4224.685449268299,5069.622539121959,2534.8112695609793,False,True,float16,340.45912118965595,192.16076425035314
1768628468.5075269,4,514.0,743,57,2056,synthetic-7B,32,4096,32,32000,1950.8528659498381,2341.0234391398058,1170.5117195699029,False,True,float16,287.46162720389145,337.5641108559277
1768628468.5075846,32,492.34375,994,67,15755,synthetic-7B,32,4096,32,32000,11421.138374601222,13705.366049521466,6852.683024760733,True,True,float16,389.455463741571,304.7743681970448
1768628468.5076413,4,424.5,744,171,1698,synthetic-7B,32,4096,32,32000,1547.4405043942854,1856.9286052731425,928.4643026365712,False,True,float16,473.5098506323107,226.24607833845008
1768628468.507699,8,573.0,966,94,4584,synthetic-7B,32,4096,32,32000,3536.6302082480565,4243.9562498976675,2121.9781249488337,True,True,float16,237.3751020697337,58.11338474278375
1768628468.5077565,16,480.5625,980,52,7689,synthetic-7B,32,4096,32,32000,6537.3309175378645,7844.797101045437,3922.3985505227183,False,True,float16,389.7718197000909,185.71399954088005
1768628468.5078135,1,872.0,872,872,872,synthetic-7B,32,4096,32,32000,792.6307048307307,951.1568457968767,475.57842289843836,False,True,float16,410.77889349286744,406.3985850371816
1768628468.507871,1,290.0,290,290,290,synthetic-7B,32,4096,32,32000,229.21490608660747,275.05788730392896,137.52894365196448,True,True,float16,431.2011804481774,468.8666643977398
1768628468.5079298,2,683.5,699,668,1367,synthetic-7B,32,4096,32,32000,1207.867539317773,1449.4410471813276,724.7205235906638,False,True,float16,109.69500842809406,215.10206976197836
1768628468.5079885,2,581.5,960,203,1163,synthetic-7B,32,4096,32,32000,919.3115503227081,1103.1738603872495,551.5869301936248,True,False,float16,446.28204541602236,256.89995831216464
1768628468.5080466,2,385.0,414,356,770,synthetic-7B,32,4096,32,32000,593.4778868412142,712.1734642094569,356.08673210472847,True,False,float16,447.8134373228572,20.513339717300344
1768628468.508104,2,510.0,576,444,1020,synthetic-7B,32,4096,32,32000,1049.4067206637785,1259.2880647965342,629.6440323982671,False,True,float16,132.645075383184,336.4831218821944
1768628468.5081654,16,511.25,947,64,8180,synthetic-7B,32,4096,32,32000,7937.69773963624,9525.237287563488,4762.618643781744,False,True,float16,123.87835437318127,101.27153441773682
1768628468.5082228,8,510.5,997,80,4084,synthetic-7B,32,4096,32,32000,4479.3045022919605,5375.165402750353,2687.5827013751764,False,True,float16,304.44158581881527,165.29381008713293
1768628468.5082831,1,259.0,259,259,259,synthetic-7B,32,4096,32,32000,253.85740393675067,304.62888472410077,152.31444236205039,False,True,float16,145.54378702312107,369.330477275546
1768628468.5083365,2,235.5,403,68,471,synthetic-7B,32,4096,32,32000,518.3308852952078,621.9970623542494,310.9985311771247,False,True,float16,413.36522405477746,452.759912651358
1768628468.508391,2,601.5,763,440,1203,synthetic-7B,32,4096,32,32000,974.7187966415647,1169.6625559698775,584.8312779849388,True,True,float16,363.6394260219818,446.4379135987605
1768628468.5084453,1,184.0,184,184,184,synthetic-7B,32,4096,32,32000,185.2893374573039,222.34720494876467,111.17360247438234,False,True,float16,462.46117810673246,384.9044639491544
1768628468.5085027,4,624.25,993,240,2497,synthetic-7B,32,4096,32,32000,2121.545795275959,2545.8549543311506,1272.9274771655753,False,True,float16,234.84050668711913,468.1254336327286
1768628468.5085583,4,746.5,992,381,2986,synthetic-7B,32,4096,32,32000,2453.4540467944257,2944.1448561533107,1472.0724280766553,True,True,float16,127.42300851229058,318.928421779132
1768628468.5086126,32,585.125,997,70,18724,synthetic-7B,32,4096,32,32000,18927.86763305249,22713.441159662987,11356.720579831494,False,True,float16,284.1035641381418,289.8484433766732
1768628468.5086663,4,621.5,867,418,2486,synthetic-7B,32,4096,32,32000,2907.0993434281663,3488.5192121137993,1744.2596060568997,False,True,float16,336.53090359030375,150.0369703190108
1768628468.5087214,16,501.8125,944,85,8029,synthetic-7B,32,4096,32,32000,8555.938942110528,10267.126730532633,5133.563365266316,False,True,float16,458.123106657589,430.55374846676995
1768628468.5087757,8,601.875,993,246,4815,synthetic-7B,32,4096,32,32000,3243.87607195367,3892.6512863444036,1946.3256431722018,True,True,float16,101.69265860042157,255.7505523665052
1768628468.508833,2,513.5,797,230,1027,synthetic-7B,32,4096,32,32000,977.6653945709077,1173.1984734850892,586.5992367425446,False,True,float16,467.14529921014736,246.1355271709627
1768628468.5088894,8,538.0,811,357,4304,synthetic-7B,32,4096,32,32000,4207.207733842198,5048.649280610637,2524.3246403053186,False,True,float16,468.61909511436335,269.1817099094986
1768628468.5089579,4,525.25,599,458,2101,synthetic-7B,32,4096,32,32000,1690.6639882564036,2028.7967859076844,1014.3983929538422,True,True,float16,247.8245329736263,422.12584081518395
1768628468.5090168,32,446.65625,925,63,14293,synthetic-7B,32,4096,32,32000,15415.045868671308,18498.05504240557,9249.027521202785,False,True,float16,299.06455771137166,96.18187869256305
1768628468.5090718,1,371.0,371,371,371,synthetic-7B,32,4096,32,32000,434.4117339101691,521.2940806922029,260.64704034610145,False,True,float16,114.34551190828728,227.99011274928586
1768628468.5091264,1,323.0,323,323,323,synthetic-7B,32,4096,32,32000,313.9038896979584,376.68466763755004,188.34233381877502,False,True,float16,484.4846890787534,126.90532853433261
1768628468.5091808,1,596.0,596,596,596,synthetic-7B,32,4096,32,32000,569.9077957133375,683.889354856005,341.9446774280025,False,False,float16,127.96645973204188,277.1346476567313
1768628468.509234,1,999.0,999,999,999,synthetic-7B,32,4096,32,32000,940.0076853833698,1128.0092224600437,564.0046112300219,False,False,float16,462.2160273785932,436.3323947341593
1768628468.5092888,8,444.5,950,121,3556,synthetic-7B,32,4096,32,32000,2839.4643225293594,3407.357187035231,1703.6785935176156,False,True,float16,361.80519396255414,491.5172784644445
1768628468.509343,32,476.3125,999,75,15242,synthetic-7B,32,4096,32,32000,12985.032923817578,15582.039508581092,7791.019754290546,True,True,float16,121.03103644482704,122.48079333072698
1768628468.5093985,4,425.5,713,95,1702,synthetic-7B,32,4096,32,32000,1730.1359071429522,2076.1630885715426,1038.0815442857713,False,False,float16,193.15166852251346,372.8340382660535
1768628468.509452,16,553.75,936,176,8860,synthetic-7B,32,4096,32,32000,8549.237929699691,10259.08551563963,5129.542757819815,False,True,float16,401.02046366502015,496.1817707720636
1768628468.5095072,32,498.1875,933,61,15942,synthetic-7B,32,4096,32,32000,11820.036063598754,14184.043276318505,7092.021638159253,True,True,float16,412.47752809221237,175.85931340292075
1768628468.5095704,32,557.625,964,65,17844,synthetic-7B,32,4096,32,32000,12399.497944534804,14879.397533441763,7439.698766720881,True,False,float16,263.58449463203607,267.74481294609774
1768628468.5096273,32,473.8125,983,101,15162,synthetic-7B,32,4096,32,32000,17052.26822091373,20462.721865096475,10231.360932548238,False,True,float16,322.1415394241567,402.94042250323247
1768628468.5096834,32,605.40625,985,58,19373,synthetic-7B,32,4096,32,32000,12331.554965903853,14797.865959084624,7398.932979542312,True,False,float16,129.59433359401808,441.4816383339629
1768628468.5097396,8,542.625,977,71,4341,synthetic-7B,32,4096,32,32000,3132.5390001065057,3759.046800127807,1879.5234000639034,True,True,float16,305.98665844192686,32.803560075971085
1768628468.5097947,4,546.5,876,165,2186,synthetic-7B,32,4096,32,32000,2143.036837344148,2571.6442048129775,1285.8221024064887,False,False,float16,181.30426213936417,65.562501726054
1768628468.50985,4,630.0,888,200,2520,synthetic-7B,32,4096,32,32000,1858.0916047310052,2229.7099256772062,1114.8549628386031,True,False,float16,314.52612140935753,118.09130339051733
1768628468.5099046,32,588.96875,994,92,18847,synthetic-7B,32,4096,32,32000,19953.81626992754,23944.57952391305,11972.289761956525,False,True,float16,127.97725637564935,390.6047332152639
1768628468.5099604,2,505.0,578,432,1010,synthetic-7B,32,4096,32,32000,813.2936551342648,975.9523861611177,487.97619308055886,True,True,float16,134.55244058656632,181.6114531016677
1768628468.5100436,2,761.5,912,611,1523,synthetic-7B,32,4096,32,32000,1279.2932633916425,1535.151916069971,767.5759580349855,True,True,float16,189.04725241401582,85.07375928218251
1768628468.5101013,4,401.5,607,183,1606,synthetic-7B,32,4096,32,32000,1768.2366518291547,2121.8839821949855,1060.9419910974927,False,False,float16,278.6322047714748,85.60762168510459
1768628468.5101576,1,79.0,79,79,79,synthetic-7B,32,4096,32,32000,91.87422727361736,110.24907272834083,55.12453636417042,False,True,float16,485.2634262672772,66.25285954867364
1768628468.510211,16,590.3125,904,166,9445,synthetic-7B,32,4096,32,32000,11407.453854782703,13688.944625739243,6844.472312869621,False,True,float16,370.7901846566826,311.44505824872203
1768628468.5102704,8,574.5,938,206,4596,synthetic-7B,32,4096,32,32000,3309.6222750058714,3971.5467300070454,1985.7733650035227,True,True,float16,243.9614884973863,297.86266368145846
1768628468.5103269,32,525.125,944,52,16804,synthetic-7B,32,4096,32,32000,15490.607509187957,18588.72901102555,9294.364505512774,False,True,float16,229.68081852340356,146.51451293079018
1768628468.5103824,4,364.5,693,193,1458,synthetic-7B,32,4096,32,32000,1338.3743138039777,1606.0491765647732,803.0245882823866,False,True,float16,298.323444147406,394.2006184907927
1768628468.5104403,1,61.0,61,61,61,synthetic-7B,32,4096,32,32000,57.65550472725001,69.18660567270001,34.593302836350006,False,True,float16,468.82970035085225,294.8978766055869
1768628468.5104961,1,666.0,666,666,666,synthetic-7B,32,4096,32,32000,551.2850274389962,661.5420329267954,330.7710164633977,True,True,float16,374.56321628293716,170.62491165093812
1768628468.5105512,2,683.0,987,379,1366,synthetic-7B,32,4096,32,32000,1423.6206118258656,1708.3447341910387,854.1723670955193,False,True,float16,442.36520092778926,457.8914919228291
1768628468.5106056,8,639.625,964,128,5117,synthetic-7B,32,4096,32,32000,4987.675731696218,5985.210878035461,2992.6054390177305,False,True,float16,398.7793849426321,382.9798079855294
1768628468.5106606,4,571.5,998,170,2286,synthetic-7B,32,4096,32,32000,2452.0773048105684,2942.492765772682,1471.246382886341,False,True,float16,455.31711903128206,99.23555173550247
1768628468.5107162,16,556.6875,984,61,8907,synthetic-7B,32,4096,32,32000,9851.309516966752,11821.571420360102,5910.785710180051,False,True,float16,146.8876340574712,436.25011610612194
1768628468.5107703,2,525.0,572,478,1050,synthetic-7B,32,4096,32,32000,885.3733348288816,1062.448001794658,531.224000897329,False,True,float16,205.26626449052495,406.54880129085325
1768628468.5108259,2,554.0,872,236,1108,synthetic-7B,32,4096,32,32000,1015.7195907131927,1218.8635088558312,609.4317544279156,False,False,float16,438.95734872919365,356.6602159558134
1768628468.510886,16,508.375,967,71,8134,synthetic-7B,32,4096,32,32000,7106.555281607444,8527.866337928932,4263.933168964466,False,False,float16,178.33256178605097,416.57414817861934
1768628468.5109403,8,494.875,691,68,3959,synthetic-7B,32,4096,32,32000,4046.7881935450755,4856.14583225409,2428.072916127045,False,True,float16,134.21711901172694,444.9285439584671
1768628468.5109982,1,404.0,404,404,404,synthetic-7B,32,4096,32,32000,343.2093790197829,411.85125482373945,205.92562741186973,False,True,float16,423.8561576662858,180.82253162078433
1768628468.5110528,1,985.0,985,985,985,synthetic-7B,32,4096,32,32000,1183.68899800363,1420.4267976043561,710.2133988021781,False,True,float16,368.16867128749766,498.07359102783323
1768628468.5111084,16,501.9375,975,66,8031,synthetic-7B,32,4096,32,32000,8957.889212442848,10749.467054931416,5374.733527465708,False,True,float16,361.228154502762,60.3741111027291
1768628468.5111616,32,518.75,964,54,16600,synthetic-7B,32,4096,32,32000,16778.98816572445,20134.78579886934,10067.39289943467,False,True,float16,490.0949793693412,177.3023884177886
1768628468.5112157,8,742.125,981,372,5937,synthetic-7B,32,4096,32,32000,3773.6629457823738,4528.395534938848,2264.197767469424,True,True,float16,146.424414443302,382.8929911817547
1768628468.5112703,1,404.0,404,404,404,synthetic-7B,32,4096,32,32000,356.6192819074583,427.9431382889499,213.97156914447496,True,True,float16,175.74452384170127,271.02141823155887
1768628468.5113254,8,625.875,868,256,5007,synthetic-7B,32,4096,32,32000,5756.043902057888,6907.252682469465,3453.6263412347325,False,False,float16,278.6617308009328,158.55168008053155
1768628468.51138,2,626.0,979,273,1252,synthetic-7B,32,4096,32,32000,900.2766147596817,1080.331937711618,540.165968855809,True,True,float16,248.80382011429748,446.45702562658084
1768628468.5114353,4,532.25,956,153,2129,synthetic-7B,32,4096,32,32000,2088.0008980721464,2505.6010776865755,1252.8005388432878,False,False,float16,439.39423381450825,453.216816410782
1768628468.5114896,16,565.8125,990,68,9053,synthetic-7B,32,4096,32,32000,10228.665939136108,12274.39912696333,6137.199563481665,False,True,float16,338.70913242310684,349.8235073051344
1768628468.511545,32,514.03125,993,101,16449,synthetic-7B,32,4096,32,32000,13715.187276852477,16458.22473222297,8229.112366111485,True,True,float16,323.80170430680107,265.53836321601193
1768628468.5115988,4,530.0,588,448,2120,synthetic-7B,32,4096,32,32000,1786.9781213149897,2144.3737455779874,1072.1868727889937,True,True,float16,271.90245248811357,224.929266217603
1768628468.5116575,1,311.0,311,311,311,synthetic-7B,32,4096,32,32000,323.0760271729571,387.6912326075485,193.84561630377425,False,True,float16,453.14607477877354,66.12640286802946
1768628468.5117133,32,564.46875,999,59,18063,synthetic-7B,32,4096,32,32000,16374.290710984338,19649.148853181207,9824.574426590603,False,True,float16,487.1658676800506,322.90689044436385
1768628468.5117686,2,208.0,208,208,416,synthetic-7B,32,4096,32,32000,288.39194437007245,346.07033324408695,173.03516662204348,True,False,float16,188.34866263006228,214.42413263774404
1768628468.511823,16,567.3125,938,185,9077,synthetic-7B,32,4096,32,32000,6475.694466884431,7770.833360261317,3885.4166801306583,True,True,float16,294.3427385247711,430.51207308692
1768628468.5118775,1,160.0,160,160,160,synthetic-7B,32,4096,32,32000,120.84662880666264,145.01595456799515,72.50797728399758,True,True,float16,364.6552758960908,23.721730620841683
1768628468.5119321,4,507.5,783,100,2030,synthetic-7B,32,4096,32,32000,1442.0690605796385,1730.4828726955661,865.2414363477831,True,True,float16,361.48707064628326,453.0026358259968
1768628468.5119858,8,512.875,789,236,4103,synthetic-7B,32,4096,32,32000,3926.095439203612,4711.314527044334,2355.657263522167,False,True,float16,209.51080205329816,459.97172632009875
1768628468.5120409,32,528.3125,903,62,16906,synthetic-7B,32,4096,32,32000,15663.992494520455,18796.790993424544,9398.395496712272,False,False,float16,166.13983457385365,157.9390795014571
1768628468.5121033,1,240.0,240,240,240,synthetic-7B,32,4096,32,32000,221.12789386463555,265.3534726375627,132.67673631878134,True,True,float16,460.3515041610689,99.98892110785569
1768628468.512158,4,688.75,880,520,2755,synthetic-7B,32,4096,32,32000,3166.859960850071,3800.231953020085,1900.1159765100424,False,True,float16,447.05595093281283,198.33565170783157
1768628468.5122123,32,585.4375,986,97,18734,synthetic-7B,32,4096,32,32000,19204.57624889162,23045.49149866994,11522.74574933497,False,True,float16,364.6335418772725,291.4259475356285
1768628468.5122647,16,490.1875,950,68,7843,synthetic-7B,32,4096,32,32000,8464.91432781294,10157.897193375527,5078.948596687764,False,True,float16,116.95692414169847,461.05071188603694
1768628468.512319,4,435.0,654,261,1740,synthetic-7B,32,4096,32,32000,1612.5397306505545,1935.0476767806654,967.5238383903327,False,False,float16,308.7032667674072,130.95611187806895
1768628468.5123765,8,512.875,971,223,4103,synthetic-7B,32,4096,32,32000,4146.4065266842035,4975.687832021044,2487.843916010522,False,True,float16,284.4074347358927,258.5898894245119
1768628468.5124311,1,326.0,326,326,326,synthetic-7B,32,4096,32,32000,358.10075262613935,429.7209031513672,214.8604515756836,False,True,float16,375.3733700502827,122.25856392029979
1768628468.5124853,16,484.375,949,108,7750,synthetic-7B,32,4096,32,32000,9270.037578959176,11124.04509475101,5562.022547375505,False,True,float16,185.40774700111848,408.7823126540131
1768628468.51254,4,380.0,795,65,1520,synthetic-7B,32,4096,32,32000,1365.4998543542401,1638.5998252250881,819.2999126125441,False,True,float16,206.64739178272802,40.79658283024425
1768628468.5125945,1,713.0,713,713,713,synthetic-7B,32,4096,32,32000,564.0851481045106,676.9021777254127,338.45108886270634,True,True,float16,161.90354294025283,169.88377022115432
1768628468.5126479,16,634.8125,998,294,10157,synthetic-7B,32,4096,32,32000,10122.354714459258,12146.825657351108,6073.412828675554,False,True,float16,149.66712190603224,396.2433687414723
1768628468.512701,32,534.4375,968,54,17102,synthetic-7B,32,4096,32,32000,16743.646002450896,20092.375202941075,10046.187601470538,False,True,float16,127.08160308844722,387.64333473564994
1768628468.5127542,32,500.625,993,82,16020,synthetic-7B,32,4096,32,32000,13717.818659510755,16461.382391412906,8230.691195706453,True,True,float16,394.78644648840356,374.9409143495511
1768628468.512808,2,478.5,555,402,957,synthetic-7B,32,4096,32,32000,891.2888599314009,1069.546631917681,534.7733159588405,False,True,float16,385.97480466609636,478.0895021251696
1768628468.5128624,32,587.28125,979,115,18793,synthetic-7B,32,4096,32,32000,20443.16192337017,24531.794308044206,12265.897154022103,False,True,float16,275.667663482792,134.01200706441253
1768628468.5129182,32,483.0,983,64,15456,synthetic-7B,32,4096,32,32000,12958.832653431797,15550.599184118155,7775.299592059077,True,True,float16,354.1298729128974,112.92786860679475
1768628468.5129912,2,250.5,439,62,501,synthetic-7B,32,4096,32,32000,393.81543972037093,472.5785276644451,236.28926383222256,True,True,float16,455.86837882979796,467.26647968871265
1768628468.5130506,1,725.0,725,725,725,synthetic-7B,32,4096,32,32000,736.7900262082742,884.148031449929,442.0740157249645,False,True,float16,393.38122813748106,13.100141221406503
1768628468.513106,32,491.65625,989,108,15733,synthetic-7B,32,4096,32,32000,11447.798004380958,13737.35760525715,6868.678802628575,True,True,float16,148.53386070122895,362.14771050098204
1768628468.5131588,1,214.0,214,214,214,synthetic-7B,32,4096,32,32000,243.1747629132341,291.80971549588094,145.90485774794047,False,True,float16,433.7633257565139,256.11060995661444
1768628468.5132139,1,630.0,630,630,630,synthetic-7B,32,4096,32,32000,507.9473537437709,609.536824492525,304.7684122462625,True,True,float16,151.0320102208454,451.3842872055297
1768628468.5132675,2,410.0,706,114,820,synthetic-7B,32,4096,32,32000,655.6543256668074,786.7851908001688,393.3925954000844,False,False,float16,140.39844760938425,436.73280863218525
1768628468.5133212,2,878.5,916,841,1757,synthetic-7B,32,4096,32,32000,1724.536491101224,2069.443789321469,1034.7218946607345,False,True,float16,165.74849548356076,219.82813143415567
1768628468.513376,4,648.25,945,457,2593,synthetic-7B,32,4096,32,32000,2872.7682906242085,3447.32194874905,1723.660974374525,False,True,float16,364.57814559800306,174.80488781168174
1768628468.5134356,32,477.5625,964,65,15282,synthetic-7B,32,4096,32,32000,15851.26875401775,19021.5225048213,9510.76125241065,False,True,float16,198.70150857110866,70.82154174249061
1768628468.5134904,32,569.03125,997,77,18209,synthetic-7B,32,4096,32,32000,17456.273681852374,20947.528418222846,10473.764209111423,False,True,float16,216.88037799130115,105.36177511664899
1768628468.513545,4,581.0,661,480,2324,synthetic-7B,32,4096,32,32000,2086.953755091762,2504.3445061101143,1252.1722530550571,False,True,float16,303.70398888755915,381.2034341166352
1768628468.513599,8,439.5,772,141,3516,synthetic-7B,32,4096,32,32000,3739.499749245991,4487.399699095189,2243.6998495475946,False,True,float16,292.2498239812196,269.9693778159547
1768628468.5136545,4,548.75,876,167,2195,synthetic-7B,32,4096,32,32000,2385.0763454067096,2862.0916144880516,1431.0458072440258,False,True,float16,344.6187560318433,456.73525066409314
1768628468.5137095,1,82.0,82,82,82,synthetic-7B,32,4096,32,32000,84.3073433677882,101.16881204134584,50.58440602067292,False,False,float16,346.64360290587797,418.6018734598052
1768628468.513769,4,591.5,851,125,2366,synthetic-7B,32,4096,32,32000,2252.1289705155086,2702.55476461861,1351.277382309305,False,False,float16,415.1834270665253,227.74082029599677
1768628468.5138233,4,355.75,917,91,1423,synthetic-7B,32,4096,32,32000,1445.5039622926245,1734.6047547511494,867.3023773755747,False,True,float16,232.47919281219671,417.66297055337924
1768628468.5138793,2,587.0,786,388,1174,synthetic-7B,32,4096,32,32000,1040.2184615085937,1248.2621538103124,624.1310769051562,True,True,float16,121.93040242155249,391.33743429789615
1768628468.5139337,1,865.0,865,865,865,synthetic-7B,32,4096,32,32000,684.5905604106503,821.5086724927803,410.75433624639015,True,True,float16,496.07880904774066,114.8398382077731
1768628468.5139987,8,479.625,593,333,3837,synthetic-7B,32,4096,32,32000,3571.7808831179154,4286.137059741498,2143.068529870749,False,True,float16,472.48789510713146,49.74573372332027
1768628468.514055,16,481.0,970,66,7696,synthetic-7B,32,4096,32,32000,7331.032241239476,8797.23868948737,4398.619344743685,False,False,float16,292.6211916697346,113.93135406787954
1768628468.514109,4,568.0,966,202,2272,synthetic-7B,32,4096,32,32000,1699.052958878512,2038.8635506542144,1019.4317753271072,True,False,float16,209.17890041127464,298.281427326924
1768628468.514164,8,490.375,719,84,3923,synthetic-7B,32,4096,32,32000,3980.343662928902,4776.412395514682,2388.206197757341,False,True,float16,405.5153308321537,362.4692165750894
1768628468.5142183,4,872.5,958,752,3490,synthetic-7B,32,4096,32,32000,2644.915523689759,3173.8986284277107,1586.9493142138554,True,True,float16,255.48166761682393,381.5174998626269
1768628468.5142713,4,488.25,997,126,1953,synthetic-7B,32,4096,32,32000,2309.4920311667743,2771.390437400129,1385.6952187000645,False,True,float16,154.42319875378834,78.28612733728042
1768628468.514326,2,664.0,965,363,1328,synthetic-7B,32,4096,32,32000,1466.715800133956,1760.0589601607471,880.0294800803736,False,True,float16,109.5043866210626,151.671722506475
1768628468.5143816,1,121.0,121,121,121,synthetic-7B,32,4096,32,32000,132.7877226673934,159.3452672008721,79.67263360043604,False,False,float16,311.6418825544875,177.6917595872787
1768628468.514437,16,526.0625,922,65,8417,synthetic-7B,32,4096,32,32000,5705.530552287318,6846.6366627447815,3423.3183313723907,True,True,float16,211.61152760086375,472.07842974371584
1768628468.514497,2,386.5,600,173,773,synthetic-7B,32,4096,32,32000,853.1146022703848,1023.7375227244618,511.8687613622309,False,True,float16,216.31760593874026,433.0347313881779
1768628468.5145528,4,630.75,900,75,2523,synthetic-7B,32,4096,32,32000,2728.121097560569,3273.7453170726826,1636.8726585363413,False,False,float16,227.55260573826828,110.82878645141722
1768628468.5146077,2,588.0,753,423,1176,synthetic-7B,32,4096,32,32000,1367.2224552234482,1640.6669462681377,820.3334731340689,False,True,float16,367.63307066103505,349.9238702443556
1768628468.5146616,8,543.875,946,66,4351,synthetic-7B,32,4096,32,32000,3730.460010206818,4476.552012248181,2238.2760061240906,True,True,float16,393.47374137463345,174.32765802566448
1768628468.51472,16,565.0,831,111,9040,synthetic-7B,32,4096,32,32000,7945.012529403555,9534.015035284267,4767.007517642133,True,True,float16,162.57765112966158,114.39408834870643
1768628468.5147743,4,377.5,432,331,1510,synthetic-7B,32,4096,32,32000,1568.0547292832828,1881.6656751399391,940.8328375699696,False,True,float16,226.3474237902477,92.07419808814097
1768628468.5148304,4,514.5,782,338,2058,synthetic-7B,32,4096,32,32000,2091.2785043408194,2509.534205208983,1254.7671026044916,False,True,float16,367.7446519855734,170.20188359877355
1768628468.5148847,2,463.0,640,286,926,synthetic-7B,32,4096,32,32000,947.5108512608905,1137.0130215130685,568.5065107565342,False,True,float16,435.42190134890285,416.16230326340985
1768628468.5149403,1,528.0,528,528,528,synthetic-7B,32,4096,32,32000,529.6026433421404,635.5231720105684,317.7615860052842,False,False,float16,368.9101678287377,197.67465140751605
1768628468.5149965,32,579.28125,982,108,18537,synthetic-7B,32,4096,32,32000,17653.64476700238,21184.373720402855,10592.186860201427,False,True,float16,436.3310324295053,111.36525674031233
1768628468.5150514,2,895.5,989,802,1791,synthetic-7B,32,4096,32,32000,1873.5141823517433,2248.217018822092,1124.108509411046,False,True,float16,115.867536172694,27.30371139048255
1768628468.5151072,16,513.25,955,50,8212,synthetic-7B,32,4096,32,32000,7011.130757922068,8413.356909506481,4206.678454753241,True,True,float16,175.60167066992062,328.06436877600555
1768628468.5151696,32,535.28125,959,61,17129,synthetic-7B,32,4096,32,32000,19212.392817893953,23054.87138147274,11527.43569073637,False,True,float16,132.24871772428082,286.40965301252686
1768628468.5152256,4,587.5,942,82,2350,synthetic-7B,32,4096,32,32000,2363.522609693541,2836.2271316322494,1418.1135658161247,False,True,float16,131.5201103736211,284.75120412391186
1768628468.5152814,32,533.28125,963,65,17065,synthetic-7B,32,4096,32,32000,18230.645426171868,21876.77451140624,10938.38725570312,False,True,float16,108.82674080724274,495.92812623879354
1768628468.515336,8,536.0,916,128,4288,synthetic-7B,32,4096,32,32000,5277.092294776216,6332.510753731459,3166.2553768657294,False,False,float16,475.64870560039685,73.8501052416767
1768628468.5153897,4,589.75,778,379,2359,synthetic-7B,32,4096,32,32000,2182.1918555361303,2618.6302266433563,1309.3151133216782,False,True,float16,246.7891752297122,383.21915120501274
1768628468.5154452,32,526.15625,994,80,16837,synthetic-7B,32,4096,32,32000,18312.951167130228,21975.541400556274,10987.770700278137,False,True,float16,277.91833758053247,267.65943257354195
1768628468.5154998,8,462.125,893,117,3697,synthetic-7B,32,4096,32,32000,3925.176997486822,4710.212396984186,2355.106198492093,False,True,float16,399.20137282032084,430.99214648129896
1768628468.515554,16,459.9375,889,94,7359,synthetic-7B,32,4096,32,32000,8176.3774720696565,9811.652966483587,4905.8264832417935,False,True,float16,484.22618952865855,33.61642031197218
1768628468.5156083,32,582.53125,926,51,18641,synthetic-7B,32,4096,32,32000,16427.04670062337,19712.456040748042,9856.228020374021,False,True,float16,210.79544418077379,181.5521451087173
1768628468.5156672,2,523.5,721,326,1047,synthetic-7B,32,4096,32,32000,1037.9953891041193,1245.5944669249432,622.7972334624716,False,True,float16,248.37249787198354,420.655227631035
1768628468.5157223,16,521.3125,988,54,8341,synthetic-7B,32,4096,32,32000,9360.188871787785,11232.226646145342,5616.113323072671,False,True,float16,397.7059749077481,228.15403175779323
1768628468.5157852,2,288.5,316,261,577,synthetic-7B,32,4096,32,32000,450.1636171369687,540.1963405643625,270.09817028218123,False,True,float16,194.1670450561203,201.1665190094799
1768628468.515844,4,444.75,956,205,1779,synthetic-7B,32,4096,32,32000,1883.045338265073,2259.6544059180874,1129.8272029590437,False,True,float16,421.7888255453531,284.01641269441745
1768628468.5159013,32,518.15625,997,79,16581,synthetic-7B,32,4096,32,32000,15597.899510244575,18717.47941229349,9358.739706146745,False,True,float16,440.83664724042404,291.48810899070963
1768628468.5159562,16,486.5,972,78,7784,synthetic-7B,32,4096,32,32000,9603.624268294358,11524.349121953228,5762.174560976614,False,True,float16,477.7581531299036,243.1183786237057
1768628468.5160158,1,858.0,858,858,858,synthetic-7B,32,4096,32,32000,801.2947830423775,961.553739650853,480.7768698254265,False,True,float16,405.52322924574116,290.0783010048753
1768628468.5160718,8,396.375,798,67,3171,synthetic-7B,32,4096,32,32000,3083.0386093200627,3699.6463311840753,1849.8231655920376,False,True,float16,350.04852064039454,493.24364766573797
1768628468.5161252,1,350.0,350,350,350,synthetic-7B,32,4096,32,32000,360.61622403300356,432.7394688396043,216.36973441980214,False,True,float16,490.8188800528384,305.91480911134283
1768628468.5161805,32,606.9375,993,74,19422,synthetic-7B,32,4096,32,32000,22983.319893752167,27579.9838725026,13789.9919362513,False,True,float16,433.57412527487656,300.1718754285162
1768628468.516235,8,597.0,980,222,4776,synthetic-7B,32,4096,32,32000,3157.202015031601,3788.6424180379213,1894.3212090189606,True,True,float16,485.66829975937645,33.658357478112464
1768628468.5162897,16,403.3125,857,103,6453,synthetic-7B,32,4096,32,32000,7901.440369100648,9481.728442920778,4740.864221460389,False,True,float16,159.6463540873475,268.9571866353196
1768628468.516344,4,342.75,719,80,1371,synthetic-7B,32,4096,32,32000,976.3652220916953,1171.6382665100343,585.8191332550172,False,True,float16,445.18022705095655,487.5579038488232
1768628468.5164018,1,141.0,141,141,141,synthetic-7B,32,4096,32,32000,106.47566006964158,127.77079208356989,63.885396041784944,False,True,float16,244.34840529216459,109.47592481316602
1768628468.5164552,8,545.375,972,124,4363,synthetic-7B,32,4096,32,32000,3903.4221274767306,4684.106552972076,2342.053276486038,True,True,float16,233.83311018491625,118.09665632257823
1768628468.5165095,2,437.0,582,292,874,synthetic-7B,32,4096,32,32000,1083.1250197983052,1299.7500237579661,649.8750118789831,False,True,float16,476.6097906535455,278.38389527977137
1768628468.5165687,8,526.125,915,319,4209,synthetic-7B,32,4096,32,32000,4349.457004053003,5219.348404863604,2609.674202431802,False,True,float16,361.2302183346026,24.71555450190703
1768628468.5166233,16,448.625,980,51,7178,synthetic-7B,32,4096,32,32000,6207.698926621652,7449.238711945983,3724.6193559729913,True,True,float16,327.6384285126497,76.43110911869056
1768628468.5166795,32,457.625,957,52,14644,synthetic-7B,32,4096,32,32000,14600.031216712512,17520.037460055013,8760.018730027507,False,True,float16,470.54933687355935,245.0838966792068
1768628468.5167336,32,489.0625,994,90,15650,synthetic-7B,32,4096,32,32000,16063.348093055198,19276.017711666238,9638.008855833119,False,True,float16,402.4823912626809,162.28543327429597
1768628468.5167887,16,577.375,987,73,9238,synthetic-7B,32,4096,32,32000,7438.548887380724,8926.258664856869,4463.129332428434,True,True,float16,355.13708853719805,477.08311904929485
1768628468.5168433,4,481.0,785,267,1924,synthetic-7B,32,4096,32,32000,1521.9178492890258,1826.3014191468308,913.1507095734154,True,True,float16,120.21256337309248,459.4377502079452
1768628468.5168993,2,612.0,765,459,1224,synthetic-7B,32,4096,32,32000,1394.972661793023,1673.9671941516276,836.9835970758138,False,False,float16,257.06792510074007,347.8266765111509
1768628468.5169687,2,386.0,499,273,772,synthetic-7B,32,4096,32,32000,930.8063017904412,1116.9675621485294,558.4837810742647,False,True,float16,117.76825549261241,272.09152871890154
1768628468.5170252,8,582.25,887,59,4658,synthetic-7B,32,4096,32,32000,3174.4181322250097,3809.3017586700116,1904.6508793350058,True,True,float16,193.9885965768384,101.63038622468326
1768628468.517081,8,482.0,973,81,3856,synthetic-7B,32,4096,32,32000,4186.9731347349625,5024.367761681955,2512.1838808409775,False,False,float16,273.62906685356313,41.445743022029546
1768628468.5171354,16,517.1875,956,145,8275,synthetic-7B,32,4096,32,32000,7817.511857507455,9381.014229008946,4690.507114504473,False,True,float16,163.302977722772,263.61158713163354
1768628468.51719,2,858.0,903,813,1716,synthetic-7B,32,4096,32,32000,1882.1537106771982,2258.5844528126377,1129.2922264063188,False,False,float16,355.4616913611052,161.17719577556997
1768628468.5172515,8,571.375,860,323,4571,synthetic-7B,32,4096,32,32000,4582.328132340523,5498.793758808627,2749.3968794043135,False,False,float16,273.2973032492546,495.0041516013106
1768628468.5173078,2,559.0,852,266,1118,synthetic-7B,32,4096,32,32000,1026.0915360194185,1231.309843223302,615.654921611651,False,True,float16,200.11523084091203,192.882263487121
1768628468.5173635,32,568.78125,982,108,18201,synthetic-7B,32,4096,32,32000,18859.973744774074,22631.968493728888,11315.984246864444,False,False,float16,145.27205408916322,490.621085046919
1768628468.5174174,16,456.0625,989,96,7297,synthetic-7B,32,4096,32,32000,7159.74593860174,8591.695126322087,4295.847563161044,False,True,float16,369.7065179214776,358.78783006820913
1768628468.5174716,1,285.0,285,285,285,synthetic-7B,32,4096,32,32000,304.00381189716444,364.8045742765973,182.40228713829865,False,True,float16,158.64723106682607,409.06658371907736
1768628468.5175254,8,634.25,938,144,5074,synthetic-7B,32,4096,32,32000,5792.501455159184,6951.00174619102,3475.50087309551,False,True,float16,485.3698052505741,412.31651834188335
1768628468.5175798,4,743.75,948,390,2975,synthetic-7B,32,4096,32,32000,2926.6322202284746,3511.958664274169,1755.9793321370846,False,True,float16,238.58728759185888,145.18878761330117
1768628468.5176344,16,597.1875,984,54,9555,synthetic-7B,32,4096,32,32000,7883.741241309938,9460.489489571926,4730.244744785963,True,True,float16,250.3063927426446,395.95993642689865
1768628468.5176866,4,840.5,901,744,3362,synthetic-7B,32,4096,32,32000,4054.7835412976456,4865.740249557174,2432.870124778587,False,True,float16,115.59587190969816,61.81064012477971
1768628468.5177407,2,583.5,789,378,1167,synthetic-7B,32,4096,32,32000,1188.8237910121356,1426.5885492145628,713.2942746072814,False,True,float16,461.44322345924314,211.455947472141
1768628468.5177958,8,450.125,704,58,3601,synthetic-7B,32,4096,32,32000,3402.4670664295704,4082.9604797154843,2041.4802398577422,False,True,float16,219.90240467357208,94.69670912010527
1768628468.5178487,32,646.625,999,141,20692,synthetic-7B,32,4096,32,32000,20956.36236348282,25147.634836179383,12573.817418089691,False,True,float16,288.3809374431652,78.11953358309636
1768628468.5179067,8,478.125,954,84,3825,synthetic-7B,32,4096,32,32000,2972.7541824649206,3567.305018957905,1783.6525094789524,True,True,float16,341.1172890396104,205.9833983383759
1768628468.5179625,1,118.0,118,118,118,synthetic-7B,32,4096,32,32000,136.34667026116998,163.61600431340398,81.80800215670199,False,True,float16,338.71701774127024,322.507683699856
1768628468.518028,1,446.0,446,446,446,synthetic-7B,32,4096,32,32000,477.37917991456806,572.8550158974816,286.4275079487408,False,True,float16,119.06638335317336,179.97377940015483
1768628468.5180826,4,729.0,980,317,2916,synthetic-7B,32,4096,32,32000,2612.7891792603314,3135.3470151123975,1567.6735075561987,False,True,float16,210.6374523094018,373.7929755239274
1768628468.5181355,4,496.25,853,292,1985,synthetic-7B,32,4096,32,32000,2051.9777267561885,2462.373272107426,1231.186636053713,False,True,float16,409.47379821954394,446.94327253336974
1768628468.5181894,32,592.96875,996,128,18975,synthetic-7B,32,4096,32,32000,17440.121324408083,20928.1455892897,10464.07279464485,False,True,float16,371.8684380637326,347.6098831559434
1768628468.518244,16,319.1875,518,54,5107,synthetic-7B,32,4096,32,32000,5145.263949720273,6174.316739664327,3087.1583698321633,False,True,float16,422.83209854802124,293.4266945988237
1768628468.5182977,32,551.34375,984,114,17643,synthetic-7B,32,4096,32,32000,19378.366744481365,23254.040093377636,11627.020046688818,False,True,float16,457.04085851412106,274.10116221774035
1768628468.5183518,8,495.125,993,109,3961,synthetic-7B,32,4096,32,32000,3000.0234909059254,3600.0281890871106,1800.0140945435553,True,True,float16,402.13162253818797,83.96625790681193
1768628468.5184062,4,648.25,852,465,2593,synthetic-7B,32,4096,32,32000,2408.0014898019804,2889.6017877623763,1444.8008938811881,False,True,float16,279.0566444981157,331.62797181134863
1768628468.5184608,4,583.5,757,372,2334,synthetic-7B,32,4096,32,32000,1782.2267013019618,2138.672041562354,1069.336020781177,True,False,float16,164.73451529686463,350.46499818033243
1768628468.5185149,4,783.25,893,690,3133,synthetic-7B,32,4096,32,32000,3439.832104147786,4127.798524977343,2063.8992624886714,False,True,float16,402.02609076268214,192.17856680764197
1768628468.5185742,1,183.0,183,183,183,synthetic-7B,32,4096,32,32000,188.59385940944915,226.312631291339,113.1563156456695,False,True,float16,151.8643644447924,102.70574067453522
1768628468.5186322,32,493.75,928,61,15800,synthetic-7B,32,4096,32,32000,15223.371632280721,18268.045958736864,9134.022979368432,False,True,float16,186.71345724581897,59.68569979657535
1768628468.5186875,8,538.875,966,106,4311,synthetic-7B,32,4096,32,32000,4674.643063836266,5609.571676603519,2804.7858383017597,False,True,float16,463.78775987806955,409.8554840112461
1768628468.5187418,32,541.6875,909,70,17334,synthetic-7B,32,4096,32,32000,14322.774885420342,17187.329862504408,8593.664931252204,True,True,float16,208.20516826611794,444.9460245250533
1768628468.5187976,8,475.5,776,55,3804,synthetic-7B,32,4096,32,32000,2665.4077737804805,3198.4893285365765,1599.2446642682883,True,True,float16,275.5799727851503,434.8315040405697
1768628468.518852,8,562.5,953,54,4500,synthetic-7B,32,4096,32,32000,4369.862131177885,5243.834557413462,2621.917278706731,False,True,float16,397.9657617229613,19.308296616999687
1768628468.5189068,16,666.625,973,63,10666,synthetic-7B,32,4096,32,32000,8059.04770982192,9670.857251786303,4835.428625893152,True,True,float16,469.902282329014,203.88400406512193
1768628468.5189617,1,531.0,531,531,531,synthetic-7B,32,4096,32,32000,377.14045128966615,452.56854154759935,226.28427077379968,True,True,float16,323.63085399566046,233.04025148771217
1768628468.5190167,16,565.625,966,201,9050,synthetic-7B,32,4096,32,32000,7727.096363268985,9272.515635922782,4636.257817961391,True,False,float16,296.78042851152384,215.31678279573134
1768628468.5190706,1,480.0,480,480,480,synthetic-7B,32,4096,32,32000,498.2357646610059,597.882917593207,298.9414587966035,False,True,float16,157.17835166135447,210.00125460249615
1768628468.5191255,32,471.0625,984,65,15074,synthetic-7B,32,4096,32,32000,20174.002174527555,24208.802609433067,12104.401304716534,False,True,float16,332.71654678038334,314.1447339627593
1768628468.519186,4,345.75,595,105,1383,synthetic-7B,32,4096,32,32000,1288.6982485276355,1546.4378982331625,773.2189491165813,False,False,float16,177.7104920950686,459.7977762619517
1768628468.5192463,1,554.0,554,554,554,synthetic-7B,32,4096,32,32000,541.2848588637078,649.5418306364493,324.77091531822464,False,True,float16,208.9527955257422,101.52024983887264
1768628468.519304,16,432.375,955,52,6918,synthetic-7B,32,4096,32,32000,7500.85799752517,9001.029597030203,4500.514798515102,False,False,float16,223.35178766899264,408.9691459959476
1768628468.5193589,16,620.375,943,106,9926,synthetic-7B,32,4096,32,32000,8272.319041223052,9926.782849467663,4963.391424733832,True,True,float16,455.2098582150842,101.71299541045585
1768628468.519413,1,232.0,232,232,232,synthetic-7B,32,4096,32,32000,236.2937446760987,283.5524936113184,141.7762468056592,False,True,float16,399.80102021594934,350.7454914893095
1768628468.5194666,4,452.5,583,317,1810,synthetic-7B,32,4096,32,32000,1298.9779525327228,1558.7735430392675,779.3867715196337,True,True,float16,228.40055653281377,109.5649666107692
1768628468.519521,4,730.75,903,389,2923,synthetic-7B,32,4096,32,32000,3645.720774454296,4374.864929345155,2187.4324646725777,False,True,float16,452.3789108744062,93.28885700400053
1768628468.519573,8,516.125,903,53,4129,synthetic-7B,32,4096,32,32000,3629.6594189485977,4355.591302738317,2177.7956513691583,False,True,float16,139.08131471254632,438.4822591270021
1768628468.5196245,1,950.0,950,950,950,synthetic-7B,32,4096,32,32000,938.4286469328513,1126.1143763194216,563.0571881597108,False,True,float16,476.6080196252863,147.03973699790527
1768628468.519677,32,588.09375,946,56,18819,synthetic-7B,32,4096,32,32000,17741.25670148413,21289.508041780955,10644.754020890477,False,True,float16,181.92010893027705,52.37254725484897
1768628468.5197303,4,454.75,843,103,1819,synthetic-7B,32,4096,32,32000,1638.416033696552,1966.0992404358622,983.0496202179311,False,True,float16,155.38818583966383,468.1314618961431
1768628468.519784,8,408.75,723,149,3270,synthetic-7B,32,4096,32,32000,2791.6084608950996,3349.9301530741195,1674.9650765370598,False,True,float16,432.2038878981838,258.6389886639388
1768628468.519842,16,462.1875,894,66,7395,synthetic-7B,32,4096,32,32000,7003.102615343524,8403.723138412228,4201.861569206114,False,False,float16,323.0892851760314,160.11781299133906
1768628468.5198982,1,290.0,290,290,290,synthetic-7B,32,4096,32,32000,201.93947884794994,242.32737461753993,121.16368730876997,True,True,float16,444.42775390031545,363.587930044023
1768628468.5199533,4,641.0,995,269,2564,synthetic-7B,32,4096,32,32000,2421.742317347757,2906.0907808173083,1453.0453904086542,False,True,float16,397.95836393243076,35.99905155023797
1768628468.5200117,2,652.5,795,510,1305,synthetic-7B,32,4096,32,32000,1277.9783163468912,1533.5739796162695,766.7869898081348,False,True,float16,345.44645747546184,150.60577996887025
1768628468.5200667,1,615.0,615,615,615,synthetic-7B,32,4096,32,32000,489.836523016318,587.8038276195815,293.90191380979076,False,True,float16,288.9920899101826,382.26667187335477
1768628468.5201201,4,506.0,954,170,2024,synthetic-7B,32,4096,32,32000,2140.1779013760147,2568.2134816512175,1284.1067408256088,False,True,float16,255.12395382372924,345.86038730264323
1768628468.5201733,32,509.8125,930,62,16314,synthetic-7B,32,4096,32,32000,18214.812898458338,21857.775478150004,10928.887739075002,False,True,float16,437.37952726695073,177.7579317462018
1768628468.5202265,32,571.53125,984,77,18289,synthetic-7B,32,4096,32,32000,18058.142614056054,21669.771136867264,10834.885568433632,False,True,float16,366.5913019540102,40.224381386611114
1768628468.5202804,32,544.25,989,60,17416,synthetic-7B,32,4096,32,32000,17146.96659374477,20576.359912493725,10288.179956246862,False,False,float16,145.77372511458609,372.4864268338015
1768628468.5203333,8,624.75,980,205,4998,synthetic-7B,32,4096,32,32000,5015.817360655855,6018.980832787026,3009.490416393513,False,True,float16,293.4241929037681,466.5773709283294
1768628468.5203855,1,197.0,197,197,197,synthetic-7B,32,4096,32,32000,163.6253382131894,196.35040585582726,98.17520292791363,True,True,float16,337.7997516904159,261.70968765292827
1768628468.520438,8,576.375,918,263,4611,synthetic-7B,32,4096,32,32000,4339.412361655188,5207.294833986225,2603.6474169931125,False,True,float16,347.8683996316703,232.78908132769567
1768628468.5204906,32,442.375,994,75,14156,synthetic-7B,32,4096,32,32000,11913.731396602087,14296.477675922504,7148.238837961252,False,True,float16,460.25977153049416,43.866393224600955
1768628468.5205443,16,587.8125,987,124,9405,synthetic-7B,32,4096,32,32000,6963.998702026764,8356.798442432117,4178.399221216058,True,True,float16,429.4215515708368,489.2768462449947
1768628468.5205958,4,743.5,985,481,2974,synthetic-7B,32,4096,32,32000,3412.2945400281483,4094.7534480337777,2047.3767240168888,False,True,float16,211.744754127703,340.8844949832398
1768628468.5206516,16,432.5,961,66,6920,synthetic-7B,32,4096,32,32000,7053.916248840412,8464.699498608494,4232.349749304247,False,True,float16,312.85158567666235,428.90302367417087
1768628468.520706,4,514.25,957,209,2057,synthetic-7B,32,4096,32,32000,2101.1212239987863,2521.3454687985436,1260.6727343992718,False,False,float16,209.89776196805548,37.67448925443884
1768628468.5207603,16,604.0,997,130,9664,synthetic-7B,32,4096,32,32000,10616.115377437616,12739.33845292514,6369.66922646257,False,True,float16,441.87403758003876,184.8025754282795
1768628468.520814,1,862.0,862,862,862,synthetic-7B,32,4096,32,32000,779.2633074315958,935.1159689179149,467.55798445895743,False,True,float16,208.26394660896386,211.39288520665798
1768628468.520868,8,479.125,881,157,3833,synthetic-7B,32,4096,32,32000,3278.019614612771,3933.623537535325,1966.8117687676624,True,False,float16,417.01836466040083,479.69435748799515
1768628468.5209205,2,546.5,781,312,1093,synthetic-7B,32,4096,32,32000,1190.6387342603393,1428.766481112407,714.3832405562035,False,True,float16,415.9319224578901,201.38646425194298
1768628468.5209882,32,463.15625,928,52,14821,synthetic-7B,32,4096,32,32000,15785.05322024771,18942.06386429725,9471.031932148626,False,True,float16,177.20881833622659,422.17163013764025
1768628468.521044,2,414.0,417,411,828,synthetic-7B,32,4096,32,32000,633.1412961811643,759.7695554173971,379.88477770869855,True,True,float16,315.3624487066601,344.28101406115314
1768628468.5211034,4,590.0,928,228,2360,synthetic-7B,32,4096,32,32000,2654.7821154669164,3185.7385385602997,1592.8692692801499,False,False,float16,115.0439804037707,342.32300094441405
1768628468.5211565,8,387.0,837,71,3096,synthetic-7B,32,4096,32,32000,2690.407085764303,3228.4885029171633,1614.2442514585816,True,True,float16,220.67509053934296,43.26241893048695
1768628468.5212085,2,481.5,584,379,963,synthetic-7B,32,4096,32,32000,791.2304476958722,949.4765372350465,474.73826861752326,False,False,float16,106.7927470713328,137.70072578137925
1768628468.5212612,8,337.25,779,64,2698,synthetic-7B,32,4096,32,32000,1887.5346224825018,2265.0415469790023,1132.5207734895012,True,True,float16,143.4871415750187,432.514201308144
1768628468.521317,32,562.03125,973,62,17985,synthetic-7B,32,4096,32,32000,11066.858251019916,13280.229901223898,6640.114950611949,True,False,float16,140.5842931744925,397.8567127893183
1768628468.5213716,16,591.75,997,104,9468,synthetic-7B,32,4096,32,32000,10172.380870173585,12206.857044208302,6103.428522104151,False,True,float16,301.28439134720094,236.85152065269259
1768628468.5214238,8,339.125,631,120,2713,synthetic-7B,32,4096,32,32000,3119.357557767013,3743.2290693204154,1871.6145346602077,False,True,float16,441.6580877351327,455.51260721179057
1768628468.5214775,32,470.375,965,54,15052,synthetic-7B,32,4096,32,32000,16446.33049741754,19735.596596901047,9867.798298450523,False,False,float16,477.161806381257,10.768857800427922
1768628468.5215302,1,998.0,998,998,998,synthetic-7B,32,4096,32,32000,872.0067932474948,1046.4081518969938,523.2040759484969,False,True,float16,289.9175312969785,135.95909466751206
1768628468.521584,32,504.84375,971,206,16155,synthetic-7B,32,4096,32,32000,15040.279166950682,18048.33500034082,9024.16750017041,False,False,float16,200.63455897911246,346.9550349136166
1768628468.5216377,4,525.75,726,281,2103,synthetic-7B,32,4096,32,32000,2108.3198420964954,2529.9838105157946,1264.9919052578973,False,True,float16,211.16989896341406,238.9030193688298
1768628468.52169,16,470.4375,866,84,7527,synthetic-7B,32,4096,32,32000,9024.415690407608,10829.298828489129,5414.6494142445645,False,True,float16,360.9167320616524,192.04863118456217
1768628468.5217416,1,383.0,383,383,383,synthetic-7B,32,4096,32,32000,384.29882488882794,461.1585898665935,230.57929493329675,False,True,float16,190.91348984799254,473.0003245356136
1768628468.5217927,8,412.875,880,54,3303,synthetic-7B,32,4096,32,32000,2939.0512745653878,3526.8615294784654,1763.4307647392327,False,False,float16,440.85419539201524,202.5986273241063
1768628468.5218456,16,618.5,973,101,9896,synthetic-7B,32,4096,32,32000,9401.824558467562,11282.189470161074,5641.094735080537,False,False,float16,195.32392396118948,430.96878047956585
1768628468.5218985,32,449.71875,989,63,14391,synthetic-7B,32,4096,32,32000,14889.669122508845,17867.602947010615,8933.801473505308,False,True,float16,293.529120117211,49.69953629520733
1768628468.52195,8,443.0,996,87,3544,synthetic-7B,32,4096,32,32000,3883.922324513708,4660.706789416449,2330.3533947082246,False,False,float16,230.78506910245804,451.46287636393424
1768628468.5220292,32,479.4375,981,52,15342,synthetic-7B,32,4096,32,32000,16943.949445115628,20332.739334138754,10166.369667069377,False,False,float16,199.24522928061248,373.6267214664922
1768628468.5220857,16,522.0625,790,113,8353,synthetic-7B,32,4096,32,32000,8202.893628540629,9843.472354248754,4921.736177124377,False,True,float16,269.5948951292544,391.2274060000479
1768628468.5221386,2,745.5,898,593,1491,synthetic-7B,32,4096,32,32000,1097.2642938205663,1316.7171525846795,658.3585762923398,True,True,float16,209.6478318989051,261.16553861958494
1768628468.5221908,2,599.0,927,271,1198,synthetic-7B,32,4096,32,32000,1090.8917092552128,1309.0700511062553,654.5350255531276,False,True,float16,192.79450622695146,179.2217068265389
1768628468.5222437,1,654.0,654,654,654,synthetic-7B,32,4096,32,32000,695.4020524553591,834.4824629464309,417.24123147321546,False,True,float16,158.29859657509857,475.78291738019993
1768628468.5223017,8,371.625,690,51,2973,synthetic-7B,32,4096,32,32000,2045.2397913181649,2454.287749581798,1227.143874790899,True,True,float16,332.21462648230425,405.99619771628795
1768628468.5223544,16,496.1875,976,101,7939,synthetic-7B,32,4096,32,32000,7518.168508969618,9021.802210763542,4510.901105381771,False,True,float16,233.2713200539435,217.3287715556383
1768628468.5224063,1,673.0,673,673,673,synthetic-7B,32,4096,32,32000,499.48564916817344,599.3827790018081,299.69138950090405,True,True,float16,295.3165046717513,235.69579226727083
1768628468.5224586,8,697.0,925,262,5576,synthetic-7B,32,4096,32,32000,4991.185895408117,5989.42307448974,2994.71153724487,False,True,float16,354.4549292645572,170.3719952220297
1768628468.5225117,4,396.5,669,211,1586,synthetic-7B,32,4096,32,32000,1286.9876257643336,1544.3851509172002,772.1925754586001,True,False,float16,169.27970881576204,338.573605651984
1768628468.5225646,4,622.75,879,196,2491,synthetic-7B,32,4096,32,32000,1591.5637475456629,1909.8764970547954,954.9382485273977,True,True,float16,357.66598496786617,113.59797154786648
1768628468.5226166,1,632.0,632,632,632,synthetic-7B,32,4096,32,32000,604.705573066773,725.6466876801276,362.8233438400638,False,True,float16,481.01332685325326,346.4962698508432
1768628468.522674,16,567.5625,926,118,9081,synthetic-7B,32,4096,32,32000,8961.638036872006,10753.965644246406,5376.982822123203,False,False,float16,284.6372622725806,224.27005312241548
1768628468.5227294,4,466.75,795,144,1867,synthetic-7B,32,4096,32,32000,1795.414881581789,2154.497857898147,1077.2489289490734,False,True,float16,221.05155010515452,284.3977539332716
1768628468.5227935,1,905.0,905,905,905,synthetic-7B,32,4096,32,32000,763.1320714452289,915.7584857342747,457.87924286713735,True,True,float16,275.6336687270615,337.48240838921555
1768628468.522849,8,606.25,870,390,4850,synthetic-7B,32,4096,32,32000,4986.851053516718,5984.221264220061,2992.1106321100306,False,False,float16,135.74387943380827,211.60277624070739
1768628468.5229042,8,376.5,649,137,3012,synthetic-7B,32,4096,32,32000,1696.493413958904,2035.7920967506848,1017.8960483753424,True,True,float16,188.75490736488243,25.977616662841122
1768628468.5229585,32,527.0,988,81,16864,synthetic-7B,32,4096,32,32000,19320.770395448326,23184.92447453799,11592.462237268996,False,False,float16,349.81065293074533,60.96588519165836
1768628468.5230124,32,580.1875,960,147,18566,synthetic-7B,32,4096,32,32000,13630.313064513697,16356.375677416436,8178.187838708218,False,False,float16,154.02668195148453,264.77913351052837
1768628468.5230649,1,907.0,907,907,907,synthetic-7B,32,4096,32,32000,645.9416017196887,775.1299220636264,387.5649610318132,True,True,float16,349.7258939748971,18.482543435816524
1768628468.523117,4,446.75,877,203,1787,synthetic-7B,32,4096,32,32000,1677.7180182803938,2013.2616219364725,1006.6308109682362,False,True,float16,461.8577729220776,374.7403106586118
1768628468.52317,4,599.75,937,160,2399,synthetic-7B,32,4096,32,32000,1982.5885993221884,2379.106319186626,1189.553159593313,True,True,float16,399.461891143944,276.2266375778506
1768628468.523223,2,572.0,844,300,1144,synthetic-7B,32,4096,32,32000,1375.8587323064255,1651.0304787677105,825.5152393838553,False,True,float16,297.41797060636077,20.025481131790894
1768628468.523275,16,571.9375,969,163,9151,synthetic-7B,32,4096,32,32000,7878.507079988887,9454.208495986664,4727.104247993332,True,False,float16,450.01469281645876,429.4455770375811
1768628468.5233314,1,638.0,638,638,638,synthetic-7B,32,4096,32,32000,543.0889156997055,651.7066988396465,325.85334941982325,True,True,float16,169.97493957077432,275.31601705392285
1768628468.5233848,32,455.78125,988,96,14585,synthetic-7B,32,4096,32,32000,10501.58354135133,12601.900249621596,6300.950124810798,True,True,float16,176.1889344882577,249.71645768134528
1768628468.523438,2,184.0,315,53,368,synthetic-7B,32,4096,32,32000,388.10083107640327,465.7209972916839,232.86049864584194,False,True,float16,394.20500398877414,59.5380448875616
1768628468.5234916,8,538.625,969,214,4309,synthetic-7B,32,4096,32,32000,4365.736265329603,5238.883518395523,2619.4417591977617,False,False,float16,373.6695417155121,278.31484936980564
1768628468.5235445,8,515.625,859,167,4125,synthetic-7B,32,4096,32,32000,3958.7459138694817,4750.495096643378,2375.247548321689,False,True,float16,398.024799202508,407.5994913622802
1768628468.5236025,32,445.375,977,84,14252,synthetic-7B,32,4096,32,32000,16757.139104756414,20108.566925707695,10054.283462853848,False,True,float16,303.1872078741663,339.9956999085941
1768628468.523656,32,511.40625,928,54,16365,synthetic-7B,32,4096,32,32000,14091.888359496586,16910.266031395902,8455.133015697951,True,True,float16,144.96352466993767,348.42042159866554
1768628468.5237103,2,296.0,459,133,592,synthetic-7B,32,4096,32,32000,405.4026239592938,486.48314875115256,243.24157437557628,True,True,float16,291.67777141991587,486.9347736298709
1768628468.5237644,1,774.0,774,774,774,synthetic-7B,32,4096,32,32000,603.350423160952,724.0205077931424,362.0102538965712,True,True,float16,440.4340862112281,362.1435695098191
1768628468.5238166,4,597.75,862,61,2391,synthetic-7B,32,4096,32,32000,1733.9004296203918,2080.68051554447,1040.340257772235,True,True,float16,109.95454971347387,250.9552788058977
1768628468.52387,32,567.34375,993,62,18155,synthetic-7B,32,4096,32,32000,17482.43525845539,20978.922310146467,10489.461155073233,False,True,float16,111.68804891182216,22.550084152961887
1768628468.5239234,32,518.6875,972,62,16598,synthetic-7B,32,4096,32,32000,11794.722017308079,14153.666420769694,7076.833210384847,True,True,float16,357.0584675759771,421.8436873760852
1768628468.5239766,4,505.5,774,99,2022,synthetic-7B,32,4096,32,32000,1696.945852615253,2036.3350231383035,1018.1675115691518,False,True,float16,413.2726037001601,380.74302175827415
1768628468.5240328,1,365.0,365,365,365,synthetic-7B,32,4096,32,32000,232.6911091805223,279.22933101662676,139.61466550831338,True,False,float16,281.38627684984056,204.49046944583998
1768628468.5240867,8,477.875,991,64,3823,synthetic-7B,32,4096,32,32000,3139.580678480725,3767.49681417687,1883.748407088435,True,False,float16,226.13730531777924,392.841174222034
1768628468.524139,2,363.0,436,290,726,synthetic-7B,32,4096,32,32000,741.3532629717922,889.6239155661507,444.81195778307534,False,True,float16,464.47214214451753,233.6943045017065
1768628468.5241919,1,399.0,399,399,399,synthetic-7B,32,4096,32,32000,404.95725039938344,485.9487004792601,242.97435023963004,False,True,float16,460.94569649284887,446.20923871397974
1768628468.5242453,32,650.1875,998,101,20806,synthetic-7B,32,4096,32,32000,17528.47895362574,21034.17474435089,10517.087372175445,False,True,float16,205.68486682571432,190.24845644175105
1768628468.5242982,32,511.875,961,65,16380,synthetic-7B,32,4096,32,32000,17674.946337882982,21209.935605459577,10604.967802729789,False,True,float16,423.470160134459,161.7430807755214
1768628468.5243502,1,749.0,749,749,749,synthetic-7B,32,4096,32,32000,746.5615603323129,895.8738723987755,447.93693619938773,False,True,float16,120.59975922824502,109.09622298511985
1768628468.5244038,2,362.5,444,281,725,synthetic-7B,32,4096,32,32000,519.463879499612,623.3566553995344,311.6783276997672,True,True,float16,186.26030851536757,311.4169622530299
1768628468.5244608,8,614.625,940,240,4917,synthetic-7B,32,4096,32,32000,4793.2633757319845,5751.916050878382,2875.958025439191,False,True,float16,455.02354624571376,143.22524865449225
1768628468.524515,4,696.5,981,539,2786,synthetic-7B,32,4096,32,32000,3409.685085707407,4091.622102848888,2045.811051424444,False,True,float16,387.78422495810156,350.945938005032
1768628468.5245688,2,817.5,837,798,1635,synthetic-7B,32,4096,32,32000,1515.917117983903,1819.1005415806835,909.5502707903418,False,True,float16,202.7680393499474,310.63588925646076
1768628468.5246224,1,220.0,220,220,220,synthetic-7B,32,4096,32,32000,216.79286099997154,260.1514331999658,130.0757165999829,False,True,float16,301.3341865642285,341.9932568262345
1768628468.5246785,8,454.5,917,126,3636,synthetic-7B,32,4096,32,32000,4172.631701291912,5007.158041550294,2503.579020775147,False,True,float16,399.6617942958907,196.91589670858235
1768628468.5247324,16,495.5625,972,84,7929,synthetic-7B,32,4096,32,32000,8235.542835406575,9882.65140248789,4941.325701243945,False,True,float16,341.47849742788117,288.8742582794768
1768628468.5247858,1,659.0,659,659,659,synthetic-7B,32,4096,32,32000,772.3485293398388,926.8182352078065,463.40911760390327,False,True,float16,392.62185547683384,96.53860945752587
1768628468.5248435,16,565.8125,899,160,9053,synthetic-7B,32,4096,32,32000,9718.187893415174,11661.825472098208,5830.912736049104,False,True,float16,444.69399766500317,139.99102759428544
1768628468.5248969,2,459.0,485,433,918,synthetic-7B,32,4096,32,32000,783.5133609793917,940.21603317527,470.108016587635,True,True,float16,182.07999438629753,298.97249939148156
1768628468.5249646,1,313.0,313,313,313,synthetic-7B,32,4096,32,32000,340.56525865473355,408.6783103856803,204.33915519284014,False,True,float16,214.2374402284169,31.484543724684208
1768628468.525021,4,510.0,690,308,2040,synthetic-7B,32,4096,32,32000,2096.5864924912253,2515.90379098947,1257.951895494735,False,False,float16,435.51017852992277,70.43041003298038
1768628468.5250747,1,58.0,58,58,58,synthetic-7B,32,4096,32,32000,55.09293775607604,66.11152530729125,33.05576265364562,False,True,float16,226.481419567513,216.27621305547774
1768628468.5251276,4,581.25,776,265,2325,synthetic-7B,32,4096,32,32000,1702.7387155187198,2043.2864586224637,1021.6432293112318,True,True,float16,482.510127424057,244.11289573677274
1768628468.5251806,16,573.375,971,63,9174,synthetic-7B,32,4096,32,32000,9224.948799095786,11069.938558914942,5534.969279457471,False,True,float16,225.22960758662802,411.30026072653004
1768628468.5252333,8,591.25,935,196,4730,synthetic-7B,32,4096,32,32000,4791.914389197605,5750.2972670371255,2875.1486335185627,False,True,float16,381.29133306593087,210.40752602383404
1768628468.5252867,4,742.25,966,355,2969,synthetic-7B,32,4096,32,32000,2136.8265634768086,2564.1918761721704,1282.0959380860852,True,True,float16,285.01652873068315,92.89449173476133
1768628468.525343,2,609.0,935,283,1218,synthetic-7B,32,4096,32,32000,1309.4445011706134,1571.3334014047362,785.6667007023681,False,True,float16,216.4067489127939,248.724829855354
1768628468.525398,8,737.0,942,276,5896,synthetic-7B,32,4096,32,32000,6772.2441807882615,8126.693016945914,4063.346508472957,False,False,float16,406.18121480139723,397.86232865326684
1768628468.525451,32,567.28125,997,84,18153,synthetic-7B,32,4096,32,32000,18137.72727257756,21765.27272709307,10882.636363546535,False,True,float16,456.1164429532705,478.8448001211197
1768628468.5255036,2,807.5,908,707,1615,synthetic-7B,32,4096,32,32000,1000.7328158569024,1200.879379028283,600.4396895141415,True,True,float16,382.9313815385444,478.52842890733444
1768628468.5255573,32,519.71875,973,55,16631,synthetic-7B,32,4096,32,32000,12802.822552624984,15363.387063149981,7681.693531574991,True,True,float16,132.53170499331378,123.22354161449249
1768628468.5256104,4,649.0,952,348,2596,synthetic-7B,32,4096,32,32000,2418.5715411044253,2902.28584932531,1451.142924662655,False,True,float16,287.9092570166067,436.1530614765109
1768628468.5256627,32,390.40625,952,61,12493,synthetic-7B,32,4096,32,32000,13105.799574593877,15726.959489512652,7863.479744756326,False,False,float16,445.82242213649124,260.6788096847665
1768628468.525716,16,523.125,923,69,8370,synthetic-7B,32,4096,32,32000,7704.836590024167,9245.803908029,4622.9019540145,False,True,float16,252.5477671066089,471.59438004596853
1768628468.525768,2,501.0,532,470,1002,synthetic-7B,32,4096,32,32000,1012.6332321752493,1215.159878610299,607.5799393051495,False,True,float16,409.81877846733033,364.24604607788
1768628468.5258193,16,449.75,831,99,7196,synthetic-7B,32,4096,32,32000,7712.863857915122,9255.436629498146,4627.718314749073,False,True,float16,113.20416963056977,114.29104203590467
1768628468.5258732,32,551.125,992,75,17636,synthetic-7B,32,4096,32,32000,13398.903327380198,16078.683992856237,8039.341996428118,True,False,float16,337.75928130505895,260.00156429793924
1768628468.5259264,2,308.5,563,54,617,synthetic-7B,32,4096,32,32000,786.3472839089721,943.6167406907665,471.80837034538325,False,True,float16,108.78781414545075,265.60566269999276
1768628468.5259957,32,507.0625,942,67,16226,synthetic-7B,32,4096,32,32000,16379.548867343281,19655.458640811936,9827.729320405968,False,True,float16,489.9415750730734,261.0026792682992
1768628468.5260549,4,558.75,772,210,2235,synthetic-7B,32,4096,32,32000,1731.614789049013,2077.9377468588154,1038.9688734294077,False,True,float16,298.7777729778135,94.95655045798735
1768628468.5261111,4,677.25,970,233,2709,synthetic-7B,32,4096,32,32000,2246.46388583389,2695.7566630006677,1347.8783315003338,True,True,float16,258.8213210271414,432.51329725061265
1768628468.5261695,4,407.75,898,57,1631,synthetic-7B,32,4096,32,32000,1675.3621633529822,2010.4345960235785,1005.2172980117892,False,True,float16,326.7280131726867,26.442840596852445
1768628468.5262244,1,679.0,679,679,679,synthetic-7B,32,4096,32,32000,538.1712241469761,645.8054689763713,322.9027344881857,True,True,float16,129.50898642788377,469.8842178263868
1768628468.5262764,32,512.96875,994,53,16415,synthetic-7B,32,4096,32,32000,14984.953414245289,17981.944097094347,8990.972048547173,False,False,float16,126.14995041380715,481.3561061737323
1768628468.526329,1,517.0,517,517,517,synthetic-7B,32,4096,32,32000,543.7499192029843,652.4999030435812,326.2499515217906,False,True,float16,293.04874724617605,427.05843694771977
1768628468.5263815,32,526.125,968,72,16836,synthetic-7B,32,4096,32,32000,15356.182994172012,18427.419593006412,9213.709796503206,False,False,float16,124.8158241390667,163.7327950927337
1768628468.5264335,2,885.5,951,820,1771,synthetic-7B,32,4096,32,32000,1915.2887886422266,2298.3465463706716,1149.1732731853358,False,False,float16,301.487071600351,441.5940084184429
1768628468.5264852,1,132.0,132,132,132,synthetic-7B,32,4096,32,32000,132.31136888989647,158.77364266787575,79.38682133393787,False,False,float16,289.96862101714095,443.53321068308367
1768628468.5265388,2,169.0,266,72,338,synthetic-7B,32,4096,32,32000,235.4421536070547,282.53058432846564,141.26529216423282,True,True,float16,436.6654049409075,267.28391819035295
1768628468.526591,32,542.375,937,68,17356,synthetic-7B,32,4096,32,32000,19160.457291325398,22992.548749590478,11496.274374795239,False,True,float16,372.7086428500347,190.39359867398838
1768628468.5266442,1,429.0,429,429,429,synthetic-7B,32,4096,32,32000,481.01973527461683,577.2236823295402,288.6118411647701,False,False,float16,495.7363609427414,177.3547176273797
1768628468.526704,4,337.0,504,117,1348,synthetic-7B,32,4096,32,32000,1533.5540715254535,1840.2648858305442,920.1324429152721,False,True,float16,280.9127085892848,315.7438943256834
1768628468.5267587,1,501.0,501,501,501,synthetic-7B,32,4096,32,32000,433.3331843939584,519.9998212727501,259.99991063637503,False,False,float16,295.973274751512,190.85579564528268
1768628468.5268118,4,269.5,426,130,1078,synthetic-7B,32,4096,32,32000,828.256646488272,993.9079757859264,496.9539878929632,True,True,float16,119.63393730580987,407.7440730240746
1768628468.526864,1,760.0,760,760,760,synthetic-7B,32,4096,32,32000,730.5570373179005,876.6684447814806,438.3342223907403,False,False,float16,373.99835995454066,404.072908730199
1768628468.5269163,32,622.6875,990,75,19926,synthetic-7B,32,4096,32,32000,15746.533200941598,18895.839841129917,9447.919920564958,True,True,float16,430.0066511723316,476.83679023779445
1768628468.5269694,4,553.75,946,174,2215,synthetic-7B,32,4096,32,32000,2895.1402644411723,3474.168317329407,1737.0841586647034,False,True,float16,103.43438050083465,403.96266488800126
1768628468.5270226,32,632.34375,970,53,20235,synthetic-7B,32,4096,32,32000,13792.423230061711,16550.907876074052,8275.453938037026,True,True,float16,166.76442584457277,404.3856195652703
1768628468.5270755,16,574.3125,975,117,9189,synthetic-7B,32,4096,32,32000,9993.225650149448,11991.870780179337,5995.9353900896685,False,False,float16,236.48279873509472,237.5739869505736
1768628468.5271297,8,618.875,937,348,4951,synthetic-7B,32,4096,32,32000,5121.3947118835185,6145.673654260222,3072.836827130111,False,False,float16,121.65564407640655,289.4278662465885
1768628468.5271811,4,675.0,984,141,2700,synthetic-7B,32,4096,32,32000,2116.5902699953126,2539.908323994375,1269.9541619971876,True,True,float16,488.72042626580145,93.54627023461563
1768628468.5272322,16,559.9375,950,76,8959,synthetic-7B,32,4096,32,32000,6333.530902821118,7600.237083385341,3800.1185416926705,True,True,float16,393.5462756938695,178.85906097847155
1768628468.5272913,16,576.0,965,209,9216,synthetic-7B,32,4096,32,32000,9609.497273000377,11531.396727600453,5765.698363800227,False,True,float16,170.65701297121467,438.89281556063213
1768628468.5273445,4,869.5,912,826,3478,synthetic-7B,32,4096,32,32000,4300.0411124119155,5160.049334894298,2580.024667447149,False,True,float16,319.8809532432788,210.26544281540242
1768628468.5274007,32,470.65625,990,61,15061,synthetic-7B,32,4096,32,32000,17126.901500573116,20552.28180068774,10276.14090034387,False,True,float16,134.9435267540428,76.13193136778098
1768628468.5274537,16,485.375,973,56,7766,synthetic-7B,32,4096,32,32000,9257.131958608541,11108.55835033025,5554.279175165125,False,True,float16,327.70399821377475,404.588686436325
1768628468.527505,2,287.0,501,73,574,synthetic-7B,32,4096,32,32000,525.4747378577352,630.5696854292822,315.2848427146411,False,True,float16,145.89135172066204,220.8247650400554
1768628468.5275578,1,543.0,543,543,543,synthetic-7B,32,4096,32,32000,594.2794703877634,713.135364465316,356.567682232658,False,True,float16,324.20029969634373,69.92171563533151
1768628468.5276093,2,532.5,609,456,1065,synthetic-7B,32,4096,32,32000,829.4575407895763,995.3490489474916,497.6745244737458,True,True,float16,338.91598959885357,497.8222065755147
1768628468.527662,1,923.0,923,923,923,synthetic-7B,32,4096,32,32000,1069.6056941607262,1283.5268329928715,641.7634164964358,False,True,float16,379.2468200573752,286.29815871962296
1768628468.5277143,8,569.75,808,215,4558,synthetic-7B,32,4096,32,32000,3692.5163211233803,4431.019585348056,2215.509792674028,True,False,float16,418.83032714990077,55.10383488925511
1768628468.5277658,2,881.5,983,780,1763,synthetic-7B,32,4096,32,32000,1760.7099296733395,2112.8519156080074,1056.4259578040037,False,False,float16,313.44020873136185,49.80212902226733
1768628468.5278187,8,501.0,899,102,4008,synthetic-7B,32,4096,32,32000,3007.101563483822,3608.521876180586,1804.260938090293,True,True,float16,371.5263132396856,482.1673197695522
1768628468.5278714,1,642.0,642,642,642,synthetic-7B,32,4096,32,32000,790.8331179689407,948.9997415627288,474.4998707813644,False,True,float16,381.7742397778664,188.61912225519703
1768628468.5279229,16,424.25,904,53,6788,synthetic-7B,32,4096,32,32000,7471.094494701004,8965.313393641205,4482.6566968206025,False,False,float16,294.5138138364481,272.5039131199773
1768628468.5279758,16,651.1875,966,125,10419,synthetic-7B,32,4096,32,32000,8967.517435346937,10761.020922416325,5380.510461208162,True,True,float16,210.3511635141634,487.9803211381229
1768628468.528033,16,429.875,969,105,6878,synthetic-7B,32,4096,32,32000,6836.114091097528,8203.336909317033,4101.668454658517,False,False,float16,247.6491366790639,53.108657531557306
1768628468.528087,16,524.9375,951,143,8399,synthetic-7B,32,4096,32,32000,9779.09702253797,11734.916427045564,5867.458213522782,False,True,float16,403.5563957752973,326.65468808691384
1768628468.52814,1,907.0,907,907,907,synthetic-7B,32,4096,32,32000,991.2042430185446,1189.4450916222536,594.7225458111268,False,True,float16,239.54420226047816,260.4358895104808
1768628468.528193,1,107.0,107,107,107,synthetic-7B,32,4096,32,32000,88.36095781532616,106.03314937839139,53.01657468919569,True,True,float16,446.5061990278697,383.91470883288827
1768628468.528245,4,652.25,988,383,2609,synthetic-7B,32,4096,32,32000,3106.1201429605235,3727.344171552628,1863.672085776314,False,True,float16,213.40884792222352,11.064670119677873
1768628468.528297,32,491.5625,969,123,15730,synthetic-7B,32,4096,32,32000,12713.404663000905,15256.085595601086,7628.042797800543,True,True,float16,121.00245558422635,217.89896137104887
1768628468.5283508,1,745.0,745,745,745,synthetic-7B,32,4096,32,32000,787.033306369466,944.4399676433592,472.2199838216796,False,True,float16,461.7131479383745,443.5279447102689
1768628468.5284038,8,488.125,730,198,3905,synthetic-7B,32,4096,32,32000,3565.7858476956353,4278.943017234762,2139.471508617381,False,True,float16,326.6286637300574,245.99190141726672
1768628468.5284567,2,718.5,768,669,1437,synthetic-7B,32,4096,32,32000,1079.656106372277,1295.5873276467323,647.7936638233662,True,True,float16,397.5867310527302,467.2697994009588
1768628468.528509,16,471.625,859,95,7546,synthetic-7B,32,4096,32,32000,8071.938393875921,9686.326072651105,4843.163036325553,False,True,float16,403.8343411316445,376.3958427256033
1768628468.5285656,4,534.5,945,166,2138,synthetic-7B,32,4096,32,32000,1882.5222477280136,2259.0266972736163,1129.5133486368081,True,True,float16,191.08716653724494,41.8989501176455
1768628468.5286183,4,696.5,918,287,2786,synthetic-7B,32,4096,32,32000,2863.6376955265064,3436.3652346318077,1718.1826173159038,False,True,float16,124.78495511942506,467.0325111437006
1768628468.5286741,8,508.5,809,307,4068,synthetic-7B,32,4096,32,32000,2711.6055974729425,3253.926716967531,1626.9633584837654,True,True,float16,443.78840435845166,314.4125340084442
1768628468.52873,2,720.5,863,578,1441,synthetic-7B,32,4096,32,32000,1521.245702593694,1825.4948431124328,912.7474215562164,False,True,float16,492.5502419111593,96.85448929764449
1768628468.5287824,4,566.5,887,94,2266,synthetic-7B,32,4096,32,32000,1734.5270109706373,2081.4324131647645,1040.7162065823823,True,True,float16,206.6098038995314,95.29532413308834
1768628468.528836,1,651.0,651,651,651,synthetic-7B,32,4096,32,32000,471.62758415734,565.9531009888079,282.97655049440397,True,True,float16,365.4637486292601,296.11381241068335
1768628468.5288894,2,501.0,698,304,1002,synthetic-7B,32,4096,32,32000,1026.5149441436483,1231.817932972378,615.908966486189,False,True,float16,364.8744445266432,371.6018586286757
1768628468.5289574,2,541.0,974,108,1082,synthetic-7B,32,4096,32,32000,1131.6796638772355,1358.0155966526825,679.0077983263412,False,True,float16,457.6054203913994,468.6354110434147
1768628468.5290167,2,892.0,953,831,1784,synthetic-7B,32,4096,32,32000,1871.460807756734,2245.752969308081,1122.8764846540405,False,True,float16,115.25704812224333,27.714844916843983
1768628468.529074,8,500.875,941,109,4007,synthetic-7B,32,4096,32,32000,3521.229490994291,4225.47538919315,2112.737694596575,False,False,float16,110.76699680251582,499.32564270706166
1768628468.5291278,8,522.25,981,90,4178,synthetic-7B,32,4096,32,32000,4846.894419789183,5816.27330374702,2908.13665187351,False,True,float16,270.9345702393751,272.3996931833455
1768628468.52918,32,566.0625,987,126,18114,synthetic-7B,32,4096,32,32000,18158.163845107716,21789.79661412926,10894.89830706463,False,True,float16,476.00394147340455,195.8104074455541
1768628468.5292335,32,535.5,994,83,17136,synthetic-7B,32,4096,32,32000,13455.21345807766,16146.256149693192,8073.128074846596,True,True,float16,269.7355219600944,51.48258674408986
1768628468.5292866,2,554.0,945,163,1108,synthetic-7B,32,4096,32,32000,1173.6740782689167,1408.4088939227,704.20444696135,False,True,float16,360.00544895458404,166.77929911581427
1768628468.5293396,2,106.0,134,78,212,synthetic-7B,32,4096,32,32000,214.60178676058524,257.5221441127023,128.76107205635114,False,True,float16,317.6183626460983,34.88799353126903
1768628468.5293994,1,617.0,617,617,617,synthetic-7B,32,4096,32,32000,520.5663106873398,624.6795728248077,312.33978641240384,False,False,float16,252.37459767596428,61.097673804356
1768628468.529453,4,294.25,656,104,1177,synthetic-7B,32,4096,32,32000,1421.116687682669,1705.3400252192027,852.6700126096014,False,True,float16,233.1704525370501,83.6118771912161
1768628468.5295079,8,541.375,803,195,4331,synthetic-7B,32,4096,32,32000,4094.5025450403564,4913.403054048427,2456.7015270242136,False,False,float16,467.49473311417245,466.14432626678195
1768628468.529561,2,548.0,993,103,1096,synthetic-7B,32,4096,32,32000,1065.836842999137,1279.0042115989643,639.5021057994821,False,True,float16,435.54501838907964,25.034332218998713
1768628468.529617,4,228.75,514,70,915,synthetic-7B,32,4096,32,32000,1063.1561079250907,1275.7873295101087,637.8936647550544,False,True,float16,174.77400000892266,397.43876149408914
1768628468.5296721,8,574.25,945,132,4594,synthetic-7B,32,4096,32,32000,3969.465538347329,4763.358646016794,2381.679323008397,True,True,float16,376.7739192091726,117.9673299356114
1768628468.529724,16,537.125,977,98,8594,synthetic-7B,32,4096,32,32000,7131.338695189079,8557.606434226895,4278.803217113447,True,True,float16,339.15042617132735,271.37789166875575
1768628468.5297768,2,463.5,501,426,927,synthetic-7B,32,4096,32,32000,988.2676486755383,1185.921178410646,592.960589205323,False,True,float16,162.8207351734918,454.2922111067652
1768628468.529834,8,405.125,919,156,3241,synthetic-7B,32,4096,32,32000,2045.6430812840874,2454.771697540905,1227.3858487704524,True,True,float16,239.7393295115122,131.05695452931036
1768628468.5298877,2,566.5,915,218,1133,synthetic-7B,32,4096,32,32000,942.4179249981107,1130.9015099977328,565.4507549988664,True,True,float16,453.65175197100973,147.68304640279885
1768628468.5299397,8,409.125,892,102,3273,synthetic-7B,32,4096,32,32000,3830.894221157452,4597.073065388942,2298.536532694471,False,False,float16,240.5510868441617,369.3709668833228
1768628468.5300145,32,503.8125,989,67,16122,synthetic-7B,32,4096,32,32000,12580.983034542964,15097.179641451556,7548.589820725778,True,True,float16,274.7169196828714,230.9209592729478
1768628468.5300736,4,567.25,979,174,2269,synthetic-7B,32,4096,32,32000,1542.534407902033,1851.0412894824397,925.5206447412198,True,True,float16,495.43340525006124,199.06343474294346
1768628468.5301292,16,511.0625,998,122,8177,synthetic-7B,32,4096,32,32000,6024.925523886816,7229.910628664179,3614.9553143320895,True,False,float16,121.77054665405795,101.53645202625458
1768628468.530182,32,588.71875,965,100,18839,synthetic-7B,32,4096,32,32000,10769.05390160271,12922.864681923253,6461.432340961626,True,True,float16,467.9740941139086,221.67457149148285
1768628468.530235,8,478.75,941,131,3830,synthetic-7B,32,4096,32,32000,4212.1824373877,5054.61892486524,2527.30946243262,False,True,float16,360.87487025415055,370.0307752988159
1768628468.5302873,2,157.0,166,148,314,synthetic-7B,32,4096,32,32000,258.28085648831694,309.9370277859803,154.96851389299016,True,True,float16,383.85866599369865,118.42282768243163
1768628468.530341,32,592.6875,999,54,18966,synthetic-7B,32,4096,32,32000,15750.849704546912,18901.019645456294,9450.509822728147,True,True,float16,319.3343599790445,270.77706804464805
1768628468.530395,32,448.5,843,56,14352,synthetic-7B,32,4096,32,32000,11454.441263489896,13745.329516187876,6872.664758093938,True,True,float16,490.04705395904307,330.7725420090805
1768628468.530449,8,630.25,975,72,5042,synthetic-7B,32,4096,32,32000,5299.633238533179,6359.559886239815,3179.7799431199073,False,False,float16,478.15969230891415,214.06567833450993
1768628468.5305018,16,511.5625,909,86,8185,synthetic-7B,32,4096,32,32000,8303.247941423751,9963.897529708502,4981.948764854251,False,True,float16,414.7753745158383,284.35867717348714
1768628468.5305552,2,462.5,504,421,925,synthetic-7B,32,4096,32,32000,888.2220493396945,1065.8664592076334,532.9332296038167,False,True,float16,391.33336785727215,11.071006681590903
1768628468.5306084,4,504.0,842,210,2016,synthetic-7B,32,4096,32,32000,2104.389829204172,2525.2677950450066,1262.6338975225033,False,True,float16,141.35720705112038,74.24957396613034
1768628468.5306602,4,781.25,955,335,3125,synthetic-7B,32,4096,32,32000,2615.5597512814957,3138.671701537795,1569.3358507688974,False,True,float16,287.2906645252365,222.48549655592336
1768628468.530713,4,427.75,838,90,1711,synthetic-7B,32,4096,32,32000,2016.011752406735,2419.214102888082,1209.607051444041,False,True,float16,378.1145599064898,290.32867862329556
1768628468.5307686,2,475.5,546,405,951,synthetic-7B,32,4096,32,32000,689.2749718421894,827.1299662106272,413.5649831053136,True,True,float16,142.39961568771838,428.9707061237402
1768628468.530822,4,696.75,960,362,2787,synthetic-7B,32,4096,32,32000,2108.8610378210483,2530.633245385258,1265.316622692629,True,True,float16,217.61943162451817,120.35835634693873
1768628468.5308754,2,385.5,514,257,771,synthetic-7B,32,4096,32,32000,528.4026689322322,634.0832027186786,317.0416013593393,True,True,float16,237.50651424725743,345.07777396349763
1768628468.530928,32,430.125,991,55,13764,synthetic-7B,32,4096,32,32000,14384.710036373723,17261.652043648468,8630.826021824234,False,True,float16,454.3113113615365,493.07182063078113
1768628468.5309808,4,454.5,914,102,1818,synthetic-7B,32,4096,32,32000,2305.183112259827,2766.219734711792,1383.109867355896,False,True,float16,291.3756634711199,124.12745069387235
1768628468.5310345,32,568.5,959,76,18192,synthetic-7B,32,4096,32,32000,17895.16158745045,21474.193904940537,10737.096952470269,False,True,float16,484.883961887707,113.97792648519564
1768628468.5310986,1,694.0,694,694,694,synthetic-7B,32,4096,32,32000,755.169289023003,906.2031468276035,453.10157341380176,False,True,float16,439.8657289264956,90.47832497023869
1768628468.5311508,32,480.15625,999,50,15365,synthetic-7B,32,4096,32,32000,13886.591884930695,16663.910261916833,8331.955130958417,False,True,float16,443.9609644028605,62.060706724610654
1768628468.5312045,1,692.0,692,692,692,synthetic-7B,32,4096,32,32000,631.6867758370852,758.0241310045022,379.0120655022511,False,False,float16,444.4373641436116,464.12168324713156
1768628468.5312583,16,586.0,999,68,9376,synthetic-7B,32,4096,32,32000,7835.126893982919,9402.152272779502,4701.076136389751,True,True,float16,125.08280654086144,260.77495466884636
1768628468.5313122,32,478.21875,961,61,15303,synthetic-7B,32,4096,32,32000,15424.309462074922,18509.171354489907,9254.585677244953,False,False,float16,137.57112766426388,138.75519906119828
1768628468.531365,1,993.0,993,993,993,synthetic-7B,32,4096,32,32000,1103.2734603237068,1323.928152388448,661.964076194224,False,True,float16,304.7575901576622,90.38669716037086
1768628468.5314221,8,510.875,962,59,4087,synthetic-7B,32,4096,32,32000,5042.110464872136,6050.532557846563,3025.2662789232813,False,True,float16,262.5267933314133,130.98392714355407
1768628468.5314777,2,639.0,667,611,1278,synthetic-7B,32,4096,32,32000,1491.4216895104807,1789.7060274125768,894.8530137062884,False,True,float16,104.90088815466775,126.35417787805575
1768628468.531532,8,473.875,889,76,3791,synthetic-7B,32,4096,32,32000,3710.9794683493183,4453.175362019182,2226.587681009591,False,True,float16,114.71985311314783,106.20236966322986
1768628468.5315855,2,646.5,714,579,1293,synthetic-7B,32,4096,32,32000,1381.7801220112046,1658.1361464134454,829.0680732067227,False,True,float16,438.0073953272645,398.28854012625
1768628468.5316393,16,523.125,990,72,8370,synthetic-7B,32,4096,32,32000,6089.667759737833,7307.601311685399,3653.8006558426996,True,False,float16,355.5849186640013,309.5420230443754
1768628468.5316927,1,199.0,199,199,199,synthetic-7B,32,4096,32,32000,120.60810599474445,144.72972719369332,72.36486359684666,True,True,float16,350.2539093079526,286.00523067057014
1768628468.5317454,32,562.8125,980,75,18010,synthetic-7B,32,4096,32,32000,19166.916595086448,23000.299914103736,11500.149957051868,False,True,float16,109.6271744604727,285.5351787144911
1768628468.5317988,4,704.5,990,409,2818,synthetic-7B,32,4096,32,32000,2829.1659194176405,3394.9991033011684,1697.4995516505842,False,False,float16,100.43395822717467,148.45752183677436
1768628468.5318515,8,446.0,894,234,3568,synthetic-7B,32,4096,32,32000,2834.3196179704323,3401.1835415645187,1700.5917707822593,True,True,float16,245.42383251306927,31.56021384232338
1768628468.5319037,1,190.0,190,190,190,synthetic-7B,32,4096,32,32000,194.15780749207838,232.98936899049403,116.49468449524701,False,True,float16,135.96254468355153,404.86051124640267
1768628468.5319562,16,509.125,933,82,8146,synthetic-7B,32,4096,32,32000,6760.923650445095,8113.108380534113,4056.5541902670566,True,True,float16,325.5184343792955,367.9841274759048
1768628468.532008,1,361.0,361,361,361,synthetic-7B,32,4096,32,32000,360.92591114164895,433.11109336997873,216.55554668498937,False,True,float16,323.3613599720966,105.31538922295351
1768628468.532063,2,304.0,311,297,608,synthetic-7B,32,4096,32,32000,669.1538548731747,802.9846258478096,401.4923129239048,False,True,float16,368.3611229545317,93.41169099640138
1768628468.5321214,1,328.0,328,328,328,synthetic-7B,32,4096,32,32000,328.6956402947047,394.4347683536456,197.2173841768228,False,True,float16,356.19069485042644,243.03984114348108
1768628468.5321755,4,376.0,707,60,1504,synthetic-7B,32,4096,32,32000,1327.6872026196666,1593.2246431436,796.6123215718,True,True,float16,414.19311697337514,337.9040058347903
1768628468.532229,16,528.0625,939,56,8449,synthetic-7B,32,4096,32,32000,8075.936631188098,9691.123957425716,4845.561978712858,False,True,float16,329.3923857785398,204.3909301439441
1768628468.5322866,8,245.125,529,54,1961,synthetic-7B,32,4096,32,32000,1455.021143095646,1746.0253717147752,873.0126858573876,True,True,float16,412.5029484094288,213.38588059500785
1768628468.5323398,8,672.75,986,314,5382,synthetic-7B,32,4096,32,32000,5395.0923589369695,6474.110830724363,3237.0554153621815,False,True,float16,105.67240722639522,359.2660701127847
1768628468.5323923,2,955.5,973,938,1911,synthetic-7B,32,4096,32,32000,1848.0905307016308,2217.708636841957,1108.8543184209784,False,False,float16,475.86358881842943,267.25684446636865
1768628468.532446,16,468.375,887,152,7494,synthetic-7B,32,4096,32,32000,6708.816530490548,8050.579836588657,4025.2899182943283,False,True,float16,214.79926299884642,368.5804143877109
1768628468.5324996,8,351.875,704,51,2815,synthetic-7B,32,4096,32,32000,3111.1260301570624,3733.3512361884746,1866.6756180942373,False,True,float16,187.68709972735795,52.04648162496283
1768628468.5325508,1,417.0,417,417,417,synthetic-7B,32,4096,32,32000,324.81009447455597,389.77211336946715,194.88605668473357,True,True,float16,406.88768517245404,198.99208852315374
1768628468.5326052,32,482.0,944,58,15424,synthetic-7B,32,4096,32,32000,16373.488315900287,19648.185979080343,9824.092989540171,False,True,float16,194.51201628202517,239.98539173956675
1768628468.532657,2,442.5,446,439,885,synthetic-7B,32,4096,32,32000,913.2869534063178,1095.9443440875814,547.9721720437907,False,True,float16,403.9541326596778,334.5711308018122
1768628468.5327082,8,537.125,983,78,4297,synthetic-7B,32,4096,32,32000,4405.097074605761,5286.116489526913,2643.0582447634565,False,True,float16,413.6802806921109,65.01658520531971
1768628468.5327632,8,601.625,966,90,4813,synthetic-7B,32,4096,32,32000,3904.9616226719345,4685.953947206322,2342.976973603161,True,True,float16,113.92880897016973,85.0484831095902
1768628468.532818,8,396.625,832,62,3173,synthetic-7B,32,4096,32,32000,2385.71263026672,2862.855156320064,1431.427578160032,True,True,float16,284.6200859535151,437.74557621015344
1768628468.532871,32,542.375,991,58,17356,synthetic-7B,32,4096,32,32000,21036.671665706017,25244.00599884722,12622.00299942361,False,True,float16,122.53783399614942,212.68267325574408
1768628468.532924,1,147.0,147,147,147,synthetic-7B,32,4096,32,32000,144.58960978694665,173.50753174433598,86.75376587216799,False,True,float16,411.3000185532691,169.808912411114
1768628468.5329964,32,527.3125,998,53,16874,synthetic-7B,32,4096,32,32000,14025.562518314757,16830.675021977706,8415.337510988853,True,True,float16,366.4807958371364,456.90127958635446
1768628468.5330517,1,901.0,901,901,901,synthetic-7B,32,4096,32,32000,859.4050130013158,1031.2860156015788,515.6430078007894,False,True,float16,441.4254316020124,166.97261979988926
1768628468.53311,32,508.96875,875,60,16287,synthetic-7B,32,4096,32,32000,12742.545143094827,15291.054171713791,7645.527085856896,True,True,float16,358.46092088088733,496.8113408836958
1768628468.533165,32,559.625,982,59,17908,synthetic-7B,32,4096,32,32000,18967.47309513617,22760.967714163406,11380.483857081703,False,True,float16,444.2467742841681,281.18279237967533
1768628468.5332186,8,582.0,871,187,4656,synthetic-7B,32,4096,32,32000,2812.1916241276404,3374.6299489531684,1687.3149744765842,True,True,float16,327.07177771641295,479.6874268109669
1768628468.5332713,32,523.96875,997,110,16767,synthetic-7B,32,4096,32,32000,16453.04677042321,19743.656124507852,9871.828062253926,False,True,float16,303.93602028325967,36.18223366996506
1768628468.533323,4,479.0,888,125,1916,synthetic-7B,32,4096,32,32000,1917.0548273480958,2300.465792817715,1150.2328964088574,False,True,float16,184.8090171472362,238.1232316796386
1768628468.533375,32,465.90625,976,70,14909,synthetic-7B,32,4096,32,32000,13087.933047946844,15705.519657536213,7852.759828768107,False,True,float16,226.7725760043649,241.95796927570302
1768628468.5334275,1,507.0,507,507,507,synthetic-7B,32,4096,32,32000,507.38877354525596,608.8665282543071,304.43326412715356,False,True,float16,490.67048921070176,352.08042615888706
1768628468.5334835,1,529.0,529,529,529,synthetic-7B,32,4096,32,32000,549.2655953684276,659.1187144421132,329.5593572210566,False,True,float16,493.9644223604225,228.0427591118947
1768628468.5335374,32,482.65625,929,119,15445,synthetic-7B,32,4096,32,32000,10059.771933571978,12071.726320286372,6035.863160143186,True,True,float16,233.1875746487348,159.14594937413204
1768628468.5335937,4,529.25,868,161,2117,synthetic-7B,32,4096,32,32000,2164.3097257246804,2597.1716708696163,1298.5858354348081,False,True,float16,182.89578624932835,47.064393037302345
1768628468.5336466,2,861.5,952,771,1723,synthetic-7B,32,4096,32,32000,1766.4387529351807,2119.7265035222167,1059.8632517611084,False,True,float16,370.94088356685046,142.3428295797843
1768628468.5337024,4,749.0,977,398,2996,synthetic-7B,32,4096,32,32000,2976.4342795649454,3571.7211354779342,1785.8605677389671,False,True,float16,446.69259107976546,88.29592663460525
1768628468.5337572,2,178.0,215,141,356,synthetic-7B,32,4096,32,32000,359.7046810950579,431.64561731406945,215.82280865703473,False,True,float16,490.3922994170073,280.52475282802834
1768628468.5338101,4,899.0,946,791,3596,synthetic-7B,32,4096,32,32000,2939.2882833379053,3527.1459400054864,1763.5729700027432,True,False,float16,353.78138416608283,145.3538524385183
1768628468.5338626,2,280.0,495,65,560,synthetic-7B,32,4096,32,32000,457.2248375372611,548.6698050447134,274.3349025223567,True,True,float16,192.8001359323116,89.65020285541115
1768628468.5339153,4,744.75,937,392,2979,synthetic-7B,32,4096,32,32000,2013.9153098112852,2416.698371773542,1208.349185886771,True,True,float16,267.3955813163098,363.0384772851647
1768628468.533969,2,344.0,547,141,688,synthetic-7B,32,4096,32,32000,713.4093714592436,856.0912457510923,428.04562287554614,False,True,float16,381.2684405677237,163.63901632859617
1768628468.53404,8,377.0,938,64,3016,synthetic-7B,32,4096,32,32000,2680.511550925673,3216.6138611108076,1608.3069305554038,False,True,float16,499.55969048877245,35.29855863529733
1768628468.534092,2,403.5,472,335,807,synthetic-7B,32,4096,32,32000,555.2015990770216,666.2419188924258,333.1209594462129,True,False,float16,367.3716474069317,399.7563042579933
1768628468.5341496,16,447.5,997,138,7160,synthetic-7B,32,4096,32,32000,6066.065892752066,7279.27907130248,3639.63953565124,True,False,float16,208.15516266772806,351.75575869819403
1768628468.5342047,4,546.5,896,234,2186,synthetic-7B,32,4096,32,32000,2670.319337513817,3204.3832050165806,1602.1916025082903,False,True,float16,221.20589275396068,178.29979299092872
1768628468.534258,8,532.5,958,60,4260,synthetic-7B,32,4096,32,32000,5489.760117139005,6587.712140566806,3293.856070283403,False,True,float16,424.97719088257963,277.2343460185678
1768628468.5343115,16,631.125,941,97,10098,synthetic-7B,32,4096,32,32000,11574.133201033806,13888.959841240567,6944.479920620283,False,True,float16,124.20754727666514,256.5414587632636
1768628468.5343647,32,485.875,907,52,15548,synthetic-7B,32,4096,32,32000,17988.80589102338,21586.56706922806,10793.28353461403,False,True,float16,294.08747088085124,256.3466808795704
1768628468.5344174,32,494.09375,989,80,15811,synthetic-7B,32,4096,32,32000,16037.010718366293,19244.41286203955,9622.206431019775,False,False,float16,372.1064623198703,401.9154443788995
1768628468.5344696,4,665.25,908,546,2661,synthetic-7B,32,4096,32,32000,2834.634706956772,3401.5616483481263,1700.7808241740631,False,True,float16,215.68817250142456,419.5687589121492
1768628468.5345225,32,464.0625,981,50,14850,synthetic-7B,32,4096,32,32000,10696.634605207935,12835.961526249523,6417.980763124761,True,True,float16,214.92763329565906,281.6803615598084
1768628468.5345745,4,429.5,802,175,1718,synthetic-7B,32,4096,32,32000,1953.899012525764,2344.6788150309167,1172.3394075154583,False,True,float16,322.13905067960013,440.8953303919189
1768628468.534627,16,592.5,987,119,9480,synthetic-7B,32,4096,32,32000,10358.412743885825,12430.095292662989,6215.047646331494,False,True,float16,479.72679594902513,73.15067509329486
1768628468.534679,32,584.65625,989,87,18709,synthetic-7B,32,4096,32,32000,20321.68108303558,24386.017299642695,12193.008649821348,False,True,float16,411.48210707877905,383.4130803081991
1768628468.5347323,2,461.5,668,255,923,synthetic-7B,32,4096,32,32000,1111.584038467665,1333.9008461611982,666.9504230805991,False,False,float16,457.29823910449096,205.34821837839806
1768628468.5347836,32,494.96875,961,115,15839,synthetic-7B,32,4096,32,32000,17051.00049397721,20461.200592772653,10230.600296386327,False,True,float16,115.95010444321102,415.7722244345144
1768628468.5352461,32,478.28125,957,73,15305,synthetic-7B,32,4096,32,32000,16405.220212060995,19686.264254473193,9843.132127236597,False,True,float16,493.68481047433426,168.29382949506595
1768628468.5353112,2,464.0,510,418,928,synthetic-7B,32,4096,32,32000,668.036440398503,801.6437284782036,400.8218642391018,True,False,float16,174.52696673157382,167.07410820446827
1768628468.5353682,32,556.6875,969,80,17814,synthetic-7B,32,4096,32,32000,20037.762097432857,24045.31451691943,12022.657258459714,False,True,float16,359.810748869554,215.40342486229943
1768628468.5354261,16,460.4375,839,149,7367,synthetic-7B,32,4096,32,32000,6192.682953903508,7431.219544684209,3715.6097723421044,True,True,float16,217.6232679149618,484.78905251257083
1768628468.5354817,2,724.5,987,462,1449,synthetic-7B,32,4096,32,32000,1297.9244390145202,1557.5093268174242,778.7546634087121,False,True,float16,493.8794728655107,485.77831889518484
1768628468.5355377,32,485.90625,966,58,15549,synthetic-7B,32,4096,32,32000,16193.769831835523,19432.523798202626,9716.261899101313,False,True,float16,256.4962070317914,233.16055765105995
1768628468.535594,1,412.0,412,412,412,synthetic-7B,32,4096,32,32000,496.8373188815984,596.204782657918,298.102391328959,False,True,float16,459.3580138151963,424.4100777573132
1768628468.535651,8,395.25,826,86,3162,synthetic-7B,32,4096,32,32000,2684.5689148893393,3221.482697867207,1610.7413489336036,True,True,float16,296.32789183229295,247.93472541684298
1768628468.5357075,4,573.75,758,374,2295,synthetic-7B,32,4096,32,32000,2264.3393787167433,2717.207254460092,1358.603627230046,False,False,float16,233.12865682821723,129.3976608509054
1768628468.5357637,16,554.8125,873,133,8877,synthetic-7B,32,4096,32,32000,8408.124347449506,10089.749216939406,5044.874608469703,False,True,float16,110.4493759764611,36.603461165112506
1768628468.5358198,1,250.0,250,250,250,synthetic-7B,32,4096,32,32000,176.66434719198696,211.99721663038434,105.99860831519217,True,False,float16,142.84513700594718,223.04338797478363
1768628468.5358765,4,670.75,937,128,2683,synthetic-7B,32,4096,32,32000,2093.325701533263,2511.9908418399154,1255.9954209199577,True,True,float16,441.13375785234854,238.79717394167616
1768628468.5359356,16,505.4375,960,50,8087,synthetic-7B,32,4096,32,32000,8113.2797014943335,9735.9356417932,4867.9678208966,False,True,float16,349.35356077257836,274.69866051826875
1768628468.5359926,8,535.625,809,192,4285,synthetic-7B,32,4096,32,32000,4309.328571339658,5171.194285607589,2585.5971428037947,False,True,float16,141.1124533495709,246.921705321982
1768628468.536049,1,749.0,749,749,749,synthetic-7B,32,4096,32,32000,757.357058022143,908.8284696265715,454.41423481328576,False,True,float16,441.3607291869416,46.614439837369275
1768628468.5361054,32,557.125,996,58,17828,synthetic-7B,32,4096,32,32000,18241.841373912364,21890.209648694836,10945.104824347418,False,True,float16,355.75801832058585,155.15535865873218
1768628468.536162,1,216.0,216,216,216,synthetic-7B,32,4096,32,32000,238.00954143161277,285.61144971793533,142.80572485896766,False,True,float16,341.343771309054,234.02390131512806
1768628468.5362182,2,682.0,758,606,1364,synthetic-7B,32,4096,32,32000,942.2879495053146,1130.7455394063775,565.3727697031887,True,True,float16,107.47991821407142,465.76494839175666
1768628468.536274,16,537.5,884,209,8600,synthetic-7B,32,4096,32,32000,6501.604126332735,7801.9249515992815,3900.9624757996407,True,False,float16,145.20474729750987,298.51802432033827
1768628468.5363302,16,452.375,822,56,7238,synthetic-7B,32,4096,32,32000,7588.906735700773,9106.688082840928,4553.344041420464,False,True,float16,462.05659787988986,328.45499659431715
1768628468.5363858,2,264.5,300,229,529,synthetic-7B,32,4096,32,32000,398.9491749585479,478.73900995025747,239.36950497512873,True,True,float16,361.0953747919016,455.3222987651266
1768628468.5364406,1,710.0,710,710,710,synthetic-7B,32,4096,32,32000,563.5503580041163,676.2604296049395,338.13021480246977,True,False,float16,103.69779634980243,314.4228234362348
1768628468.5364969,8,623.5,994,283,4988,synthetic-7B,32,4096,32,32000,5072.2737603076075,6086.728512369129,3043.3642561845645,False,True,float16,414.3536800056466,151.51225148889773
1768628468.5365572,4,559.75,875,118,2239,synthetic-7B,32,4096,32,32000,2429.542298823326,2915.450758587991,1457.7253792939955,False,True,float16,123.20869836900408,424.139804368582
1768628468.536614,16,448.0,922,80,7168,synthetic-7B,32,4096,32,32000,7384.083025403669,8860.899630484402,4430.449815242201,False,True,float16,172.072644361342,493.44787025493673
1768628468.536673,8,426.125,792,125,3409,synthetic-7B,32,4096,32,32000,3660.2275236819514,4392.273028418342,2196.136514209171,False,True,float16,166.51345064184932,50.30001548657134
1768628468.5367286,4,686.75,948,176,2747,synthetic-7B,32,4096,32,32000,3038.5253963887853,3646.230475666542,1823.115237833271,False,True,float16,363.78334774190154,303.80270177339764
1768628468.5367837,2,817.5,953,682,1635,synthetic-7B,32,4096,32,32000,1684.1141575873012,2020.9369891047613,1010.4684945523807,False,True,float16,260.82564874751336,455.22899413246154
1768628468.5368392,4,556.0,947,140,2224,synthetic-7B,32,4096,32,32000,2330.759806134795,2796.911767361754,1398.455883680877,False,False,float16,185.8963138454199,12.408598385926592
1768628468.536895,1,868.0,868,868,868,synthetic-7B,32,4096,32,32000,955.051571585195,1146.061885902234,573.030942951117,False,True,float16,440.61763299131115,79.78382469621631
1768628468.5369668,4,475.0,938,79,1900,synthetic-7B,32,4096,32,32000,1766.7357763450946,2120.0829316141135,1060.0414658070567,False,True,float16,365.15952738467416,118.70457597871761
1768628468.5370312,8,532.875,967,59,4263,synthetic-7B,32,4096,32,32000,4895.298614151602,5874.358336981923,2937.1791684909613,False,True,float16,340.99100789684263,247.20296352414658
1768628468.5370882,32,547.96875,997,75,17535,synthetic-7B,32,4096,32,32000,19757.576741623754,23709.092089948503,11854.546044974251,False,True,float16,267.60008634832474,253.19378716529454
1768628468.5371451,32,453.46875,970,61,14511,synthetic-7B,32,4096,32,32000,14729.373255468996,17675.247906562796,8837.623953281398,False,True,float16,349.4470330994029,158.76700035460297
1768628468.5372012,8,536.875,969,81,4295,synthetic-7B,32,4096,32,32000,4377.1056413828555,5252.5267696594265,2626.2633848297132,False,True,float16,106.25641482278638,283.09289578348694
1768628468.5372572,2,341.5,395,288,683,synthetic-7B,32,4096,32,32000,642.6986823590097,771.2384188308116,385.6192094154058,False,True,float16,177.73906496186495,362.12798386981586
1768628468.5373147,8,518.125,955,57,4145,synthetic-7B,32,4096,32,32000,2823.608494457638,3388.3301933491653,1694.1650966745826,True,True,float16,465.73037786316905,157.11339762074854
1768628468.5373712,32,490.59375,969,55,15699,synthetic-7B,32,4096,32,32000,15679.381730530287,18815.258076636343,9407.629038318171,False,True,float16,220.28999680780714,353.9853701127981
1768628468.537427,16,523.25,959,54,8372,synthetic-7B,32,4096,32,32000,8612.117017689598,10334.540421227517,5167.2702106137585,False,True,float16,326.44307043194675,432.13960098288646
1768628468.5374837,8,464.125,973,91,3713,synthetic-7B,32,4096,32,32000,2874.359112137101,3449.2309345645212,1724.6154672822606,True,True,float16,269.49499636562956,22.460568477964898
1768628468.537539,8,522.375,813,193,4179,synthetic-7B,32,4096,32,32000,4343.303016949171,5211.9636203390055,2605.9818101695028,False,True,float16,354.05866245694847,317.9788261686522
1768628468.5375957,1,418.0,418,418,418,synthetic-7B,32,4096,32,32000,317.8861250226455,381.4633500271746,190.7316750135873,True,True,float16,246.31347730471066,461.93381893351835
1768628468.5376515,8,620.375,947,161,4963,synthetic-7B,32,4096,32,32000,4410.400191390685,5292.480229668822,2646.240114834411,False,True,float16,254.40500153437497,171.76319091828591
1768628468.5377083,16,637.8125,969,237,10205,synthetic-7B,32,4096,32,32000,10776.394600078549,12931.673520094258,6465.836760047129,False,False,float16,269.2791087316835,216.50447365636902
1768628468.537764,16,448.125,996,59,7170,synthetic-7B,32,4096,32,32000,7685.779523446594,9222.935428135912,4611.467714067956,False,True,float16,345.15252014315524,319.124696202754
1768628468.537826,8,590.625,982,77,4725,synthetic-7B,32,4096,32,32000,3580.010493541178,4296.0125922494135,2148.0062961247068,True,True,float16,393.5154832834386,62.042724201314726
1768628468.5378816,1,61.0,61,61,61,synthetic-7B,32,4096,32,32000,60.06927095971057,72.08312515165268,36.04156257582634,True,True,float16,394.1671628013712,304.01002133417586
1768628468.5379374,8,562.5,972,88,4500,synthetic-7B,32,4096,32,32000,5229.334461744962,6275.201354093954,3137.600677046977,False,True,float16,127.9904078532958,170.9240429276673
1768628468.5380056,16,404.5625,946,59,6473,synthetic-7B,32,4096,32,32000,7190.140365964289,8628.168439157147,4314.0842195785735,False,True,float16,405.93309350272904,397.6755743841852
1768628468.5380635,4,590.25,877,446,2361,synthetic-7B,32,4096,32,32000,1498.2107017033877,1797.8528420440653,898.9264210220326,True,True,float16,425.91082341465176,246.3870525926512
1768628468.538124,2,262.0,381,143,524,synthetic-7B,32,4096,32,32000,600.8895680949898,721.0674817139878,360.5337408569939,False,False,float16,135.5785029591718,216.14748910578774
1768628468.5381813,1,144.0,144,144,144,synthetic-7B,32,4096,32,32000,138.60013624000126,166.3201634880015,83.16008174400075,False,True,float16,276.845595248648,463.6266463128271
1768628468.5382369,1,742.0,742,742,742,synthetic-7B,32,4096,32,32000,714.728868991118,857.6746427893416,428.8373213946708,False,True,float16,250.5233196362011,289.71240730529973
1768628468.5382924,2,300.5,334,267,601,synthetic-7B,32,4096,32,32000,601.2417909799052,721.4901491758862,360.7450745879431,False,True,float16,245.97834205607674,244.9157894492983
1768628468.538349,4,360.5,813,83,1442,synthetic-7B,32,4096,32,32000,1587.6534641453047,1905.1841569743656,952.5920784871828,False,False,float16,280.27914341656583,364.24868590479645
1768628468.5384054,16,567.75,995,173,9084,synthetic-7B,32,4096,32,32000,7137.206321252874,8564.647585503448,4282.323792751724,True,True,float16,292.3822459495548,253.4704099849327
1768628468.538461,1,592.0,592,592,592,synthetic-7B,32,4096,32,32000,731.3311049738985,877.5973259686782,438.7986629843391,False,True,float16,405.9503340016238,305.15920408005485
1768628468.5385187,16,506.1875,908,60,8099,synthetic-7B,32,4096,32,32000,6261.561837817701,7513.874205381241,3756.9371026906206,True,True,float16,451.8848988807008,329.01389756509263
1768628468.538575,16,579.0,969,121,9264,synthetic-7B,32,4096,32,32000,9808.678442893712,11770.414131472453,5885.2070657362265,False,True,float16,114.03932063110864,122.39606446589126
1768628468.5386295,1,416.0,416,416,416,synthetic-7B,32,4096,32,32000,383.4036181160783,460.08434173929396,230.04217086964698,False,False,float16,263.3630311284576,127.38850580912955
1768628468.5386844,16,632.25,995,91,10116,synthetic-7B,32,4096,32,32000,10704.711318344,12845.6535820128,6422.8267910064,False,False,float16,284.89206691448,239.87779963665395
1768628468.5387418,32,502.90625,962,80,16093,synthetic-7B,32,4096,32,32000,17480.205612309117,20976.24673477094,10488.12336738547,False,True,float16,450.149144341818,135.485565476464
1768628468.5387976,16,383.875,819,77,6142,synthetic-7B,32,4096,32,32000,5046.206736268544,6055.448083522252,3027.724041761126,True,False,float16,411.36569107750745,281.45995467682343
1768628468.5388575,2,553.5,811,296,1107,synthetic-7B,32,4096,32,32000,1151.257978646543,1381.5095743758516,690.7547871879258,False,False,float16,116.47326922137879,491.75756833840944
1768628468.538913,1,852.0,852,852,852,synthetic-7B,32,4096,32,32000,753.5934246410951,904.3121095693141,452.15605478465704,False,True,float16,275.91738864465,145.64135365244718
1768628468.5389733,32,497.84375,961,54,15931,synthetic-7B,32,4096,32,32000,16222.036437322211,19466.44372478665,9733.221862393326,False,True,float16,368.45370764183355,138.6971041384762
1768628468.5390308,1,895.0,895,895,895,synthetic-7B,32,4096,32,32000,963.3676890784518,1156.041226894142,578.020613447071,False,True,float16,428.27854178278756,437.6101730134044
1768628468.5390887,8,518.0,918,168,4144,synthetic-7B,32,4096,32,32000,4504.8192116803375,5405.783054016405,2702.8915270082025,False,True,float16,110.7283966671837,160.73366767808065
1768628468.5391462,8,437.75,732,171,3502,synthetic-7B,32,4096,32,32000,2810.178614304519,3372.214337165423,1686.1071685827114,True,True,float16,290.3171031985794,128.7178930429893
1768628468.539206,32,540.875,921,68,17308,synthetic-7B,32,4096,32,32000,17887.664150458302,21465.19698054996,10732.59849027498,False,False,float16,142.20344647324805,427.4638838242219
1768628468.5392628,16,573.9375,844,85,9183,synthetic-7B,32,4096,32,32000,6505.814091616909,7806.97690994029,3903.488454970145,True,True,float16,376.56888779889533,286.6082896351291
1768628468.53932,8,332.5,798,83,2660,synthetic-7B,32,4096,32,32000,1967.4560378043439,2360.9472453652124,1180.4736226826062,True,False,float16,433.0047193070711,260.961136083719
1768628468.5393777,32,555.46875,976,56,17775,synthetic-7B,32,4096,32,32000,19205.390969423035,23046.46916330764,11523.23458165382,False,True,float16,168.29548588502092,31.266506085762057
1768628468.539434,1,52.0,52,52,52,synthetic-7B,32,4096,32,32000,56.489212508318865,67.78705500998264,33.89352750499132,False,False,float16,288.9002043046802,24.283885443730167
1768628468.53949,8,371.25,865,54,2970,synthetic-7B,32,4096,32,32000,2211.858712826457,2654.2304553917484,1327.1152276958742,False,False,float16,211.91607879173228,194.37998917849558
1768628468.5395486,2,444.0,543,345,888,synthetic-7B,32,4096,32,32000,850.4163973016998,1020.4996767620397,510.24983838101986,False,True,float16,410.4938828868566,112.14591776399745
1768628468.5396051,4,337.0,523,247,1348,synthetic-7B,32,4096,32,32000,1577.6834569121586,1893.2201482945902,946.6100741472951,False,True,float16,373.0364577237697,197.49402215163056
1768628468.5396614,8,436.25,772,238,3490,synthetic-7B,32,4096,32,32000,3745.5010391088504,4494.601246930621,2247.3006234653103,False,True,float16,156.29307413485662,76.65219180282159
1768628468.539718,32,624.65625,972,197,19989,synthetic-7B,32,4096,32,32000,21957.05696217237,26348.468354606845,13174.234177303422,False,True,float16,211.51758966426345,182.93566264228542
1768628468.5397737,32,455.03125,966,59,14561,synthetic-7B,32,4096,32,32000,10419.496922569548,12503.396307083456,6251.698153541728,True,True,float16,387.9221482989958,250.11967092763564
1768628468.5398304,16,455.4375,986,63,7287,synthetic-7B,32,4096,32,32000,5844.364017252303,7013.236820702763,3506.6184103513815,True,True,float16,151.92804196678563,429.00498445536033
1768628468.5398865,4,415.5,746,115,1662,synthetic-7B,32,4096,32,32000,1378.9238361839998,1654.7086034207998,827.3543017103999,True,True,float16,219.07714833558308,266.5395508582927
1768628468.5399427,32,575.40625,988,84,18413,synthetic-7B,32,4096,32,32000,17937.544121234692,21525.05294548163,10762.526472740816,False,True,float16,166.797307017474,337.0519611986296
1768628468.54,16,532.25,984,120,8516,synthetic-7B,32,4096,32,32000,7673.514300370237,9208.217160444285,4604.108580222142,False,True,float16,193.54755951103968,339.64592259410335
1768628468.5400577,32,459.28125,861,55,14697,synthetic-7B,32,4096,32,32000,11153.769189915502,13384.523027898602,6692.261513949301,True,True,float16,272.4449844704501,470.378496156525
1768628468.5401142,32,498.8125,978,81,15962,synthetic-7B,32,4096,32,32000,13132.204390555744,15758.645268666893,7879.322634333446,True,False,float16,389.9144040081651,494.6718270440636
1768628468.5401702,32,529.4375,957,112,16942,synthetic-7B,32,4096,32,32000,17240.979796584175,20689.17575590101,10344.587877950506,False,True,float16,254.2130445973466,362.90858803283663
1768628468.540226,2,730.5,910,551,1461,synthetic-7B,32,4096,32,32000,1211.9008832047045,1454.2810598456454,727.1405299228227,True,True,float16,362.15743933485123,168.7539377046571
1768628468.5402877,1,255.0,255,255,255,synthetic-7B,32,4096,32,32000,242.43646810685289,290.92376172822344,145.46188086411172,False,True,float16,230.27915144437276,480.5344211843969
1768628468.5403457,16,574.125,983,90,9186,synthetic-7B,32,4096,32,32000,7668.99865601403,9202.798387216835,4601.399193608418,False,False,float16,163.49495478589068,353.90131673177063
1768628468.5404017,8,661.375,999,91,5291,synthetic-7B,32,4096,32,32000,5196.06512516589,6235.278150199068,3117.639075099534,False,True,float16,358.1981416318748,324.64531316147276
1768628468.5404565,1,239.0,239,239,239,synthetic-7B,32,4096,32,32000,218.75314379361848,262.5037725523422,131.2518862761711,False,True,float16,474.4591513748814,205.98854975340626
1768628468.5405173,2,608.0,643,573,1216,synthetic-7B,32,4096,32,32000,940.5696515175366,1128.6835818210438,564.3417909105219,True,True,float16,398.0337085969226,223.70662074467057
1768628468.5405736,4,557.5,957,374,2230,synthetic-7B,32,4096,32,32000,2146.402373610962,2575.682848333154,1287.841424166577,False,True,float16,334.90664731292543,242.42189281242077
1768628468.5406299,1,316.0,316,316,316,synthetic-7B,32,4096,32,32000,340.35251162786363,408.42301395343634,204.21150697671817,False,False,float16,452.2243098648568,373.4418345689573
1768628468.5406892,4,285.25,473,54,1141,synthetic-7B,32,4096,32,32000,783.7805178092963,940.5366213711554,470.2683106855777,True,True,float16,298.13589698337336,46.850283621588055
1768628468.5407462,16,486.5,868,177,7784,synthetic-7B,32,4096,32,32000,8345.93562365217,10015.122748382604,5007.561374191302,False,False,float16,223.091736864047,428.4650713095076
1768628468.5408034,16,508.8125,979,84,8141,synthetic-7B,32,4096,32,32000,6171.798145670805,7406.157774804966,3703.078887402483,True,True,float16,133.79613939733338,55.04969479538024
1768628468.5408597,4,664.5,930,447,2658,synthetic-7B,32,4096,32,32000,2155.6565094616008,2586.787811353921,1293.3939056769605,True,False,float16,485.4440871400092,417.46801322436403
1768628468.540916,32,509.0625,973,102,16290,synthetic-7B,32,4096,32,32000,15626.598447787268,18751.91813734472,9375.95906867236,False,False,float16,408.837933155476,442.217064028927
1768628468.5409923,4,567.5,994,132,2270,synthetic-7B,32,4096,32,32000,1928.3600788161352,2314.0320945793624,1157.0160472896812,True,True,float16,201.93113194965622,335.0473527149992
1768628468.541052,8,496.625,980,132,3973,synthetic-7B,32,4096,32,32000,3299.2616250813135,3959.113950097576,1979.556975048788,True,True,float16,111.81269694150929,429.29345386741807
1768628468.5411074,1,819.0,819,819,819,synthetic-7B,32,4096,32,32000,729.2596111669069,875.1115334002883,437.55576670014415,False,True,float16,161.2930733199808,420.3831187798908
1768628468.5411637,4,349.25,763,60,1397,synthetic-7B,32,4096,32,32000,1132.0007773062819,1358.4009327675383,679.2004663837691,True,False,float16,365.13739822628133,26.75223428285601
1768628468.541221,8,533.5,921,180,4268,synthetic-7B,32,4096,32,32000,3374.77895393833,4049.7347447259954,2024.8673723629977,False,True,float16,124.30875119440512,481.4912354113298
1768628468.5412784,32,444.125,965,51,14212,synthetic-7B,32,4096,32,32000,14742.435387489637,17690.922464987565,8845.461232493783,False,False,float16,369.22445751128765,284.5761069662881
1768628468.5413349,32,496.03125,991,60,15873,synthetic-7B,32,4096,32,32000,16613.37761980132,19936.053143761583,9968.026571880791,False,True,float16,492.99189800469,303.4806624763914
1768628468.5413907,16,583.25,960,110,9332,synthetic-7B,32,4096,32,32000,11883.943317905176,14260.731981486211,7130.365990743106,False,True,float16,413.84105001570384,472.3839515239448
1768628468.541447,2,560.5,637,484,1121,synthetic-7B,32,4096,32,32000,1389.5856867619511,1667.5028241143414,833.7514120571707,False,True,float16,138.5379301512556,93.25592550008145
1768628468.5415022,1,529.0,529,529,529,synthetic-7B,32,4096,32,32000,555.5421306638618,666.6505567966342,333.3252783983171,False,False,float16,470.17356822536414,181.6924607985615
1768628468.5415587,1,364.0,364,364,364,synthetic-7B,32,4096,32,32000,312.9270942706084,375.51251312473005,187.75625656236502,False,True,float16,421.2898529920191,482.13211098175043
1768628468.5416145,4,348.25,511,258,1393,synthetic-7B,32,4096,32,32000,1425.4360915397383,1710.5233098476858,855.2616549238429,False,False,float16,290.4455397890683,252.637515166915
1768628468.5416703,16,491.0625,946,108,7857,synthetic-7B,32,4096,32,32000,7691.775502009436,9230.130602411324,4615.065301205662,False,True,float16,328.11620730546747,274.71598050342425
1768628468.5417309,2,351.5,425,278,703,synthetic-7B,32,4096,32,32000,561.642157394373,673.9705888732476,336.9852944366238,True,True,float16,343.2055900176107,382.0592668839095
1768628468.5417871,2,470.5,544,397,941,synthetic-7B,32,4096,32,32000,985.5496498720547,1182.6595798464657,591.3297899232329,False,True,float16,166.39382770076497,234.51326385356137
1768628468.541846,4,473.75,980,201,1895,synthetic-7B,32,4096,32,32000,2217.9034242504363,2661.4841091005233,1330.7420545502616,False,True,float16,319.259581761449,163.63810621574464
1768628468.5419018,1,95.0,95,95,95,synthetic-7B,32,4096,32,32000,99.56814231282672,119.48177077539206,59.74088538769603,False,True,float16,361.93018347309726,406.9606686999633
1768628468.5419576,1,511.0,511,511,511,synthetic-7B,32,4096,32,32000,310.52166419480363,372.62599703376435,186.31299851688217,True,True,float16,303.1183519577258,133.4900882296291
1768628468.542037,4,598.25,768,372,2393,synthetic-7B,32,4096,32,32000,2339.058521759895,2806.8702261118738,1403.4351130559369,False,True,float16,133.59008877061575,95.18792624950291
1768628468.542096,32,467.09375,970,63,14947,synthetic-7B,32,4096,32,32000,14774.816201942887,17729.779442331463,8864.889721165731,False,True,float16,180.22911160314965,206.47517242403154
1768628468.5421524,2,417.0,653,181,834,synthetic-7B,32,4096,32,32000,733.621296370296,880.3455556443552,440.1727778221776,True,True,float16,130.1087159130355,429.1373847317031
1768628468.5422084,32,537.34375,986,51,17195,synthetic-7B,32,4096,32,32000,11833.08815280342,14199.705783364105,7099.852891682052,True,True,float16,171.6685868937272,417.6079875711907
1768628468.5422654,2,809.0,933,685,1618,synthetic-7B,32,4096,32,32000,1221.976587374383,1466.3719048492594,733.1859524246297,True,True,float16,496.20431273418717,410.566559527539
1768628468.5423212,1,62.0,62,62,62,synthetic-7B,32,4096,32,32000,67.82485162882013,81.38982195458415,40.694910977292075,False,True,float16,256.4166181866681,411.51652450321126
1768628468.5423775,1,281.0,281,281,281,synthetic-7B,32,4096,32,32000,292.2926129603426,350.7511355524111,175.37556777620554,False,True,float16,379.0394803250524,189.25906000778258
1768628468.5424387,32,560.3125,967,52,17930,synthetic-7B,32,4096,32,32000,20284.586622702205,24341.503947242647,12170.751973621323,False,True,float16,382.47548078763367,325.6507315912314
1768628468.5424953,4,611.75,846,280,2447,synthetic-7B,32,4096,32,32000,1808.8813631502205,2170.6576357802646,1085.3288178901323,True,True,float16,438.52844472250575,369.60500817007033
1768628468.5425508,8,647.625,866,174,5181,synthetic-7B,32,4096,32,32000,5071.581072386058,6085.897286863269,3042.9486434316345,False,True,float16,273.5588334870323,92.37842495293695
1768628468.5426059,16,524.375,969,96,8390,synthetic-7B,32,4096,32,32000,8816.676371203906,10580.011645444687,5290.0058227223435,False,True,float16,487.08485636493333,216.24636003058563
1768628468.5426629,8,490.125,986,96,3921,synthetic-7B,32,4096,32,32000,3060.1691916975997,3672.2030300371193,1836.1015150185597,True,True,float16,246.79875391583232,117.07557663626119
1768628468.542719,16,652.9375,992,246,10447,synthetic-7B,32,4096,32,32000,9803.190107563787,11763.828129076544,5881.914064538272,False,True,float16,379.5894720842106,229.71310039276833
1768628468.542776,2,416.5,577,256,833,synthetic-7B,32,4096,32,32000,641.6332259030378,769.9598710836453,384.97993554182267,True,True,float16,112.36877260327218,334.30175302353985
1768628468.5428321,1,268.0,268,268,268,synthetic-7B,32,4096,32,32000,231.51738475190038,277.82086170228047,138.91043085114023,False,False,float16,347.34317672755157,371.20415511843026
1768628468.5428886,8,514.625,983,276,4117,synthetic-7B,32,4096,32,32000,5082.23035451283,6098.676425415396,3049.338212707698,False,True,float16,389.3502223416019,75.86008655590082
1768628468.5429454,4,435.75,743,83,1743,synthetic-7B,32,4096,32,32000,2018.4360019609626,2422.123202353155,1211.0616011765776,False,True,float16,310.55148577776333,119.30139210799786
1768628468.543001,2,826.0,907,745,1652,synthetic-7B,32,4096,32,32000,1831.8792291836469,2198.2550750203764,1099.1275375101882,False,True,float16,450.0310784957384,451.9670864642254
1768628468.5430558,16,623.6875,983,213,9979,synthetic-7B,32,4096,32,32000,10211.431850970212,12253.718221164254,6126.859110582127,False,True,float16,159.14260307416072,487.2279901990902
1768628468.5431163,4,520.75,818,227,2083,synthetic-7B,32,4096,32,32000,2173.4127789620666,2608.0953347544796,1304.0476673772398,False,False,float16,482.72850832948563,264.3266735468128
1768628468.5431762,1,353.0,353,353,353,synthetic-7B,32,4096,32,32000,367.44646463806646,440.93575756567975,220.46787878283988,False,True,float16,308.02038703121025,186.01399128885257
1768628468.5432346,8,623.625,971,113,4989,synthetic-7B,32,4096,32,32000,4153.885731826995,4984.662878192394,2492.331439096197,True,True,float16,438.0761257781489,247.91525057583289
1768628468.5432913,8,448.0,992,57,3584,synthetic-7B,32,4096,32,32000,3383.856637575935,4060.627965091122,2030.313982545561,False,True,float16,427.22998047188105,261.1520031844725
1768628468.5433476,1,414.0,414,414,414,synthetic-7B,32,4096,32,32000,326.7184942044587,392.0621930453504,196.0310965226752,True,True,float16,366.32751340816714,253.78762917027674
1768628468.543405,16,420.875,855,181,6734,synthetic-7B,32,4096,32,32000,5477.031567245493,6572.437880694591,3286.2189403472953,True,False,float16,144.43483533908966,389.9349928119394
1768628468.5434616,4,541.25,749,363,2165,synthetic-7B,32,4096,32,32000,2097.3594648422745,2516.8313578107295,1258.4156789053648,False,True,float16,265.59492328882163,180.9208639173347
1768628468.5435176,1,664.0,664,664,664,synthetic-7B,32,4096,32,32000,732.0470426773641,878.4564512128369,439.22822560641845,False,True,float16,350.2023843643477,209.62591811836288
1768628468.5435743,2,598.5,838,359,1197,synthetic-7B,32,4096,32,32000,1270.384463980838,1524.4613567770057,762.2306783885028,False,True,float16,324.1558541817485,10.356611054775573
1768628468.5436308,8,556.625,912,202,4453,synthetic-7B,32,4096,32,32000,3923.1756257138236,4707.810750856588,2353.905375428294,False,True,float16,357.2500874996118,351.26777072745233
1768628468.5436866,16,453.1875,897,70,7251,synthetic-7B,32,4096,32,32000,8184.642628290826,9821.571153948991,4910.785576974496,False,True,float16,349.4617121497804,336.40712860057323
1768628468.543741,16,615.0625,848,185,9841,synthetic-7B,32,4096,32,32000,11300.125641599068,13560.150769918882,6780.075384959441,False,True,float16,364.64103001089654,314.3532313778024
1768628468.5438035,16,572.3125,929,96,9157,synthetic-7B,32,4096,32,32000,9171.928583417648,11006.314300101178,5503.157150050589,False,True,float16,476.5088638846575,379.7725919218075
1768628468.5438626,1,769.0,769,769,769,synthetic-7B,32,4096,32,32000,594.8743457532626,713.849214903915,356.9246074519575,True,True,float16,210.98075610872846,175.26618386207642
1768628468.5439203,2,354.5,485,224,709,synthetic-7B,32,4096,32,32000,682.1666313261078,818.5999575913294,409.2999787956647,False,False,float16,281.69562247137173,163.64834836229556
1768628468.5439775,16,461.1875,886,52,7379,synthetic-7B,32,4096,32,32000,8640.20162170057,10368.241946040684,5184.120973020342,False,True,float16,378.7212966602915,172.09812139417616
1768628468.544033,2,615.5,854,377,1231,synthetic-7B,32,4096,32,32000,1373.2814228295354,1647.9377073954424,823.9688536977212,False,True,float16,348.57100060407515,31.457516621883343
1768628468.5440893,16,509.6875,990,173,8155,synthetic-7B,32,4096,32,32000,8572.64708253221,10287.176499038653,5143.588249519326,False,True,float16,284.1520797702508,130.16673146754135
1768628468.5441468,8,609.625,986,51,4877,synthetic-7B,32,4096,32,32000,5445.407876380886,6534.489451657063,3267.2447258285315,False,True,float16,397.95885748205063,487.9156402735052
1768628468.5442038,16,532.75,941,53,8524,synthetic-7B,32,4096,32,32000,8792.395715267816,10550.874858321378,5275.437429160689,False,True,float16,112.82034757122798,154.85207954792676
1768628468.54426,32,483.59375,991,68,15475,synthetic-7B,32,4096,32,32000,15785.054554897264,18942.065465876716,9471.032732938358,False,True,float16,198.18586548239563,213.90361294622977
1768628468.5443165,8,649.875,994,254,5199,synthetic-7B,32,4096,32,32000,4809.116060894505,5770.939273073405,2885.4696365367026,False,True,float16,472.35901711407627,140.70891432929608
1768628468.5443764,16,475.6875,975,154,7611,synthetic-7B,32,4096,32,32000,7271.15415800242,8725.384989602904,4362.692494801452,False,True,float16,288.6365208288317,90.93094369632696
1768628468.5444326,8,577.75,952,68,4622,synthetic-7B,32,4096,32,32000,4222.817025983634,5067.380431180361,2533.6902155901803,False,True,float16,208.89563974588566,280.0771939708587
1768628468.544492,1,141.0,141,141,141,synthetic-7B,32,4096,32,32000,117.41765886236422,140.90119063483706,70.45059531741853,True,True,float16,354.69215477861883,89.64772911975787
1768628468.5445495,4,719.0,989,192,2876,synthetic-7B,32,4096,32,32000,2202.3263516100697,2642.7916219320837,1321.3958109660418,True,True,float16,213.2175964177918,94.62024804123001
1768628468.5446095,1,775.0,775,775,775,synthetic-7B,32,4096,32,32000,898.464119370977,1078.1569432451722,539.0784716225861,False,True,float16,194.03338381850182,322.7105168160577
1768628468.5446668,2,641.5,673,610,1283,synthetic-7B,32,4096,32,32000,1080.1352611932953,1296.1623134319543,648.0811567159772,True,True,float16,184.55096777207484,453.510660555507
1768628468.544723,32,439.15625,898,94,14053,synthetic-7B,32,4096,32,32000,15712.48072469458,18854.976869633494,9427.488434816747,False,False,float16,327.54953358486523,18.58132862148281
1768628468.5447805,8,535.875,964,54,4287,synthetic-7B,32,4096,32,32000,2920.639170742742,3504.76700489129,1752.383502445645,True,True,float16,299.6232968934054,206.67763125789608
1768628468.5448372,1,862.0,862,862,862,synthetic-7B,32,4096,32,32000,615.8376615951845,739.0051939142214,369.5025969571107,True,False,float16,197.7211057431877,220.13401768421298
1768628468.5448928,8,398.625,654,63,3189,synthetic-7B,32,4096,32,32000,2723.0821522725923,3267.6985827271105,1633.8492913635553,True,True,float16,320.0186625736985,265.08991958984154
1768628468.5449643,4,547.75,820,102,2191,synthetic-7B,32,4096,32,32000,2253.868028529478,2704.6416342353737,1352.3208171176868,False,True,float16,404.81031083734143,283.5813686549664
1768628468.545024,4,791.0,891,589,3164,synthetic-7B,32,4096,32,32000,3419.7396919657253,4103.687630358871,2051.8438151794353,False,True,float16,349.37014081882035,497.6189834967164
1768628468.5450795,4,701.0,898,395,2804,synthetic-7B,32,4096,32,32000,2771.5738861556915,3325.8886633868296,1662.9443316934148,False,True,float16,224.12376432894004,335.8802322381448
1768628468.5451355,32,518.8125,964,112,16602,synthetic-7B,32,4096,32,32000,17185.211403491623,20622.253684189945,10311.126842094973,False,False,float16,195.09212024440365,271.6620226081355
1768628468.5451927,32,463.5,947,53,14832,synthetic-7B,32,4096,32,32000,12211.37185522653,14653.646226271836,7326.823113135918,True,True,float16,189.68554616980433,409.40234922803023
1768628468.5452483,2,429.5,613,246,859,synthetic-7B,32,4096,32,32000,864.3189099666524,1037.1826919599828,518.5913459799914,False,True,float16,112.48410232854576,225.17624785052607
1768628468.5453105,4,599.25,940,192,2397,synthetic-7B,32,4096,32,32000,1596.2303350670827,1915.4764020804992,957.7382010402496,True,True,float16,459.1591018452525,378.356840874856
1768628468.5453687,1,307.0,307,307,307,synthetic-7B,32,4096,32,32000,330.45136861078214,396.5416423329386,198.2708211664693,False,True,float16,185.67981178850684,82.66625417411046
1768628468.5454268,32,463.34375,982,91,14827,synthetic-7B,32,4096,32,32000,15845.711297601349,19014.853557121616,9507.426778560808,False,True,float16,126.1565029138175,469.50937594792515
1768628468.5454838,8,425.375,810,104,3403,synthetic-7B,32,4096,32,32000,2860.24834365282,3432.298012383384,1716.149006191692,False,True,float16,324.2191912179087,50.53731567708774
1768628468.5455403,1,391.0,391,391,391,synthetic-7B,32,4096,32,32000,312.8501022074089,375.42012264889064,187.71006132444532,True,True,float16,146.56333684063725,30.40037646902176
1768628468.5455966,16,322.125,883,60,5154,synthetic-7B,32,4096,32,32000,5413.008414826832,6495.610097792199,3247.8050488960994,False,True,float16,366.1334110987191,234.95457575401323
1768628468.5456538,1,518.0,518,518,518,synthetic-7B,32,4096,32,32000,498.94531508468197,598.7343781016183,299.36718905080915,False,True,float16,307.66362302878633,50.96392703147407
1768628468.5457113,16,587.0,961,57,9392,synthetic-7B,32,4096,32,32000,7622.006102446683,9146.40732293602,4573.20366146801,True,True,float16,463.91083149215206,243.94539549140077
1768628468.5457695,32,495.6875,984,89,15862,synthetic-7B,32,4096,32,32000,16587.17614416003,19904.611372992033,9952.305686496016,False,False,float16,262.42585047890714,432.6656080720184
1768628468.5458295,4,405.25,738,59,1621,synthetic-7B,32,4096,32,32000,1253.7630377350104,1504.5156452820124,752.2578226410062,True,True,float16,469.9748615688338,94.08653436534202
1768628468.545887,8,327.375,861,140,2619,synthetic-7B,32,4096,32,32000,3008.788290106017,3610.5459481272205,1805.2729740636103,False,True,float16,438.9091950237956,327.6441637041062
1768628468.5459437,16,497.4375,975,77,7959,synthetic-7B,32,4096,32,32000,7441.434516514322,8929.721419817186,4464.860709908593,False,True,float16,417.67634531574896,63.63216722682092
1768628468.5460162,1,960.0,960,960,960,synthetic-7B,32,4096,32,32000,988.8429219614904,1186.6115063537884,593.3057531768942,False,True,float16,291.1888456423428,471.26912666522594
1768628468.546075,1,736.0,736,736,736,synthetic-7B,32,4096,32,32000,827.7050304230409,993.246036507649,496.6230182538245,False,True,float16,131.31321479061432,398.39602553776825
1768628468.5461314,8,440.375,982,74,3523,synthetic-7B,32,4096,32,32000,3680.048421541558,4416.058105849869,2208.0290529249346,False,True,float16,195.7731069072518,90.6650953077575
1768628468.5461879,4,330.25,638,115,1321,synthetic-7B,32,4096,32,32000,1153.9637682108466,1384.756521853016,692.378260926508,False,True,float16,189.64517239991983,253.25014227888985
1768628468.5462446,32,574.21875,972,56,18375,synthetic-7B,32,4096,32,32000,13823.449309478568,16588.13917137428,8294.06958568714,True,False,float16,217.1881749852591,43.64047912968568
1768628468.546301,8,555.75,923,84,4446,synthetic-7B,32,4096,32,32000,4238.4505854642175,5086.140702557061,2543.0703512785303,False,False,float16,157.05955775594217,101.26937611839074
1768628468.5463564,2,817.0,946,688,1634,synthetic-7B,32,4096,32,32000,1162.3500096674154,1394.8200116008984,697.4100058004492,True,True,float16,242.37880845517995,184.46786237314154
1768628468.5464125,4,693.5,972,386,2774,synthetic-7B,32,4096,32,32000,2144.7517459412,2573.7020951294403,1286.8510475647201,True,True,float16,377.6873749519147,402.1404536506607
1768628468.5464697,16,543.0,991,117,8688,synthetic-7B,32,4096,32,32000,6640.294253577579,7968.3531042930945,3984.1765521465472,True,False,float16,384.5391219407259,200.47605524207358
1768628468.5465264,16,404.4375,940,82,6471,synthetic-7B,32,4096,32,32000,6470.501485986973,7764.601783184367,3882.3008915921837,False,True,float16,411.5693797918506,35.55841561964275
1768628468.546582,32,601.90625,982,64,19261,synthetic-7B,32,4096,32,32000,19705.29812824387,23646.357753892644,11823.178876946322,False,True,float16,260.8400662787103,269.9287875468195
1768628468.5466385,1,887.0,887,887,887,synthetic-7B,32,4096,32,32000,715.5036332979917,858.60435995759,429.302179978795,True,True,float16,394.58344062166356,145.56734577814242
1768628468.5466983,2,732.5,910,555,1465,synthetic-7B,32,4096,32,32000,1286.9938980529685,1544.3926776635622,772.1963388317811,True,False,float16,361.6043390271115,416.85359297215405
1768628468.5467556,32,521.53125,982,120,16689,synthetic-7B,32,4096,32,32000,18830.919207036222,22597.103048443467,11298.551524221733,False,True,float16,210.07660202192216,171.83946115039132
1768628468.546811,1,330.0,330,330,330,synthetic-7B,32,4096,32,32000,243.28244569693993,291.9389348363279,145.96946741816396,True,False,float16,241.06292492983866,311.10195998746747
1768628468.546867,8,382.5,715,85,3060,synthetic-7B,32,4096,32,32000,2428.832259696556,2914.598711635867,1457.2993558179335,True,False,float16,158.93691990343842,231.56952091736775
1768628468.5469227,16,575.75,973,183,9212,synthetic-7B,32,4096,32,32000,6358.712704105801,7630.455244926961,3815.2276224634807,True,True,float16,455.00288233724444,136.06057588704275
1768628468.5469773,4,638.25,999,300,2553,synthetic-7B,32,4096,32,32000,2282.2631731931615,2738.715807831794,1369.357903915897,False,False,float16,339.41950801388657,29.18739414995784
1768628468.5470343,32,457.15625,922,69,14629,synthetic-7B,32,4096,32,32000,10303.442071074693,12364.13048528963,6182.065242644815,True,True,float16,408.4892703816984,338.8877167018975
1768628468.547091,1,872.0,872,872,872,synthetic-7B,32,4096,32,32000,625.8751151169661,751.0501381403593,375.52506907017965,True,True,float16,255.7529622935631,472.2367491811203
1768628468.5471513,1,95.0,95,95,95,synthetic-7B,32,4096,32,32000,77.79310759920314,93.35172911904377,46.675864559521884,False,False,float16,257.11302364988563,112.47162661445358
1768628468.5472076,8,622.75,882,273,4982,synthetic-7B,32,4096,32,32000,5114.41551923251,6137.298623079011,3068.6493115395056,False,True,float16,473.0531076560561,156.48078710730712
1768628468.5472648,4,598.75,843,132,2395,synthetic-7B,32,4096,32,32000,2314.070879037094,2776.885054844513,1388.4425274222565,False,True,float16,248.3166740656389,269.8862801270326
1768628468.5473201,32,576.40625,953,73,18445,synthetic-7B,32,4096,32,32000,21647.732774153996,25977.279328984794,12988.639664492397,False,True,float16,458.6241007229728,200.86682288770882
1768628468.5473764,16,550.375,967,80,8806,synthetic-7B,32,4096,32,32000,9644.262793937794,11573.115352725354,5786.557676362677,False,False,float16,199.66803040076147,427.4554751976913
1768628468.5474353,16,674.8125,955,289,10797,synthetic-7B,32,4096,32,32000,8523.929669642752,10228.715603571301,5114.357801785651,True,True,float16,410.1931536190045,275.24513768519773
1768628468.5474932,2,91.0,117,65,182,synthetic-7B,32,4096,32,32000,123.92722744742659,148.7126729369119,74.35633646845595,True,True,float16,448.72546495255955,444.96088457139086
1768628468.5475492,1,143.0,143,143,143,synthetic-7B,32,4096,32,32000,109.27535974653766,131.13043169584517,65.56521584792259,True,True,float16,333.8137867259742,30.471055394366232
1768628468.5476048,16,536.875,936,95,8590,synthetic-7B,32,4096,32,32000,5148.568386664328,6178.282063997193,3089.1410319985966,True,False,float16,249.26506020486013,50.27361019843469
1768628468.5476608,8,444.0,988,93,3552,synthetic-7B,32,4096,32,32000,3490.8998521989533,4189.079822638744,2094.539911319372,False,True,float16,211.92235878292914,52.61905531652439
1768628468.547717,4,561.5,854,234,2246,synthetic-7B,32,4096,32,32000,1866.9680651314752,2240.3616781577703,1120.1808390788851,True,False,float16,337.9088539983437,127.67041441422136
1768628468.5477738,32,587.0,972,96,18784,synthetic-7B,32,4096,32,32000,14381.739122722396,17258.086947266875,8629.043473633437,True,False,float16,322.91345126430497,45.71657352145642
1768628468.5478287,2,699.5,987,412,1399,synthetic-7B,32,4096,32,32000,1429.3749074004359,1715.249888880523,857.6249444402615,False,True,float16,306.7144399274847,363.0679672283723
1768628468.5478842,4,688.75,882,533,2755,synthetic-7B,32,4096,32,32000,2263.5392161830523,2716.2470594196625,1358.1235297098312,True,True,float16,431.0289952092917,131.73367479782428
1768628468.54794,32,454.0625,982,57,14530,synthetic-7B,32,4096,32,32000,15866.210825204396,19039.452990245274,9519.726495122637,False,True,float16,423.0555712084169,250.7096795717832
1768628468.5479956,8,385.125,715,112,3081,synthetic-7B,32,4096,32,32000,3277.728445277898,3933.2741343334774,1966.6370671667387,False,False,float16,137.89610488749622,276.2845273512808
1768628468.5480564,4,629.25,890,504,2517,synthetic-7B,32,4096,32,32000,2011.080626317279,2413.2967515807345,1206.6483757903673,True,True,float16,223.0857400629001,149.2534405488458
1768628468.548113,2,485.5,640,331,971,synthetic-7B,32,4096,32,32000,1111.1047789685474,1333.3257347622568,666.6628673811284,False,True,float16,393.4425453126527,393.6081140050768
1768628468.5481727,32,555.90625,999,57,17789,synthetic-7B,32,4096,32,32000,14992.655580391987,17991.186696470384,8995.593348235192,True,True,float16,357.97821957265813,55.71069819363695
1768628468.5482297,4,539.5,860,205,2158,synthetic-7B,32,4096,32,32000,1559.2530984815144,1871.1037181778172,935.5518590889086,True,True,float16,199.50773350758976,224.1197469453305
1768628468.5482862,4,564.0,827,160,2256,synthetic-7B,32,4096,32,32000,2402.0206250021806,2882.4247500026167,1441.2123750013084,False,False,float16,321.01907476710517,397.6324459044772
1768628468.5483427,32,425.40625,987,60,13613,synthetic-7B,32,4096,32,32000,14774.692728382903,17729.631274059484,8864.815637029742,False,True,float16,252.98266178507092,146.92572015381572
1768628468.5484035,4,486.75,782,253,1947,synthetic-7B,32,4096,32,32000,2042.476146701901,2450.971376042281,1225.4856880211405,False,True,float16,125.7306632895542,260.2149645462202
1768628468.548459,4,520.5,750,259,2082,synthetic-7B,32,4096,32,32000,2098.5706054744155,2518.2847265692985,1259.1423632846493,False,True,float16,225.37080595883245,238.87354661377915
1768628468.5485158,32,504.375,976,165,16140,synthetic-7B,32,4096,32,32000,18131.309686044715,21757.571623253658,10878.785811626829,False,True,float16,302.4388547694068,219.12489355765788
1768628468.5485697,1,778.0,778,778,778,synthetic-7B,32,4096,32,32000,592.6922252708694,711.2306703250432,355.6153351625216,True,True,float16,369.35016914995515,136.5542692485547
1768628468.5486252,1,245.0,245,245,245,synthetic-7B,32,4096,32,32000,209.1118369745762,250.93420436949143,125.46710218474571,True,True,float16,357.1676398349399,251.71108457689317
1768628468.5486863,8,549.0,903,143,4392,synthetic-7B,32,4096,32,32000,4311.366390023124,5173.6396680277485,2586.8198340138742,False,True,float16,311.66788803849863,185.5614263135923
1768628468.5487435,1,247.0,247,247,247,synthetic-7B,32,4096,32,32000,264.6314513024969,317.5577415629962,158.7788707814981,False,False,float16,479.2480187909411,24.53886975399119
1768628468.5487978,4,606.25,858,450,2425,synthetic-7B,32,4096,32,32000,2193.1856519009125,2631.822782281095,1315.9113911405475,False,True,float16,360.40900423980355,481.03716545342337
1768628468.548854,1,825.0,825,825,825,synthetic-7B,32,4096,32,32000,740.3014643640472,888.3617572368566,444.1808786184283,True,True,float16,176.1783985844661,369.80058872076296
1768628468.5489156,1,593.0,593,593,593,synthetic-7B,32,4096,32,32000,494.228753958061,593.0745047496732,296.5372523748366,True,True,float16,254.21930453661426,469.90923054291534
1768628468.548991,16,458.6875,942,90,7339,synthetic-7B,32,4096,32,32000,6416.521408424239,7699.825690109086,3849.912845054543,False,False,float16,395.4340225645479,159.24850290887136
1768628468.5490496,4,336.75,832,76,1347,synthetic-7B,32,4096,32,32000,1503.5288642142398,1804.2346370570876,902.1173185285438,False,True,float16,182.11472409262382,250.93079439687082
1768628468.5491052,1,321.0,321,321,321,synthetic-7B,32,4096,32,32000,328.667833780082,394.4014005360984,197.2007002680492,False,True,float16,187.47677054180633,179.8974921327446
1768628468.549161,1,646.0,646,646,646,synthetic-7B,32,4096,32,32000,739.0881298433085,886.9057558119702,443.4528779059851,False,True,float16,427.2979816742829,357.041422103115
1768628468.549218,4,455.5,842,89,1822,synthetic-7B,32,4096,32,32000,1613.8569504509796,1936.6283405411755,968.3141702705877,False,True,float16,270.81272158867114,426.80177076274185
1768628468.5492742,4,598.75,837,440,2395,synthetic-7B,32,4096,32,32000,1634.7140136226633,1961.656816347196,980.828408173598,True,True,float16,235.63845357871722,141.61321142755995
1768628468.5493307,2,284.0,289,279,568,synthetic-7B,32,4096,32,32000,484.0610519883598,580.8732623860317,290.43663119301584,False,True,float16,281.4670456163751,312.85631291011043
1768628468.5493858,4,644.5,839,418,2578,synthetic-7B,32,4096,32,32000,2888.9763906370927,3466.771668764511,1733.3858343822556,False,True,float16,158.69347232332714,450.1197415240278
1768628468.549441,2,609.0,762,456,1218,synthetic-7B,32,4096,32,32000,862.246030450186,1034.6952365402233,517.3476182701116,True,True,float16,275.07209044224265,252.27415926589268
1768628468.5494974,4,646.5,923,205,2586,synthetic-7B,32,4096,32,32000,2113.3110135459174,2535.973216255101,1267.9866081275504,True,False,float16,135.4114123622995,250.7850059413878
1768628468.549558,16,472.25,953,130,7556,synthetic-7B,32,4096,32,32000,6540.018846088933,7848.02261530672,3924.01130765336,True,True,float16,227.10571773309658,359.1145110588169
1768628468.549615,4,707.75,857,507,2831,synthetic-7B,32,4096,32,32000,2839.14767517543,3406.9772102105158,1703.4886051052579,False,True,float16,226.8782921824955,45.08373050464062
1768628468.5496712,1,771.0,771,771,771,synthetic-7B,32,4096,32,32000,637.0766237491259,764.491948498951,382.2459742494755,True,True,float16,335.23117093299567,386.6736744565366
1768628468.5497282,2,424.5,522,327,849,synthetic-7B,32,4096,32,32000,907.4982879159787,1088.9979454991744,544.4989727495872,False,False,float16,100.41171396386348,193.92816951430325
1768628468.5497878,1,210.0,210,210,210,synthetic-7B,32,4096,32,32000,181.72087023901216,218.06504428681458,109.03252214340729,False,True,float16,164.8181680796559,48.42041894776673
1768628468.5498445,32,415.3125,960,55,13290,synthetic-7B,32,4096,32,32000,12014.627860924427,14417.553433109313,7208.776716554657,False,True,float16,412.3514631613311,301.46115434321086
1768628468.5499012,16,591.1875,920,264,9459,synthetic-7B,32,4096,32,32000,7594.817059436604,9113.780471323924,4556.890235661962,True,True,float16,358.9409607338147,288.0243385401132
1768628468.5499573,1,920.0,920,920,920,synthetic-7B,32,4096,32,32000,754.784573574695,905.7414882896339,452.87074414481697,True,True,float16,358.82442444843286,160.65486512829162
1768628468.5500252,8,416.0,955,108,3328,synthetic-7B,32,4096,32,32000,3223.0624398610944,3867.674927833313,1933.8374639166566,False,True,float16,281.9723001765119,405.7715544861921
1768628468.550082,32,567.125,991,71,18148,synthetic-7B,32,4096,32,32000,13551.856446698028,16262.227736037632,8131.113868018816,True,True,float16,469.05153564160275,204.73257897932496
1768628468.5501394,4,311.5,719,53,1246,synthetic-7B,32,4096,32,32000,1306.9287688743666,1568.31452264924,784.15726132462,False,False,float16,329.6947127054161,207.1017215830408
1768628468.5501966,1,121.0,121,121,121,synthetic-7B,32,4096,32,32000,130.32948884817415,156.39538661780898,78.19769330890449,False,False,float16,456.17795572747724,427.53214161533566
1768628468.5502522,16,588.0625,960,88,9409,synthetic-7B,32,4096,32,32000,9733.204679026807,11679.845614832167,5839.922807416084,False,True,float16,417.7714557545913,339.1993188713416
1768628468.5503125,8,631.25,925,303,5050,synthetic-7B,32,4096,32,32000,5436.63152469728,6523.957829636735,3261.9789148183677,False,True,float16,149.05576477701956,96.30488209851633
1768628468.5503695,32,484.4375,994,118,15502,synthetic-7B,32,4096,32,32000,14031.255718753579,16837.506862504295,8418.753431252147,False,True,float16,310.86557251522163,137.02896044526642
1768628468.5504248,1,609.0,609,609,609,synthetic-7B,32,4096,32,32000,545.96940017027,655.163280204324,327.581640102162,False,True,float16,495.2167065237342,162.74229482736
1768628468.550482,16,621.625,985,164,9946,synthetic-7B,32,4096,32,32000,10206.850759598576,12248.22091151829,6124.110455759145,False,True,float16,319.1527873619918,457.815367084795
1768628468.5505376,4,582.5,734,327,2330,synthetic-7B,32,4096,32,32000,2528.2018455218167,3033.84221462618,1516.92110731309,False,True,float16,218.71263751464033,89.13338883686525
1768628468.550594,32,534.53125,999,60,17105,synthetic-7B,32,4096,32,32000,18480.58353533443,22176.700242401315,11088.350121200658,False,True,float16,298.35861470247835,260.1872731239176
1768628468.5506508,2,562.0,961,163,1124,synthetic-7B,32,4096,32,32000,978.2063301457979,1173.8475961749575,586.9237980874788,False,True,float16,418.7041053705976,88.24496470055047
1768628468.5507069,2,655.5,956,355,1311,synthetic-7B,32,4096,32,32000,1270.4189209918886,1524.5027051902664,762.2513525951332,False,False,float16,278.81663406036284,168.21643809082556
1768628468.5507622,4,381.0,686,97,1524,synthetic-7B,32,4096,32,32000,1695.759526453518,2034.9114317442215,1017.4557158721108,False,True,float16,112.0275083327066,250.2290269517516
1768628468.550818,8,377.5,793,67,3020,synthetic-7B,32,4096,32,32000,2269.917580862879,2723.9010970354543,1361.9505485177272,True,True,float16,163.06480259302472,233.94652959780947
1768628468.5508754,32,565.21875,989,91,18087,synthetic-7B,32,4096,32,32000,19980.233302533838,23976.279963040604,11988.139981520302,False,True,float16,298.5787603273388,97.20915255114531
1768628468.5509317,8,586.5,962,116,4692,synthetic-7B,32,4096,32,32000,5002.886087671782,6003.463305206138,3001.731652603069,False,True,float16,380.9286911524068,102.33660160408046
1768628468.5509903,8,434.375,887,120,3475,synthetic-7B,32,4096,32,32000,3808.1702524974203,4569.804302996904,2284.902151498452,False,True,float16,495.8387606647254,232.28078539424223
1768628468.551054,8,642.0,895,414,5136,synthetic-7B,32,4096,32,32000,4997.901279478806,5997.481535374567,2998.7407676872836,False,True,float16,260.4133010944589,93.14251920205537
1768628468.5511146,1,377.0,377,377,377,synthetic-7B,32,4096,32,32000,296.62156268740927,355.9458752248911,177.97293761244555,True,True,float16,296.70976243411417,272.5700632521788
1768628468.551171,4,346.25,786,65,1385,synthetic-7B,32,4096,32,32000,1260.9802361203208,1513.176283344385,756.5881416721925,False,False,float16,195.9891151157465,19.06397746219158
1768628468.5512273,1,116.0,116,116,116,synthetic-7B,32,4096,32,32000,98.49895794387349,118.19874953264818,59.09937476632409,False,True,float16,252.71482876250934,434.3924363575755
1768628468.5512831,16,619.0,985,123,9904,synthetic-7B,32,4096,32,32000,9497.799517745181,11397.359421294217,5698.679710647109,False,True,float16,205.1348399313009,185.66036259817113
1768628468.5513403,16,579.125,974,231,9266,synthetic-7B,32,4096,32,32000,6778.884091051286,8134.660909261544,4067.330454630772,True,True,float16,380.5723049269894,116.66423047837095
1768628468.5513968,16,477.625,771,162,7642,synthetic-7B,32,4096,32,32000,7743.426163017112,9292.111395620534,4646.055697810267,False,True,float16,408.0853234168118,421.891002340485
1768628468.5514522,4,586.0,942,253,2344,synthetic-7B,32,4096,32,32000,2661.278188460376,3193.533826152451,1596.7669130762256,False,True,float16,146.4675856360581,495.96682885127916
1768628468.551508,16,560.875,916,73,8974,synthetic-7B,32,4096,32,32000,5403.479583451026,6484.175500141231,3242.0877500706156,True,True,float16,443.640884432338,427.51521739456797
1768628468.551564,8,535.875,687,221,4287,synthetic-7B,32,4096,32,32000,5064.07560240375,6076.8907228845,3038.44536144225,False,False,float16,209.49471658755346,153.7408154221125
1768628468.5516202,4,566.0,976,135,2264,synthetic-7B,32,4096,32,32000,2454.474056353516,2945.368867624219,1472.6844338121095,False,True,float16,170.37083256541226,474.345505994013
1768628468.55168,16,524.25,934,94,8388,synthetic-7B,32,4096,32,32000,7099.49817841306,8519.397814095671,4259.698907047836,True,True,float16,320.0288987318015,473.3331593391041
1768628468.5517395,4,743.5,918,617,2974,synthetic-7B,32,4096,32,32000,3012.277835498777,3614.7334025985324,1807.3667012992662,False,True,float16,286.67261201122767,291.05951622226974
1768628468.5517964,2,437.0,675,199,874,synthetic-7B,32,4096,32,32000,981.461173392601,1177.7534080711212,588.8767040355606,False,True,float16,350.65124761007183,214.59410724096728
1768628468.5518525,32,587.46875,980,111,18799,synthetic-7B,32,4096,32,32000,22644.12452259285,27172.94942711142,13586.47471355571,False,True,float16,362.78910050891585,72.09407334185312
1768628468.5519094,16,564.875,965,72,9038,synthetic-7B,32,4096,32,32000,9428.673138833487,11314.407766600183,5657.203883300092,False,True,float16,409.3376385853593,296.7597100111986
1768628468.5519667,32,576.46875,987,72,18447,synthetic-7B,32,4096,32,32000,17844.499528895598,21413.399434674717,10706.699717337358,False,True,float16,118.96605351223974,425.16756222651753
1768628468.552024,1,700.0,700,700,700,synthetic-7B,32,4096,32,32000,498.55006216950113,598.2600746034013,299.13003730170067,True,False,float16,221.0055963714987,378.24216397171926
1768628468.5520797,8,667.0,953,92,5336,synthetic-7B,32,4096,32,32000,5646.847135801743,6776.216562962091,3388.1082814810457,False,True,float16,387.148164161618,398.6890576843161
1768628468.5521364,32,612.5,958,130,19600,synthetic-7B,32,4096,32,32000,20193.260443649728,24231.912532379672,12115.956266189836,False,True,float16,195.72375772991566,258.337491603621
1768628468.5521939,2,707.5,813,602,1415,synthetic-7B,32,4096,32,32000,1426.1582286349703,1711.3898743619643,855.6949371809822,False,True,float16,109.36986367349242,102.22094382701553
1768628468.5522494,16,573.8125,986,159,9181,synthetic-7B,32,4096,32,32000,9555.384418575924,11466.461302291109,5733.2306511455545,False,True,float16,401.63826416942004,63.652994422514816
1768628468.552306,1,391.0,391,391,391,synthetic-7B,32,4096,32,32000,296.4267143171433,355.71205718057195,177.85602859028597,True,True,float16,246.5481036116697,62.67006899115609
1768628468.552363,8,488.25,929,56,3906,synthetic-7B,32,4096,32,32000,2438.386985024006,2926.0643820288074,1463.0321910144037,True,True,float16,468.56725572289497,24.426534861038487
1768628468.5524247,8,549.875,793,140,4399,synthetic-7B,32,4096,32,32000,3578.2821142299435,4293.938537075932,2146.969268537966,True,True,float16,180.19723780334823,52.492841401233015
1768628468.5524843,4,602.25,920,325,2409,synthetic-7B,32,4096,32,32000,1648.5790585161476,1978.2948702193771,989.1474351096886,True,True,float16,374.9653440845427,283.68893605697093
1768628468.552542,4,607.25,974,233,2429,synthetic-7B,32,4096,32,32000,2890.386001477831,3468.463201773397,1734.2316008866985,False,False,float16,239.32907589531882,304.8958687455663
1768628468.5525982,32,534.46875,989,61,17103,synthetic-7B,32,4096,32,32000,17230.882208577525,20677.058650293027,10338.529325146514,False,True,float16,385.181703435617,149.60755611917241
1768628468.5526547,32,527.0,971,50,16864,synthetic-7B,32,4096,32,32000,18513.400793345838,22216.080952015003,11108.040476007502,False,True,float16,200.08791006882203,374.75278862629733
1768628468.5527124,16,523.125,986,55,8370,synthetic-7B,32,4096,32,32000,8228.047960185584,9873.657552222701,4936.828776111351,False,True,float16,302.38530551498934,26.920730071358474
1768628468.552769,1,880.0,880,880,880,synthetic-7B,32,4096,32,32000,644.3660448930395,773.2392538716474,386.6196269358237,True,True,float16,286.0946203235715,111.38279324266438
1768628468.5528266,16,568.6875,997,229,9099,synthetic-7B,32,4096,32,32000,8106.707728150933,9728.049273781118,4864.024636890559,False,False,float16,279.30580962920953,381.2264162595368
1768628468.5528824,4,535.5,762,258,2142,synthetic-7B,32,4096,32,32000,1548.0981774054544,1857.7178128865453,928.8589064432726,True,True,float16,126.40360395348603,77.44212607640992
1768628468.552939,16,572.6875,988,76,9163,synthetic-7B,32,4096,32,32000,9466.488050669399,11359.785660803278,5679.892830401639,False,True,float16,183.88731906188582,34.82309563725016
1768628468.553012,16,445.75,824,197,7132,synthetic-7B,32,4096,32,32000,6603.3150616724315,7923.978074006917,3961.9890370034586,False,True,float16,426.86992268171593,148.11444499771926
1768628468.5530689,32,456.46875,965,66,14607,synthetic-7B,32,4096,32,32000,11114.178503195213,13337.014203834255,6668.507101917127,True,False,float16,270.7080184873226,468.08289777183916
1768628468.5531247,2,640.0,859,421,1280,synthetic-7B,32,4096,32,32000,1423.8233205950758,1708.587984714091,854.2939923570455,False,True,float16,437.3291800649643,328.8033688882626
1768628468.553185,8,486.5,897,52,3892,synthetic-7B,32,4096,32,32000,2528.001306616211,3033.601567939453,1516.8007839697266,True,True,float16,140.94716307586398,70.1516404127868
1768628468.5532424,32,524.4375,931,56,16782,synthetic-7B,32,4096,32,32000,12183.618882091483,14620.342658509779,7310.171329254889,True,False,float16,145.12877307103452,107.9422049173431
1768628468.5533006,32,567.03125,979,109,18145,synthetic-7B,32,4096,32,32000,21524.62223155681,25829.54667786817,12914.773338934085,False,True,float16,489.07075135879074,187.6548090590427
1768628468.5533588,4,438.0,584,287,1752,synthetic-7B,32,4096,32,32000,1237.0028619861891,1484.4034343834269,742.2017171917134,True,True,float16,341.38868829185117,204.83836663417785
1768628468.553416,1,506.0,506,506,506,synthetic-7B,32,4096,32,32000,580.5372693619436,696.6447232343322,348.3223616171661,False,True,float16,137.11345974718535,294.6195505092727
1768628468.553473,4,432.5,633,266,1730,synthetic-7B,32,4096,32,32000,1742.7121307045932,2091.2545568455116,1045.6272784227558,False,True,float16,272.1568450004049,449.68635948585927
1768628468.5535293,2,631.5,732,531,1263,synthetic-7B,32,4096,32,32000,1313.966533770734,1576.7598405248807,788.3799202624404,False,False,float16,225.66822376370237,300.07470644689835
1768628468.5535896,32,470.09375,978,87,15043,synthetic-7B,32,4096,32,32000,14665.324993617036,17598.389992340442,8799.194996170221,False,True,float16,359.47809007457533,34.53223352077226
1768628468.553647,32,410.875,992,98,13148,synthetic-7B,32,4096,32,32000,12996.551874304492,15595.86224916539,7797.931124582695,False,True,float16,342.5704988551082,126.35657287128613
1768628468.5537076,8,465.125,885,152,3721,synthetic-7B,32,4096,32,32000,3083.511765018743,3700.2141180224917,1850.1070590112458,True,True,float16,331.2292619458476,205.5735729196793
1768628468.553764,4,565.25,747,332,2261,synthetic-7B,32,4096,32,32000,2510.587308675481,3012.704770410577,1506.3523852052886,False,True,float16,270.7220911422096,371.59300335961115
1768628468.5538201,32,475.1875,985,89,15206,synthetic-7B,32,4096,32,32000,15422.598122931651,18507.11774751798,9253.55887375899,False,True,float16,101.41075311518688,475.1137768906684
1768628468.5538785,2,599.5,957,242,1199,synthetic-7B,32,4096,32,32000,1509.8092923599806,1811.7711508319767,905.8855754159883,False,False,float16,249.79899086657812,307.6355854158502
1768628468.5539339,4,778.0,979,317,3112,synthetic-7B,32,4096,32,32000,3506.3813141259548,4207.6575769511455,2103.8287884755728,False,False,float16,411.04127492337835,251.94514137007022
1768628468.5540075,4,443.25,725,129,1773,synthetic-7B,32,4096,32,32000,2089.3587255721145,2507.2304706865375,1253.6152353432688,False,False,float16,100.34616599578112,98.92210490116248
1768628468.554067,32,491.75,993,58,15736,synthetic-7B,32,4096,32,32000,9294.05972042123,11152.871664505476,5576.435832252738,True,True,float16,173.80339895850688,152.36936382255533
1768628468.5541232,1,853.0,853,853,853,synthetic-7B,32,4096,32,32000,863.6494356962737,1036.3793228355285,518.1896614177642,False,True,float16,330.7758494385283,146.66396890789778
1768628468.5541797,16,453.5,748,61,7256,synthetic-7B,32,4096,32,32000,7353.854111900644,8824.624934280773,4412.312467140387,False,True,float16,279.28125113433646,102.3019705818525
1768628468.5542362,32,472.625,984,85,15124,synthetic-7B,32,4096,32,32000,13532.158475092483,16238.59017011098,8119.29508505549,False,True,float16,144.64977525188462,333.0811515581408
1768628468.5542917,2,473.0,812,134,946,synthetic-7B,32,4096,32,32000,873.0401073776727,1047.6481288532073,523.8240644266036,False,True,float16,389.3147284429972,185.84345749137643
1768628468.5543482,16,502.0,930,102,8032,synthetic-7B,32,4096,32,32000,5780.619901778814,6936.743882134577,3468.3719410672884,True,True,float16,487.1867440991325,496.17237836882293
1768628468.5544038,8,614.5,907,133,4916,synthetic-7B,32,4096,32,32000,5325.070043447671,6390.084052137206,3195.042026068603,False,True,float16,137.72737320942178,33.09077595772628
1768628468.5544598,32,521.3125,992,71,16682,synthetic-7B,32,4096,32,32000,12323.683162203499,14788.419794644198,7394.209897322099,True,True,float16,413.7031990639527,413.82211855440886
1768628468.5545166,2,237.0,303,171,474,synthetic-7B,32,4096,32,32000,362.31888463749965,434.78266156499956,217.39133078249978,True,True,float16,289.93211672180814,14.951681712853391
1768628468.5545716,4,413.75,840,229,1655,synthetic-7B,32,4096,32,32000,1670.8552636102822,2005.0263163323386,1002.5131581661693,False,True,float16,472.3892205179589,339.62711287047995
1768628468.5546324,4,578.5,936,242,2314,synthetic-7B,32,4096,32,32000,2507.1197501280576,3008.543700153669,1504.2718500768344,False,True,float16,125.49492074862832,148.21523234604513
1768628468.55469,8,654.5,947,176,5236,synthetic-7B,32,4096,32,32000,5667.969351078736,6801.563221294483,3400.7816106472415,False,True,float16,468.6598726515607,443.32694403957606
1768628468.5547462,16,423.375,974,56,6774,synthetic-7B,32,4096,32,32000,6439.951777386477,7727.942132863773,3863.9710664318864,False,True,float16,154.39747576553012,33.53624362178233
1768628468.5548022,2,448.0,550,346,896,synthetic-7B,32,4096,32,32000,876.7954672558479,1052.1545607070175,526.0772803535087,False,True,float16,396.3200010742465,105.72882848124485
1768628468.5548582,8,513.875,938,310,4111,synthetic-7B,32,4096,32,32000,4113.409931093491,4936.091917312188,2468.045958656094,False,False,float16,249.74744907752222,421.85501863362737
1768628468.5549154,2,432.5,605,260,865,synthetic-7B,32,4096,32,32000,843.7322481267178,1012.4786977520613,506.23934887603065,False,True,float16,353.60585542933677,12.319288388101882
1768628468.5549717,4,708.0,961,496,2832,synthetic-7B,32,4096,32,32000,2786.1408691345173,3343.3690429614207,1671.6845214807104,False,False,float16,167.11448149832637,147.57895176060086
1768628468.5550282,32,450.46875,872,59,14415,synthetic-7B,32,4096,32,32000,17364.93034486762,20837.91641384114,10418.95820692057,False,True,float16,383.1004881275278,83.06406130681809
1768628468.5550897,8,471.375,971,129,3771,synthetic-7B,32,4096,32,32000,3732.67976108245,4479.21571329894,2239.60785664947,False,True,float16,479.40875006836245,65.8078205525718
1768628468.5551465,32,495.84375,997,71,15867,synthetic-7B,32,4096,32,32000,12581.112554028725,15097.33506483447,7548.667532417235,True,True,float16,442.7250283891939,65.36366115804924
1768628468.5552018,32,526.71875,971,57,16855,synthetic-7B,32,4096,32,32000,19237.445248060267,23084.93429767232,11542.46714883616,False,False,float16,103.75514150207255,55.3212449690416
1768628468.5552578,1,685.0,685,685,685,synthetic-7B,32,4096,32,32000,665.6741481498947,798.8089777798735,399.4044888899368,False,False,float16,280.59325075241287,496.690151927925
1768628468.5553272,4,486.25,825,178,1945,synthetic-7B,32,4096,32,32000,1263.2941862424082,1515.9530234908898,757.9765117454449,True,False,float16,243.508116900794,288.83060235819414
1768628468.555387,32,487.875,931,53,15612,synthetic-7B,32,4096,32,32000,17197.942368282445,20637.530841938933,10318.765420969467,False,False,float16,491.9780502600569,197.19713040421783
1768628468.5554435,8,404.875,775,77,3239,synthetic-7B,32,4096,32,32000,3136.864582295447,3764.237498754536,1882.118749377268,False,True,float16,308.3621295005538,374.66158620281993
1768628468.5555,4,680.25,853,418,2721,synthetic-7B,32,4096,32,32000,2813.7258360086507,3376.471003210381,1688.2355016051904,False,True,float16,459.3638681252566,37.82855456454327
1768628468.5555558,2,400.5,648,153,801,synthetic-7B,32,4096,32,32000,711.7614075741689,854.1136890890026,427.0568445445013,False,True,float16,281.5473974664667,116.44108878479733
1768628468.5556116,1,903.0,903,903,903,synthetic-7B,32,4096,32,32000,981.4899586910626,1177.787950429275,588.8939752146375,False,True,float16,447.6548537479598,24.6746732214228
1768628468.5556667,16,515.5,992,56,8248,synthetic-7B,32,4096,32,32000,8300.656246651928,9960.787495982313,4980.3937479911565,False,True,float16,321.89674180116776,19.507097051330796
1768628468.5557227,8,347.125,971,89,2777,synthetic-7B,32,4096,32,32000,2266.253984629701,2719.504781555641,1359.7523907778204,False,False,float16,348.4229718466772,22.686919546977386
1768628468.5557797,32,501.5625,971,110,16050,synthetic-7B,32,4096,32,32000,11785.34103982296,14142.409247787553,7071.204623893776,True,True,float16,446.5958517289084,382.8983618819605
1768628468.5558352,1,143.0,143,143,143,synthetic-7B,32,4096,32,32000,177.3027761798753,212.76333141585036,106.38166570792518,False,True,float16,330.14757712416616,247.32233822381005
1768628468.5558922,8,556.25,804,118,4450,synthetic-7B,32,4096,32,32000,4005.1397770998865,4806.167732519863,2403.0838662599317,False,True,float16,285.8292103917415,289.0805426637483
1768628468.5559485,32,516.59375,969,51,16531,synthetic-7B,32,4096,32,32000,12616.017423936672,15139.220908724004,7569.610454362002,True,False,float16,234.99692610987572,209.72173989690415
1768628468.5560043,4,462.0,806,239,1848,synthetic-7B,32,4096,32,32000,1538.0995379026017,1845.719445483122,922.859722741561,True,False,float16,311.55280913124307,494.02016380436214
1768628468.5560648,32,530.46875,968,55,16975,synthetic-7B,32,4096,32,32000,18299.866273659598,21959.839528391516,10979.919764195758,False,True,float16,416.98286957336813,478.51807632103123
1768628468.5561209,8,521.625,961,151,4173,synthetic-7B,32,4096,32,32000,3694.9549982855488,4433.945997942658,2216.972998971329,True,True,float16,351.42847208173305,171.53502158250657
1768628468.5561779,4,617.25,929,356,2469,synthetic-7B,32,4096,32,32000,2283.7078825024196,2740.4494590029035,1370.2247295014517,False,True,float16,409.81754452276357,321.44827322371
1768628468.5562332,1,106.0,106,106,106,synthetic-7B,32,4096,32,32000,87.80557852513238,105.36669423015884,52.68334711507942,True,False,float16,200.27797406003168,335.1636523167434
1768628468.5562897,32,490.8125,960,92,15706,synthetic-7B,32,4096,32,32000,10608.293824484117,12729.95258938094,6364.97629469047,True,True,float16,317.73937299118916,161.11706347623846
1768628468.5563467,16,538.4375,966,162,8615,synthetic-7B,32,4096,32,32000,7088.711285735844,8506.453542883013,4253.226771441507,True,False,float16,357.9019109115022,17.116638975970815
1768628468.5564063,1,463.0,463,463,463,synthetic-7B,32,4096,32,32000,380.79125667900183,456.9495080148022,228.4747540074011,True,True,float16,125.24328659047437,454.73167601135776
1768628468.5564618,1,616.0,616,616,616,synthetic-7B,32,4096,32,32000,528.8790835679333,634.65490028152,317.32745014076,True,True,float16,306.7485102128427,421.37260439006207
1768628468.5565183,2,633.0,868,398,1266,synthetic-7B,32,4096,32,32000,973.5534903922471,1168.2641884706966,584.1320942353483,True,True,float16,218.4471312686639,229.97456038270332
1768628468.5565746,2,239.0,332,146,478,synthetic-7B,32,4096,32,32000,475.3554148978956,570.4264978774747,285.21324893873737,False,True,float16,223.02185925007092,421.62807718715277
1768628468.5566301,1,112.0,112,112,112,synthetic-7B,32,4096,32,32000,89.28685404057485,107.14422484868982,53.57211242434491,True,True,float16,158.95959307499945,303.2209506061764
1768628468.5566862,8,737.375,984,290,5899,synthetic-7B,32,4096,32,32000,5024.296148000469,6029.155377600562,3014.577688800281,False,True,float16,258.11137395291195,281.0922589851376
1768628468.5567453,16,512.1875,939,54,8195,synthetic-7B,32,4096,32,32000,6637.693962347072,7965.232754816486,3982.616377408243,True,True,float16,307.36781983387084,445.5073375861151
1768628468.5568035,2,490.0,840,140,980,synthetic-7B,32,4096,32,32000,1019.5344790052817,1223.441374806338,611.720687403169,False,True,float16,187.89860388520947,272.88341212636544
1768628468.55686,4,496.75,636,379,1987,synthetic-7B,32,4096,32,32000,1846.1418801552284,2215.3702561862738,1107.6851280931369,False,True,float16,290.3005639442786,495.27553922110263
1768628468.5569165,2,431.0,504,358,862,synthetic-7B,32,4096,32,32000,952.9093046167698,1143.4911655401236,571.7455827700618,False,True,float16,245.78797579731688,138.20630802350223
1768628468.5569885,4,477.25,910,113,1909,synthetic-7B,32,4096,32,32000,1459.682744148454,1751.6192929781448,875.8096464890724,True,True,float16,179.39159180463204,419.01453316052084
1768628468.5570462,16,430.25,991,65,6884,synthetic-7B,32,4096,32,32000,7929.62992926921,9515.555915123052,4757.777957561526,False,True,float16,431.25151203343427,381.80480881321887
1768628468.557103,2,732.5,917,548,1465,synthetic-7B,32,4096,32,32000,1425.1018667266137,1710.1222400719364,855.0611200359682,False,True,float16,478.56314339329344,401.37736766158184
1768628468.5571582,4,642.0,857,433,2568,synthetic-7B,32,4096,32,32000,2182.1765088265847,2618.6118105919018,1309.3059052959509,True,True,float16,146.09493587273926,156.30758938688055
1768628468.5572138,32,485.21875,954,72,15527,synthetic-7B,32,4096,32,32000,15588.579898893378,18706.295878672052,9353.147939336026,False,True,float16,369.56037481907555,396.4595342549231
1768628468.5572684,1,705.0,705,705,705,synthetic-7B,32,4096,32,32000,794.206881461428,953.0482577537135,476.52412887685676,False,True,float16,275.47480583241867,41.32167583904817
1768628468.5573242,16,586.125,988,123,9378,synthetic-7B,32,4096,32,32000,7507.700819790642,9009.24098374877,4504.620491874385,True,True,float16,461.1853277090497,161.8226260829434
1768628468.5573819,32,598.34375,981,153,19147,synthetic-7B,32,4096,32,32000,19420.383103068605,23304.459723682325,11652.229861841162,False,True,float16,167.017736863998,289.84159295312475
1768628468.5574381,16,582.875,963,118,9326,synthetic-7B,32,4096,32,32000,9270.50146728525,11124.6017607423,5562.30088037115,False,True,float16,478.8303946572421,435.18708049393393
1768628468.5574996,16,452.3125,958,60,7237,synthetic-7B,32,4096,32,32000,7879.9740150188245,9455.96881802259,4727.984409011295,False,True,float16,324.53559923189067,201.11516681226664
1768628468.5575576,16,501.5,875,96,8024,synthetic-7B,32,4096,32,32000,6515.858890833588,7819.030669000305,3909.5153345001527,True,False,float16,289.68292816485973,445.7604441753332
1768628468.5576138,8,565.125,799,244,4521,synthetic-7B,32,4096,32,32000,5617.826926115053,6741.392311338063,3370.6961556690317,False,True,float16,251.4623085071745,243.41847766501579
1768628468.5576696,2,343.5,634,53,687,synthetic-7B,32,4096,32,32000,691.695185431817,830.0342225181804,415.0171112590902,False,False,float16,261.60228751213214,30.53829031319126
1768628468.5577283,1,707.0,707,707,707,synthetic-7B,32,4096,32,32000,799.5412475162492,959.449497019499,479.7247485097495,False,False,float16,440.79041894474045,89.5647062714601
1768628468.5577853,2,676.0,694,658,1352,synthetic-7B,32,4096,32,32000,938.7848403601353,1126.5418084321623,563.2709042160811,True,False,float16,495.58843567671664,364.6901653484788
1768628468.5578408,32,659.375,995,101,21100,synthetic-7B,32,4096,32,32000,14765.428165120142,17718.51379814417,8859.256899072085,True,True,float16,395.100983843327,186.44759235755023
1768628468.5578978,32,482.53125,849,108,15441,synthetic-7B,32,4096,32,32000,14514.18274814382,17417.019297772582,8708.509648886291,False,True,float16,266.88467963849405,37.96516066292686
1768628468.5579543,16,535.9375,908,101,8575,synthetic-7B,32,4096,32,32000,10164.566734771848,12197.480081726217,6098.740040863108,False,False,float16,439.78948331315905,340.78074780505375
1768628468.558023,32,406.53125,992,57,13009,synthetic-7B,32,4096,32,32000,15134.061172409132,18160.873406890958,9080.436703445479,False,True,float16,335.563467544093,485.4793232500279
1768628468.5580795,16,474.6875,952,62,7595,synthetic-7B,32,4096,32,32000,4845.039214425152,5814.047057310182,2907.023528655091,True,True,float16,208.81513473695975,357.9699137979034
1768628468.5581355,1,130.0,130,130,130,synthetic-7B,32,4096,32,32000,88.96692029289571,106.76030435147484,53.38015217573742,True,True,float16,103.91013322279959,93.6739121044824
1768628468.5581934,16,567.5625,976,131,9081,synthetic-7B,32,4096,32,32000,8840.669060076953,10608.802872092343,5304.4014360461715,False,True,float16,438.47315129885743,219.95845105094224
1768628468.5582507,1,374.0,374,374,374,synthetic-7B,32,4096,32,32000,278.6363554456987,334.36362653483843,167.18181326741922,True,False,float16,345.4751498016848,59.95619454192931
1768628468.558307,1,308.0,308,308,308,synthetic-7B,32,4096,32,32000,294.0022956394423,352.8027547673308,176.4013773836654,False,True,float16,134.86378220404913,455.43342634758807
1768628468.5583613,4,747.25,991,477,2989,synthetic-7B,32,4096,32,32000,3219.829995307939,3863.795994369527,1931.8979971847634,False,True,float16,434.9749887893984,171.03061913762988
1768628468.5584173,2,426.0,565,287,852,synthetic-7B,32,4096,32,32000,720.5381634360951,864.6457961233142,432.3228980616571,True,True,float16,246.32103074490712,341.06950117437094
1768628468.558474,4,346.25,609,89,1385,synthetic-7B,32,4096,32,32000,976.8634857212711,1172.2361828655253,586.1180914327626,True,False,float16,419.65565471000656,300.68221980473544
1768628468.5585344,1,114.0,114,114,114,synthetic-7B,32,4096,32,32000,114.44715483070415,137.336585796845,68.6682928984225,False,True,float16,434.44907163798143,184.10719891321642
1768628468.5585923,2,521.5,881,162,1043,synthetic-7B,32,4096,32,32000,1053.992105410105,1264.790526492126,632.395263246063,False,False,float16,420.70321748111724,211.48412259740186
1768628468.5586486,32,490.28125,978,98,15689,synthetic-7B,32,4096,32,32000,11191.61681002407,13429.940172028884,6714.970086014442,True,True,float16,252.97442179988101,316.5411906587863
1768628468.558705,1,536.0,536,536,536,synthetic-7B,32,4096,32,32000,557.8137129374978,669.3764555249974,334.6882277624987,False,True,float16,128.09700892931613,93.71512010469955
1768628468.558762,16,479.375,866,59,7670,synthetic-7B,32,4096,32,32000,6531.133984692364,7837.360781630836,3918.680390815418,True,True,float16,409.11366478894604,48.39344238896754
1768628468.558818,8,478.5,630,137,3828,synthetic-7B,32,4096,32,32000,4291.79902469377,5150.1588296325235,2575.0794148162618,False,True,float16,120.11584679946874,82.76881669652356
1768628468.5588756,1,287.0,287,287,287,synthetic-7B,32,4096,32,32000,229.3263255671003,275.19159068052033,137.59579534026017,True,True,float16,192.60059660771384,157.97289165901378
1768628468.5589359,8,566.875,972,250,4535,synthetic-7B,32,4096,32,32000,3916.0330529879257,4699.23966358551,2349.619831792755,True,False,float16,121.28842347144086,224.50052414180286
1768628468.558995,1,340.0,340,340,340,synthetic-7B,32,4096,32,32000,352.059812411348,422.4717748936176,211.2358874468088,False,True,float16,211.64723575108172,487.45759594653543
1768628468.5590553,32,501.375,981,68,16044,synthetic-7B,32,4096,32,32000,13625.285453386212,16350.342544063453,8175.171272031726,False,True,float16,117.29367405007842,177.19651209354976
1768628468.5591135,8,552.625,849,179,4421,synthetic-7B,32,4096,32,32000,4744.977276008512,5693.972731210214,2846.986365605107,False,True,float16,269.7956236191501,32.3225901536817
1768628468.55917,16,490.0625,984,72,7841,synthetic-7B,32,4096,32,32000,9308.082566456802,11169.699079748161,5584.849539874081,False,True,float16,387.4698163670679,481.3151764525159
1768628468.5592258,32,507.1875,948,56,16230,synthetic-7B,32,4096,32,32000,16517.228549741292,19820.67425968955,9910.337129844775,False,True,float16,369.88082690985965,329.0944668673462
1768628468.5592816,16,585.1875,969,172,9363,synthetic-7B,32,4096,32,32000,6720.965880555459,8065.159056666551,4032.5795283332754,True,True,float16,332.0159626007818,453.7646497473963
1768628468.5593374,8,481.625,957,57,3853,synthetic-7B,32,4096,32,32000,5174.200504841875,6209.04060581025,3104.520302905125,False,True,float16,327.160920146555,146.48404304616108
1768628468.5593927,32,510.59375,999,151,16339,synthetic-7B,32,4096,32,32000,19037.99168644853,22845.590023738238,11422.795011869119,False,True,float16,228.37548021274011,153.907935093676
1768628468.5594482,1,433.0,433,433,433,synthetic-7B,32,4096,32,32000,328.7038903451829,394.4446684142195,197.22233420710975,True,False,float16,332.36745573638984,223.36698148270065
1768628468.5595055,2,676.0,987,365,1352,synthetic-7B,32,4096,32,32000,1253.613384772478,1504.3360617269734,752.1680308634867,False,False,float16,333.4056179267011,168.12370257728458
1768628468.5595622,1,920.0,920,920,920,synthetic-7B,32,4096,32,32000,1037.4082156375275,1244.889858765033,622.4449293825165,False,True,float16,425.45227543571826,450.72699355533774
1768628468.5596218,8,340.0,464,92,2720,synthetic-7B,32,4096,32,32000,2244.0957543936834,2692.91490527242,1346.45745263621,False,True,float16,102.21404988389584,314.0982100185404
1768628468.55968,4,401.5,962,70,1606,synthetic-7B,32,4096,32,32000,1556.0597263921438,1867.2716716705725,933.6358358352862,False,False,float16,482.0741797893721,413.7116110482914
1768628468.5597363,8,565.625,945,247,4525,synthetic-7B,32,4096,32,32000,4746.832021730699,5696.198426076839,2848.0992130384193,False,True,float16,203.61935984833644,234.5486911506898
1768628468.5597935,32,528.5,996,50,16912,synthetic-7B,32,4096,32,32000,12218.491531393127,14662.189837671753,7331.094918835876,True,True,float16,160.1264635441487,445.2708198525886
1768628468.5598493,4,581.75,918,233,2327,synthetic-7B,32,4096,32,32000,2638.081951355992,3165.69834162719,1582.849170813595,False,True,float16,344.22912828097765,285.74691786365713
1768628468.5599058,4,336.5,451,271,1346,synthetic-7B,32,4096,32,32000,1358.321994591276,1629.9863935095311,814.9931967547656,False,True,float16,436.56058343395216,29.243748568613544
1768628468.559961,16,589.125,975,94,9426,synthetic-7B,32,4096,32,32000,5622.2656547701135,6746.718785724136,3373.359392862068,True,True,float16,464.8588186813679,214.3497658070643
1768628468.5600166,2,833.0,995,671,1666,synthetic-7B,32,4096,32,32000,1818.9813003374054,2182.7775604048866,1091.3887802024433,False,True,float16,490.99014836257305,456.9411382881281
1768628468.5600715,32,571.0,999,51,18272,synthetic-7B,32,4096,32,32000,20400.41565927487,24480.49879112984,12240.24939556492,False,True,float16,334.49493233804793,148.39457723604892
1768628468.5601265,1,437.0,437,437,437,synthetic-7B,32,4096,32,32000,489.163163091491,586.9957957097891,293.4978978548946,False,True,float16,272.6156696904312,15.105386652017328
1768628468.5601823,2,906.5,989,824,1813,synthetic-7B,32,4096,32,32000,1519.2363999178576,1823.0836799014292,911.5418399507146,False,False,float16,418.916147213645,107.51066323484004
1768628468.5602388,32,486.25,983,83,15560,synthetic-7B,32,4096,32,32000,10076.45333882285,12091.74400658742,6045.87200329371,True,False,float16,314.2581462302116,397.5304026221997
1768628468.560299,1,746.0,746,746,746,synthetic-7B,32,4096,32,32000,798.7038359423252,958.4446031307903,479.2223015653951,False,True,float16,435.2059587983103,470.4685033100131
1768628468.5603592,2,596.0,698,494,1192,synthetic-7B,32,4096,32,32000,1025.3034191522347,1230.3641029826815,615.1820514913408,False,True,float16,255.8398015429048,106.41522487385306
1768628468.5604153,4,501.0,976,161,2004,synthetic-7B,32,4096,32,32000,2142.006662773778,2570.407995328533,1285.2039976642666,False,True,float16,448.88561249911663,446.4708460349296
1768628468.5604713,32,527.5625,872,51,16882,synthetic-7B,32,4096,32,32000,18631.59610086458,22357.915321037493,11178.957660518747,False,True,float16,224.11596819750312,361.97791553488236
1768628468.5605273,16,318.25,675,105,5092,synthetic-7B,32,4096,32,32000,5222.542654030841,6267.051184837009,3133.5255924185044,False,True,float16,480.9050759502146,344.92455073623984
1768628468.5605836,1,272.0,272,272,272,synthetic-7B,32,4096,32,32000,281.41186105593755,337.69423326712507,168.84711663356254,False,True,float16,195.31751529756207,44.66353210163904
1768628468.5606399,16,459.375,856,101,7350,synthetic-7B,32,4096,32,32000,7926.344401123976,9511.613281348771,4755.806640674386,False,False,float16,479.28041762349676,161.59857565605716
1768628468.5606954,16,528.75,919,65,8460,synthetic-7B,32,4096,32,32000,9671.333033402232,11605.599640082679,5802.799820041339,False,True,float16,147.13243447311697,131.80049089180204
1768628468.5607514,32,498.59375,897,92,15955,synthetic-7B,32,4096,32,32000,17191.772857733693,20630.12742928043,10315.063714640215,False,True,float16,281.79271455398134,346.81702879322285
1768628468.560807,2,862.5,959,766,1725,synthetic-7B,32,4096,32,32000,1985.3201106291122,2382.3841327549344,1191.1920663774672,False,False,float16,480.87030078445605,358.1315872477657
1768628468.5608628,16,474.75,974,79,7596,synthetic-7B,32,4096,32,32000,7471.282708093451,8965.539249712141,4482.769624856071,False,False,float16,488.64178675956265,261.6595187653021
1768628468.5609193,8,761.75,946,430,6094,synthetic-7B,32,4096,32,32000,4281.631324091264,5137.957588909517,2568.9787944547584,True,True,float16,223.56576969248152,383.79684662705426
1768628468.5609915,2,417.0,763,71,834,synthetic-7B,32,4096,32,32000,637.7134365915413,765.2561239098495,382.62806195492476,True,True,float16,275.4707928836983,459.97982023663496
1768628468.5610547,2,676.0,711,641,1352,synthetic-7B,32,4096,32,32000,1837.5653532744707,2205.078423929365,1102.5392119646824,False,True,float16,450.8003168741332,378.9424757730862
1768628468.5611122,32,509.375,961,81,16300,synthetic-7B,32,4096,32,32000,19733.820098265445,23680.584117918534,11840.292058959267,False,True,float16,318.0176172747084,411.59690845964997
1768628468.5611687,2,375.5,660,91,751,synthetic-7B,32,4096,32,32000,760.7631124943111,912.9157349931734,456.4578674965867,False,True,float16,184.1822068480648,491.50684889650074
1768628468.561225,4,362.0,607,70,1448,synthetic-7B,32,4096,32,32000,1599.3509927209707,1919.2211912651646,959.6105956325823,False,True,float16,299.7498058705563,266.6251159767709
1768628468.5612824,32,528.125,949,52,16900,synthetic-7B,32,4096,32,32000,11945.808972903133,14334.97076748376,7167.48538374188,True,True,float16,448.52390960645823,248.13828267803018
1768628468.5613384,32,592.0625,961,106,18946,synthetic-7B,32,4096,32,32000,18857.581626364576,22629.09795163749,11314.548975818745,False,True,float16,117.49671569907716,51.07875850971443
1768628468.5613937,4,573.75,712,280,2295,synthetic-7B,32,4096,32,32000,2265.1170218781135,2718.140426253736,1359.070213126868,False,True,float16,147.70653906338578,251.58236397633667
1768628468.5614505,1,697.0,697,697,697,synthetic-7B,32,4096,32,32000,738.6459380131531,886.3751256157838,443.1875628078919,False,False,float16,393.126396953299,284.43118681011913
1768628468.5615058,2,244.5,265,224,489,synthetic-7B,32,4096,32,32000,465.8203975712324,558.9844770854788,279.4922385427394,False,False,float16,381.54003274541344,231.45128055841047
1768628468.561562,32,562.96875,998,125,18015,synthetic-7B,32,4096,32,32000,14657.981526395495,17589.577831674593,8794.788915837296,True,True,float16,136.17377491823407,340.3359819605618
1768628468.5616183,1,436.0,436,436,436,synthetic-7B,32,4096,32,32000,454.8759856729703,545.8511828075643,272.92559140378216,False,False,float16,403.9378099925748,279.1063569775918
1768628468.5616794,32,475.03125,964,73,15201,synthetic-7B,32,4096,32,32000,13047.594466159233,15657.113359391078,7828.556679695539,True,False,float16,378.3370573836857,55.449492424890266
1768628468.5617375,16,573.125,953,70,9170,synthetic-7B,32,4096,32,32000,6245.22175913472,7494.266110961664,3747.133055480832,True,True,float16,179.3993185385011,473.80243970430354
1768628468.561794,8,305.375,635,64,2443,synthetic-7B,32,4096,32,32000,2591.8328947980617,3110.199473757674,1555.099736878837,False,True,float16,117.7299904136523,496.2003324553182
1768628468.5618498,2,251.5,398,105,503,synthetic-7B,32,4096,32,32000,422.5078270747489,507.00939248969866,253.50469624484933,True,True,float16,379.8555606428836,445.55193478568157
1768628468.5619063,8,489.125,852,137,3913,synthetic-7B,32,4096,32,32000,4158.485620082974,4990.1827440995685,2495.0913720497842,False,True,float16,301.44001322830115,343.97901115260044
1768628468.561962,16,461.6875,946,93,7387,synthetic-7B,32,4096,32,32000,6869.903791368886,8243.884549642664,4121.942274821332,False,True,float16,405.4447878707225,44.87643892778344
1768628468.5620413,8,495.125,812,196,3961,synthetic-7B,32,4096,32,32000,3395.898691398813,4075.078429678575,2037.5392148392875,True,True,float16,208.73778725722843,481.14345894008227
1768628468.562098,2,422.0,460,384,844,synthetic-7B,32,4096,32,32000,831.5142286883136,997.8170744259762,498.9085372129881,False,True,float16,467.48562765254087,380.5997699657998
1768628468.5621536,1,914.0,914,914,914,synthetic-7B,32,4096,32,32000,1138.387021197984,1366.064425437581,683.0322127187904,False,True,float16,421.48265706665626,399.96229687688003
1768628468.5622098,16,401.4375,826,67,6423,synthetic-7B,32,4096,32,32000,5749.496953222194,6899.396343866632,3449.698171933316,False,True,float16,167.5511325260847,359.2304894526187
1768628468.5622654,16,472.875,831,90,7566,synthetic-7B,32,4096,32,32000,8323.233656120923,9987.880387345107,4993.9401936725535,False,False,float16,180.70603216888725,78.28372912133726
1768628468.562322,2,468.5,776,161,937,synthetic-7B,32,4096,32,32000,994.4608718610759,1193.353046233291,596.6765231166455,False,True,float16,365.39215207893744,58.959397102049856
1768628468.5623794,8,531.125,962,80,4249,synthetic-7B,32,4096,32,32000,4439.126913056624,5326.952295667949,2663.4761478339747,False,True,float16,491.08801086072316,419.889964835555
1768628468.5624352,32,496.84375,988,118,15899,synthetic-7B,32,4096,32,32000,16104.681075441089,19325.617290529306,9662.808645264653,False,True,float16,435.54124014160686,106.29163619481777
1768628468.5624957,16,435.875,905,52,6974,synthetic-7B,32,4096,32,32000,6948.487215502223,8338.184658602668,4169.092329301334,False,True,float16,380.82182854433324,170.35803772658946
1768628468.5625532,4,359.25,569,178,1437,synthetic-7B,32,4096,32,32000,1035.9510010442145,1243.1412012530575,621.5706006265287,True,True,float16,226.4539565953946,182.28186267631304
1768628468.5626092,8,423.5,976,94,3388,synthetic-7B,32,4096,32,32000,2311.6146045404194,2773.937525448503,1386.9687627242515,True,True,float16,381.76162228914444,132.39113378195412
1768628468.5626643,4,487.5,859,150,1950,synthetic-7B,32,4096,32,32000,2081.538009772957,2497.8456117275487,1248.9228058637743,False,True,float16,455.2529454101995,271.1419383044456
1768628468.5627239,1,257.0,257,257,257,synthetic-7B,32,4096,32,32000,275.53014686498136,330.6361762379776,165.3180881189888,False,True,float16,258.0868418442778,357.515289785175
1768628468.5627806,32,557.15625,933,145,17829,synthetic-7B,32,4096,32,32000,20485.720775474052,24582.864930568863,12291.432465284432,False,True,float16,399.46874298368147,402.63737973903
1768628468.5628366,4,635.0,768,381,2540,synthetic-7B,32,4096,32,32000,3034.249942587836,3641.099931105403,1820.5499655527015,False,True,float16,429.47309494282075,107.41642227937768
1768628468.5628932,2,759.0,941,577,1518,synthetic-7B,32,4096,32,32000,1056.4067690513696,1267.6881228616435,633.8440614308217,True,True,float16,171.03453986157223,114.31787861421282
1768628468.5629494,8,634.75,978,383,5078,synthetic-7B,32,4096,32,32000,4685.281877156084,5622.338252587301,2811.1691262936506,False,True,float16,462.2375426797425,59.54166435030693
1768628468.5630095,2,245.5,279,212,491,synthetic-7B,32,4096,32,32000,508.67655889811317,610.4118706777358,305.2059353388679,False,False,float16,427.04010390395456,248.1025677601755
1768628468.563066,32,529.53125,963,70,16945,synthetic-7B,32,4096,32,32000,11017.953233327113,13221.543879992534,6610.771939996267,True,True,float16,487.34486652871675,289.5999168153461
1768628468.5631208,1,942.0,942,942,942,synthetic-7B,32,4096,32,32000,942.077881869329,1130.4934582431947,565.2467291215974,False,True,float16,207.16446671811633,231.24187824655428
1768628468.5631814,8,630.25,960,176,5042,synthetic-7B,32,4096,32,32000,5132.0662397598635,6158.479487711836,3079.239743855918,False,True,float16,404.9574374447717,406.0727410759503
1768628468.5632381,4,479.0,718,85,1916,synthetic-7B,32,4096,32,32000,1610.4918304558482,1932.5901965470177,966.2950982735089,False,True,float16,356.3381749206965,255.75015265722396
1768628468.563295,1,531.0,531,531,531,synthetic-7B,32,4096,32,32000,557.4169196658487,668.9003035990185,334.45015179950923,False,True,float16,221.9826121219425,290.56714178992627
1768628468.5633535,1,611.0,611,611,611,synthetic-7B,32,4096,32,32000,636.1152840267955,763.3383408321546,381.6691704160773,False,True,float16,209.35701382958342,344.1979612754127
1768628468.5634105,16,504.0625,999,64,8065,synthetic-7B,32,4096,32,32000,8941.414640078056,10729.697568093667,5364.848784046833,False,False,float16,310.01030641462876,322.8108709584145
1768628468.563467,16,540.0,885,61,8640,synthetic-7B,32,4096,32,32000,8130.585290482075,9756.70234857849,4878.351174289245,False,True,float16,261.61280578133767,184.95951578823014
1768628468.563522,8,460.5,911,66,3684,synthetic-7B,32,4096,32,32000,2704.4838409726535,3245.380609167184,1622.690304583592,True,True,float16,348.57970969644043,432.8014847028709
1768628468.5635781,16,551.3125,912,108,8821,synthetic-7B,32,4096,32,32000,8505.27298647499,10206.32758376999,5103.163791884995,False,True,float16,334.37822794451876,360.6823481693874
1768628468.5636334,2,764.0,766,762,1528,synthetic-7B,32,4096,32,32000,1302.1319546942666,1562.5583456331199,781.2791728165599,False,True,float16,105.969543558638,253.6373581979914
1768628468.5636895,4,155.0,225,129,620,synthetic-7B,32,4096,32,32000,553.7776884309924,664.5332261171908,332.2666130585954,True,True,float16,486.4894208448176,100.14161992299303
1768628468.5637453,1,310.0,310,310,310,synthetic-7B,32,4096,32,32000,230.3152014304321,276.3782417165185,138.18912085825926,False,True,float16,314.5398416812268,38.077225631926716
1768628468.5638018,32,552.71875,999,112,17687,synthetic-7B,32,4096,32,32000,13265.229113336049,15918.274936003258,7959.137468001629,True,True,float16,463.8768630179738,26.754388166975218
1768628468.5638623,4,456.75,856,60,1827,synthetic-7B,32,4096,32,32000,1301.580926170775,1561.89711140493,780.948555702465,True,True,float16,273.58999103569784,354.59081179427693
1768628468.563919,32,497.75,990,52,15928,synthetic-7B,32,4096,32,32000,15265.780546070851,18318.936655285022,9159.468327642511,False,True,float16,334.04833768791025,57.777978430448954
1768628468.5639768,2,834.5,924,745,1669,synthetic-7B,32,4096,32,32000,1523.800738588496,1828.560886306195,914.2804431530975,False,True,float16,168.04144691932595,72.74728997492987
1768628468.5640323,2,594.5,707,482,1189,synthetic-7B,32,4096,32,32000,1046.8372846543332,1256.2047415851998,628.1023707925999,False,True,float16,261.77988039936554,212.85286864561053
1768628468.5640883,1,583.0,583,583,583,synthetic-7B,32,4096,32,32000,459.0962046834958,550.9154456201949,275.45772281009744,True,False,float16,381.1301368722832,361.13422667294054
1768628468.5641446,2,846.0,972,720,1692,synthetic-7B,32,4096,32,32000,1084.2036538735333,1301.0443846482399,650.5221923241199,True,False,float16,122.30438678603966,54.99760355650082
1768628468.5642004,4,681.5,867,593,2726,synthetic-7B,32,4096,32,32000,2708.231018890057,3249.877222668068,1624.938611334034,False,True,float16,103.49310014702473,177.73674179872992
1768628468.5642617,16,396.9375,907,75,6351,synthetic-7B,32,4096,32,32000,6201.783378499482,7442.140054199378,3721.070027099689,False,True,float16,418.9271681527091,134.9525722626775
1768628468.5643182,4,263.75,301,191,1055,synthetic-7B,32,4096,32,32000,788.7883070903289,946.5459685083946,473.2729842541973,True,False,float16,103.18712083153478,70.51274190853253
1768628468.5643744,2,330.0,475,185,660,synthetic-7B,32,4096,32,32000,607.9921632871201,729.5905959445441,364.79529797227207,False,True,float16,133.2375501810531,281.1197383996701
1768628468.5644305,16,447.3125,880,52,7157,synthetic-7B,32,4096,32,32000,4765.311387034817,5718.37366444178,2859.18683222089,True,True,float16,265.19634645909315,200.22486228130262
1768628468.5644872,32,538.875,997,57,17244,synthetic-7B,32,4096,32,32000,14232.114138256127,17078.53696590735,8539.268482953676,True,True,float16,292.81648593089136,255.60614215470676
1768628468.5645444,1,123.0,123,123,123,synthetic-7B,32,4096,32,32000,113.87753591605943,136.65304309927131,68.32652154963566,False,False,float16,393.7038690204828,145.58301740230186
1768628468.5646055,32,511.5625,996,78,16370,synthetic-7B,32,4096,32,32000,15205.623503641797,18246.748204370157,9123.374102185078,False,True,float16,494.6033872237886,202.6779857513152
1768628468.5646617,16,543.125,943,142,8690,synthetic-7B,32,4096,32,32000,8258.968686570897,9910.762423885077,4955.381211942538,False,False,float16,400.1618055250854,273.633392435845
1768628468.5647168,1,484.0,484,484,484,synthetic-7B,32,4096,32,32000,383.0045955624755,459.6055146749706,229.8027573374853,False,True,float16,327.96670793684547,201.42119633719082
1768628468.5647733,32,537.5625,985,84,17202,synthetic-7B,32,4096,32,32000,19636.9331768568,23564.31981222816,11782.15990611408,False,True,float16,494.3822262184818,131.28074488006553
1768628468.564829,1,841.0,841,841,841,synthetic-7B,32,4096,32,32000,736.1947815104807,883.4337378125767,441.71686890628837,True,True,float16,467.077250612082,17.832610176188396
1768628468.564886,2,434.0,644,224,868,synthetic-7B,32,4096,32,32000,698.7723504075582,838.5268204890698,419.2634102445349,True,False,float16,165.3854714255621,194.77960053905687
1768628468.5649416,4,457.0,817,230,1828,synthetic-7B,32,4096,32,32000,1616.8105296048204,1940.1726355257845,970.0863177628922,False,True,float16,356.0360287331543,409.99817185258473
1768628468.5650463,16,557.875,922,79,8926,synthetic-7B,32,4096,32,32000,7552.356579635572,9062.827895562687,4531.413947781343,True,True,float16,366.3673276876847,39.50898957691783
1768628468.5651047,4,482.75,993,197,1931,synthetic-7B,32,4096,32,32000,1432.6879661517276,1719.225559382073,859.6127796910365,True,True,float16,246.89984188758945,45.932931024157625
1768628468.5651622,1,627.0,627,627,627,synthetic-7B,32,4096,32,32000,731.0591791211033,877.2710149453239,438.63550747266197,False,True,float16,113.17687499321694,468.38306158289976
1768628468.56522,4,325.0,888,58,1300,synthetic-7B,32,4096,32,32000,945.1308872062233,1134.157064647468,567.078532323734,True,True,float16,302.08753144494665,465.68845495259103
1768628468.5652761,8,406.125,899,88,3249,synthetic-7B,32,4096,32,32000,3419.9454598397647,4103.934551807717,2051.9672759038585,False,True,float16,480.1412125352366,45.48881972628925
1768628468.565337,16,369.8125,950,57,5917,synthetic-7B,32,4096,32,32000,5808.849493417563,6970.619392101075,3485.3096960505377,False,True,float16,195.74281984639214,317.7636583780287
1768628468.5653937,8,415.25,745,72,3322,synthetic-7B,32,4096,32,32000,3278.676694322789,3934.4120331873464,1967.2060165936732,False,True,float16,219.29766111069702,374.4341534169511
1768628468.5654504,16,498.125,970,90,7970,synthetic-7B,32,4096,32,32000,8858.618076846662,10630.341692215994,5315.170846107997,False,False,float16,195.8053283570692,51.15408113117636
1768628468.5655055,2,641.0,709,573,1282,synthetic-7B,32,4096,32,32000,1418.558345507206,1702.2700146086472,851.1350073043236,False,False,float16,122.25216960572442,452.91811738309787
1768628468.565561,1,188.0,188,188,188,synthetic-7B,32,4096,32,32000,167.05400397878475,200.4648047745417,100.23240238727085,False,True,float16,404.50000988286905,384.188284319981
1768628468.5656176,16,630.875,998,100,10094,synthetic-7B,32,4096,32,32000,10783.03781361906,12939.64537634287,6469.822688171435,False,True,float16,194.6943001049654,51.950716523914956
1768628468.565678,2,542.0,683,401,1084,synthetic-7B,32,4096,32,32000,853.6417445942822,1024.3700935131385,512.1850467565692,False,True,float16,108.82184888098712,87.77731612465814
1768628468.5657341,1,335.0,335,335,335,synthetic-7B,32,4096,32,32000,294.4513946624851,353.34167359498207,176.67083679749103,False,True,float16,257.45802735055815,285.974530459341
1768628468.5657897,1,231.0,231,231,231,synthetic-7B,32,4096,32,32000,255.69371959789115,306.83246351746936,153.41623175873468,False,True,float16,143.7468614121645,229.6716655214332
1768628468.565846,8,505.125,909,175,4041,synthetic-7B,32,4096,32,32000,4470.060275682818,5364.072330819382,2682.036165409691,False,True,float16,334.6812290858422,108.86728886608512
1768628468.565901,1,481.0,481,481,481,synthetic-7B,32,4096,32,32000,543.6323756194496,652.3588507433395,326.17942537166977,False,True,float16,384.7443424983777,457.80323493418757
1768628468.5659564,4,572.0,989,117,2288,synthetic-7B,32,4096,32,32000,2164.993854245657,2597.9926250947883,1298.9963125473942,False,True,float16,112.08636083135195,203.44831456081434
1768628468.5660243,32,513.1875,999,50,16422,synthetic-7B,32,4096,32,32000,17348.998082491795,20818.797698990154,10409.398849495077,False,True,float16,247.28639473571744,482.824251365043
1768628468.5660863,4,572.0,865,142,2288,synthetic-7B,32,4096,32,32000,1931.5644831332143,2317.877379759857,1158.9386898799285,True,True,float16,349.8027952083314,75.16214897224776
1768628468.5661428,4,414.75,761,111,1659,synthetic-7B,32,4096,32,32000,1046.2672773346992,1255.520732801639,627.7603664008195,True,False,float16,204.87775327933733,486.1991672409343
1768628468.5661988,32,537.25,892,60,17192,synthetic-7B,32,4096,32,32000,20062.519832703038,24075.023799243645,12037.511899621823,False,True,float16,144.21659125279405,25.080229465281647
1768628468.5662537,8,606.875,926,307,4855,synthetic-7B,32,4096,32,32000,5005.472926024538,6006.567511229445,3003.2837556147224,False,True,float16,250.9647354449687,191.37098097603476
1768628468.566309,4,608.75,980,280,2435,synthetic-7B,32,4096,32,32000,1817.9339197884933,2181.520703746192,1090.760351873096,True,True,float16,481.00174373866884,44.137598359340515
1768628468.566369,8,522.375,925,65,4179,synthetic-7B,32,4096,32,32000,4340.042483428113,5208.050980113735,2604.0254900568675,False,True,float16,288.26747823137214,123.66556879829461
1768628468.566425,32,501.71875,998,54,16055,synthetic-7B,32,4096,32,32000,12719.855775726042,15263.82693087125,7631.913465435625,True,True,float16,417.4541054177489,304.61493718684
1768628468.566481,8,617.375,989,208,4939,synthetic-7B,32,4096,32,32000,5321.086229476092,6385.30347537131,3192.651737685655,False,True,float16,392.61971292432753,388.5867521833144
1768628468.566537,8,484.625,973,96,3877,synthetic-7B,32,4096,32,32000,3964.566735707044,4757.480082848452,2378.740041424226,False,False,float16,154.67833867444685,414.7488277796862
1768628468.566593,8,311.625,703,60,2493,synthetic-7B,32,4096,32,32000,2609.768158189149,3131.7217898269787,1565.8608949134893,False,True,float16,481.93383177675406,456.6392047350837
1768628468.5666485,1,797.0,797,797,797,synthetic-7B,32,4096,32,32000,783.0974185190846,939.7169022229015,469.85845111145073,False,True,float16,173.48816458047986,485.4970582531029
1768628468.566704,2,396.0,562,230,792,synthetic-7B,32,4096,32,32000,711.5579262391063,853.8695114869275,426.93475574346377,False,True,float16,253.5942405306375,53.29970429004225
1768628468.5667593,1,120.0,120,120,120,synthetic-7B,32,4096,32,32000,113.20298270730535,135.84357924876642,67.92178962438321,False,True,float16,294.8059695048697,346.1061037109927
1768628468.5668194,16,424.0625,961,91,6785,synthetic-7B,32,4096,32,32000,5193.350595123434,6232.0207141481205,3116.0103570740603,True,True,float16,142.6819828892628,436.7837492324331
1768628468.5668757,1,297.0,297,297,297,synthetic-7B,32,4096,32,32000,308.1372371730803,369.7646846076963,184.88234230384816,False,True,float16,315.7412272973336,309.8149112471654
1768628468.5669322,2,545.5,596,495,1091,synthetic-7B,32,4096,32,32000,1139.3228400265716,1367.187408031886,683.593704015943,False,True,float16,238.16637617241872,133.91380254586784
1768628468.5669916,2,207.5,276,139,415,synthetic-7B,32,4096,32,32000,416.59684911139925,499.9162189336791,249.95810946683955,False,False,float16,176.14574177937146,449.88974476640414
1768628468.5670474,1,657.0,657,657,657,synthetic-7B,32,4096,32,32000,548.2465919604841,657.8959103525809,328.94795517629046,True,True,float16,483.0484497312817,101.8170092563178
1768628468.5671043,1,644.0,644,644,644,synthetic-7B,32,4096,32,32000,602.5689745225277,723.0827694270332,361.5413847135166,False,True,float16,277.36054903822264,147.11200983366757
1768628468.56716,32,683.09375,973,247,21859,synthetic-7B,32,4096,32,32000,23231.42242372786,27877.706908473432,13938.853454236716,False,False,float16,456.202219023275,72.01290821731178
1768628468.5672162,2,638.0,749,527,1276,synthetic-7B,32,4096,32,32000,1131.5682881437222,1357.8819457724665,678.9409728862332,False,False,float16,168.54969411024916,205.07705705422265
1768628468.5672712,2,492.5,829,156,985,synthetic-7B,32,4096,32,32000,1025.909228188395,1231.0910738260739,615.5455369130369,False,True,float16,206.49234784070623,261.8915349592412
1768628468.5673268,2,608.5,627,590,1217,synthetic-7B,32,4096,32,32000,1040.7959881185757,1248.9551857422907,624.4775928711454,False,True,float16,103.6064795305975,97.21393879022038
1768628468.5673819,32,525.25,994,75,16808,synthetic-7B,32,4096,32,32000,14923.28993090836,17907.94791709003,8953.973958545015,True,True,float16,328.1741494729206,104.82997410959959
1768628468.5674388,16,490.75,970,88,7852,synthetic-7B,32,4096,32,32000,5419.049168492831,6502.859002191397,3251.4295010956985,True,True,float16,313.5166775474146,235.2963558271676
1768628468.5674992,2,961.0,977,945,1922,synthetic-7B,32,4096,32,32000,1681.7013171860062,2018.0415806232074,1009.0207903116037,False,False,float16,460.6699496522759,464.9853041906825
1768628468.567556,16,444.4375,926,52,7111,synthetic-7B,32,4096,32,32000,6878.623499589475,8254.348199507369,4127.1740997536845,True,True,float16,220.39257225031199,328.84433831218826
1768628468.5676098,1,63.0,63,63,63,synthetic-7B,32,4096,32,32000,69.24850386651644,83.09820463981973,41.54910231990986,False,True,float16,337.7806915712911,421.302488561943
1768628468.567665,1,828.0,828,828,828,synthetic-7B,32,4096,32,32000,673.8007733170156,808.5609279804187,404.28046399020934,True,True,float16,125.92679508516764,217.3811037511191
1768628468.5677204,4,605.25,958,52,2421,synthetic-7B,32,4096,32,32000,2556.744367515478,3068.0932410185737,1534.0466205092869,False,True,float16,122.895549002445,169.76703253759257
1768628468.5677757,1,228.0,228,228,228,synthetic-7B,32,4096,32,32000,171.7833422570008,206.14001070840098,103.07000535420049,True,False,float16,401.85065314790745,251.37400592452815
1768628468.567833,1,217.0,217,217,217,synthetic-7B,32,4096,32,32000,143.60579652660766,172.32695583192918,86.16347791596459,True,True,float16,221.90747876991924,272.89086805587334
1768628468.5678892,2,469.5,851,88,939,synthetic-7B,32,4096,32,32000,928.110567941208,1113.7326815294496,556.8663407647248,False,True,float16,430.54610818207993,341.04183950091925
1768628468.567945,2,623.0,657,589,1246,synthetic-7B,32,4096,32,32000,1124.6762822386124,1349.6115386863348,674.8057693431674,True,True,float16,313.93120134675826,57.556688303419406
1768628468.5680015,1,768.0,768,768,768,synthetic-7B,32,4096,32,32000,789.336885061853,947.2042620742235,473.60213103711175,False,True,float16,282.74746811556724,41.335136550384206
1768628468.5680578,8,472.75,988,171,3782,synthetic-7B,32,4096,32,32000,2864.5543295376838,3437.4651954452206,1718.7325977226103,True,True,float16,226.64974384586213,379.2676609988574
1768628468.5681148,4,465.0,674,177,1860,synthetic-7B,32,4096,32,32000,1797.6392480470386,2157.167097656446,1078.583548828223,False,True,float16,173.91261043656215,245.55956076833942
1768628468.56817,1,379.0,379,379,379,synthetic-7B,32,4096,32,32000,378.5430280955296,454.25163371463555,227.12581685731777,False,True,float16,439.393148836968,499.77550639549145
1768628468.5682323,32,522.15625,967,59,16709,synthetic-7B,32,4096,32,32000,18157.27792853388,21788.733514240655,10894.366757120328,False,True,float16,299.6388580755478,487.08157590568464
1768628468.5682902,1,430.0,430,430,430,synthetic-7B,32,4096,32,32000,398.3457489343961,478.0148987212753,239.00744936063765,False,True,float16,176.81609007726627,327.089828863927
1768628468.568348,32,527.65625,960,70,16885,synthetic-7B,32,4096,32,32000,18469.974751891677,22163.969702270013,11081.984851135006,False,True,float16,143.84600023956042,130.7228886686579
1768628468.5684042,4,567.75,883,198,2271,synthetic-7B,32,4096,32,32000,2238.6454424144567,2686.374530897348,1343.187265448674,False,True,float16,251.5302418479346,137.7395736665929
1768628468.5684605,8,584.625,972,110,4677,synthetic-7B,32,4096,32,32000,3638.7396639233884,4366.487596708066,2183.243798354033,True,False,float16,244.42207519353198,31.194487156965344
1768628468.5685172,16,510.0625,931,90,8161,synthetic-7B,32,4096,32,32000,6340.129283458032,7608.155140149638,3804.077570074819,True,True,float16,431.9504632192967,246.8215730828406
1768628468.5685725,16,688.9375,990,166,11023,synthetic-7B,32,4096,32,32000,8111.278694625208,9733.534433550249,4866.767216775124,True,True,float16,308.9958664530146,316.9344441256358
1768628468.5686285,2,327.0,422,232,654,synthetic-7B,32,4096,32,32000,534.4641590135959,641.356990816315,320.6784954081575,True,False,float16,132.29653406207126,50.69246437857824
1768628468.568683,16,542.875,902,90,8686,synthetic-7B,32,4096,32,32000,7782.262771025677,9338.71532523081,4669.357662615405,False,False,float16,430.13238661477584,252.44878939005366
1768628468.5687377,4,581.75,993,60,2327,synthetic-7B,32,4096,32,32000,2980.408232501427,3576.4898790017123,1788.2449395008562,False,True,float16,264.6629924109186,60.210146120707826
1768628468.5687943,16,460.875,947,91,7374,synthetic-7B,32,4096,32,32000,6263.385196711316,7516.062236053579,3758.0311180267895,False,True,float16,312.0161497459711,119.1625101140989
1768628468.5688498,4,682.5,822,486,2730,synthetic-7B,32,4096,32,32000,2456.1543203579413,2947.3851844295295,1473.6925922147648,True,True,float16,446.69108340041834,17.88923662123898
1768628468.5689092,8,487.75,913,79,3902,synthetic-7B,32,4096,32,32000,3231.8487402771543,3878.218488332585,1939.1092441662925,False,True,float16,385.2488519794731,148.93196820774955
1768628468.5689807,16,485.6875,920,80,7771,synthetic-7B,32,4096,32,32000,8442.094328216761,10130.513193860113,5065.256596930057,False,False,float16,411.48221534010145,59.881525737312174
1768628468.569039,2,557.0,777,337,1114,synthetic-7B,32,4096,32,32000,1096.2538691584425,1315.504642990131,657.7523214950655,False,True,float16,131.74630292346222,329.9426757240438
1768628468.5690944,1,998.0,998,998,998,synthetic-7B,32,4096,32,32000,1032.5229350484044,1239.0275220580852,619.5137610290426,False,True,float16,253.41455216794225,96.05787119659944
1768628468.5691504,16,567.8125,891,123,9085,synthetic-7B,32,4096,32,32000,9616.625387372695,11539.950464847234,5769.975232423617,False,True,float16,183.43716858230852,478.7581983800822
1768628468.5692077,1,924.0,924,924,924,synthetic-7B,32,4096,32,32000,892.3894037177448,1070.8672844612938,535.4336422306469,False,True,float16,277.482787866744,99.1232531308209
1768628468.5692644,4,371.5,616,149,1486,synthetic-7B,32,4096,32,32000,1480.9841569394273,1777.1809883273127,888.5904941636563,False,True,float16,164.46916790054064,179.27762647015254
1768628468.569321,4,471.25,780,92,1885,synthetic-7B,32,4096,32,32000,2158.3943691644918,2590.07324299739,1295.036621498695,False,True,float16,435.2436927954604,148.01869759177208
1768628468.5693784,32,505.0,980,59,16160,synthetic-7B,32,4096,32,32000,11570.065594049878,13884.078712859853,6942.039356429927,True,False,float16,158.53645960320617,107.04501060825112
1768628468.5694344,32,521.5625,965,106,16690,synthetic-7B,32,4096,32,32000,21033.64220128473,25240.370641541675,12620.185320770837,False,True,float16,329.22785984791915,255.0744081448304
1768628468.569491,1,77.0,77,77,77,synthetic-7B,32,4096,32,32000,53.905990497704806,64.68718859724576,32.34359429862288,True,False,float16,414.2828992209508,158.05042567984347
1768628468.569551,8,531.75,976,123,4254,synthetic-7B,32,4096,32,32000,4427.7189254859395,5313.262710583127,2656.6313552915635,False,True,float16,329.19645137089526,238.6347199648802
1768628468.5696073,8,472.375,846,126,3779,synthetic-7B,32,4096,32,32000,3859.2364049825655,4631.083685979079,2315.5418429895394,False,False,float16,141.7827372885012,126.63383122812905
1768628468.5696661,4,448.25,658,162,1793,synthetic-7B,32,4096,32,32000,1227.9515101522543,1473.5418121827051,736.7709060913526,True,True,float16,355.85050731143644,83.84535936167046
1768628468.5697236,16,543.5,905,51,8696,synthetic-7B,32,4096,32,32000,9182.77539306872,11019.330471682462,5509.665235841231,False,True,float16,314.93871950854043,122.74694663204193
1768628468.5697787,8,342.75,635,215,2742,synthetic-7B,32,4096,32,32000,2048.130916091172,2457.7570993094064,1228.8785496547032,True,True,float16,232.26899518892802,381.723995772321
1768628468.5698345,4,541.75,789,338,2167,synthetic-7B,32,4096,32,32000,1707.7838818876685,2049.340658265202,1024.670329132601,False,True,float16,197.68114487119573,280.29844642025733
1768628468.569891,4,814.75,926,696,3259,synthetic-7B,32,4096,32,32000,2910.8634677458695,3493.0361612950433,1746.5180806475216,True,False,float16,161.19843912883675,249.39246683076888
1768628468.569946,4,617.75,751,342,2471,synthetic-7B,32,4096,32,32000,3000.5155802026115,3600.618696243134,1800.309348121567,False,True,float16,151.46391911566462,205.798430058944
1768628468.570027,1,456.0,456,456,456,synthetic-7B,32,4096,32,32000,347.44201933404537,416.9304232008544,208.4652116004272,True,True,float16,377.218158044375,404.1032357834818
1768628468.5700853,2,725.0,771,679,1450,synthetic-7B,32,4096,32,32000,1577.5051369148239,1893.0061642977885,946.5030821488942,False,False,float16,263.5617659830714,265.1579452215101
1768628468.570141,4,630.75,902,263,2523,synthetic-7B,32,4096,32,32000,2615.9654561538323,3139.1585473845985,1569.5792736922992,False,True,float16,107.45842616521747,28.06944936122616
1768628468.5701964,32,511.9375,995,59,16382,synthetic-7B,32,4096,32,32000,15148.551700222248,18178.262040266698,9089.131020133349,False,True,float16,455.6089258788643,401.36167138725307
1768628468.570253,16,510.875,923,102,8174,synthetic-7B,32,4096,32,32000,8282.646293702335,9939.175552442803,4969.587776221401,False,True,float16,217.02106393275,499.360240507823
1768628468.5703077,1,338.0,338,338,338,synthetic-7B,32,4096,32,32000,270.95609268334124,325.1473112200095,162.57365561000475,True,True,float16,457.4367034023519,390.6614159564406
1768628468.5703685,2,299.0,349,249,598,synthetic-7B,32,4096,32,32000,549.8525908837049,659.8231090604459,329.91155453022293,False,True,float16,121.10455632319801,485.6421906055886
1768628468.570424,4,455.5,896,51,1822,synthetic-7B,32,4096,32,32000,1763.7187404118336,2116.4624884942,1058.2312442471,False,True,float16,208.21626997856342,496.849640363967
1768628468.5704799,16,519.875,997,104,8318,synthetic-7B,32,4096,32,32000,9485.94302056671,11383.131624680052,5691.565812340026,False,True,float16,373.65028386054615,259.0697921994356
1768628468.5705347,2,579.5,908,251,1159,synthetic-7B,32,4096,32,32000,1075.0022980632089,1290.0027576758505,645.0013788379252,False,True,float16,412.0210300236987,127.29602067853845
1768628468.5705898,2,339.0,507,171,678,synthetic-7B,32,4096,32,32000,704.9972066740456,845.9966480088548,422.9983240044274,False,True,float16,250.2371116518543,106.07845940990524
1768628468.5706453,2,526.0,713,339,1052,synthetic-7B,32,4096,32,32000,1008.4089205958661,1210.0907047150392,605.0453523575196,False,True,float16,383.360369221026,398.0102986750367
1768628468.5707016,4,557.5,919,193,2230,synthetic-7B,32,4096,32,32000,2259.8070477790393,2711.768457334847,1355.8842286674235,False,True,float16,194.6789936469138,293.61516924299303
1768628468.570757,8,533.875,917,72,4271,synthetic-7B,32,4096,32,32000,4394.821588517088,5273.785906220505,2636.8929531102526,False,True,float16,268.8202277777523,247.02005063866204
1768628468.5708127,4,615.0,864,330,2460,synthetic-7B,32,4096,32,32000,2510.5489908949626,3012.658789073955,1506.3293945369776,False,True,float16,276.39094765839366,340.96472332644413
1768628468.5708692,8,303.375,713,73,2427,synthetic-7B,32,4096,32,32000,2409.5805347251985,2891.496641670238,1445.748320835119,False,True,float16,109.20920262285252,368.3539383863828
1768628468.5709288,8,456.875,932,110,3655,synthetic-7B,32,4096,32,32000,4052.7953891301686,4863.3544669562025,2431.6772334781012,False,True,float16,209.06102462858695,176.9719583310475
1768628468.5709853,16,525.75,944,94,8412,synthetic-7B,32,4096,32,32000,11178.717760676262,13414.461312811514,6707.230656405757,False,True,float16,137.95503333145462,175.61659048177245
1768628468.5710442,2,677.0,962,392,1354,synthetic-7B,32,4096,32,32000,1325.153927734197,1590.1847132810362,795.0923566405181,False,True,float16,339.4188867314605,246.2922709148588
1768628468.5711002,16,506.3125,991,163,8101,synthetic-7B,32,4096,32,32000,8828.844681210398,10594.613617452476,5297.306808726238,False,True,float16,256.0451462987671,488.3709395626561
1768628468.571156,16,556.4375,986,246,8903,synthetic-7B,32,4096,32,32000,9007.207093482826,10808.64851217939,5404.324256089695,False,True,float16,403.54799166025106,303.0780281245355
1768628468.5712123,4,315.0,761,65,1260,synthetic-7B,32,4096,32,32000,898.1007308267835,1077.7208769921401,538.8604384960701,True,True,float16,178.47306634859365,436.9557016514319
1768628468.5712686,32,638.09375,982,137,20419,synthetic-7B,32,4096,32,32000,17931.239640423177,21517.48756850781,10758.743784253906,True,True,float16,467.9994751206876,284.5833463814127
1768628468.5713248,1,613.0,613,613,613,synthetic-7B,32,4096,32,32000,727.2716195645831,872.7259434774998,436.3629717387499,False,True,float16,204.65598507943298,37.99122110383638
1768628468.5713809,16,553.1875,871,136,8851,synthetic-7B,32,4096,32,32000,8367.493807852112,10040.992569422533,5020.4962847112665,False,False,float16,471.06217075894824,472.8996363168485
1768628468.5714364,2,598.0,855,341,1196,synthetic-7B,32,4096,32,32000,1292.9659886713155,1551.5591864055784,775.7795932027892,False,True,float16,454.0404292176725,95.05732598743025
1768628468.571491,2,475.5,680,271,951,synthetic-7B,32,4096,32,32000,797.5631182780111,957.0757419336132,478.5378709668066,True,True,float16,343.4389161589747,336.9628417572017
1768628468.5715475,16,459.0,827,113,7344,synthetic-7B,32,4096,32,32000,8776.216617388684,10531.45994086642,5265.72997043321,False,True,float16,141.31071668724707,143.2952897863385
1768628468.5716038,16,426.375,955,70,6822,synthetic-7B,32,4096,32,32000,7206.9754300800905,8648.370516096109,4324.1852580480545,False,False,float16,417.43775398822544,99.89667513720507
1768628468.57166,4,279.5,583,92,1118,synthetic-7B,32,4096,32,32000,1391.0622407487317,1669.274688898478,834.637344449239,False,True,float16,387.43524145272147,281.0002897188591
1768628468.5717158,4,756.0,988,345,3024,synthetic-7B,32,4096,32,32000,3328.968153200903,3994.7617838410833,1997.3808919205417,False,True,float16,227.51381454912558,306.35880636478635
1768628468.5717769,4,571.0,935,351,2284,synthetic-7B,32,4096,32,32000,2681.374660455946,3217.649592547135,1608.8247962735675,False,True,float16,454.06053230104993,235.62636094192766
1768628468.5718334,4,649.75,971,315,2599,synthetic-7B,32,4096,32,32000,2809.2200995372245,3371.0641194446694,1685.5320597223347,False,True,float16,472.96937940773734,318.3790755659191
1768628468.5718892,1,867.0,867,867,867,synthetic-7B,32,4096,32,32000,926.7101502161925,1112.052180259431,556.0260901297155,False,True,float16,237.1622536731449,127.58268495590819
1768628468.5719454,32,453.71875,943,65,14519,synthetic-7B,32,4096,32,32000,16420.688948089486,19704.826737707383,9852.413368853691,False,True,float16,410.39490637745774,32.9610387531492
1768628468.5720005,16,576.0,956,63,9216,synthetic-7B,32,4096,32,32000,11061.059736466375,13273.27168375965,6636.635841879825,False,True,float16,454.98677372431604,294.8492466059618
1768628468.572056,16,511.125,913,76,8178,synthetic-7B,32,4096,32,32000,8946.249350746728,10735.499220896074,5367.749610448037,False,False,float16,458.60156896153114,367.3355524864204
1768628468.572111,8,602.625,889,255,4821,synthetic-7B,32,4096,32,32000,5355.513578516505,6426.616294219805,3213.3081471099026,False,True,float16,357.68186684438683,32.50430955837886
1768628468.5721676,16,539.375,998,97,8630,synthetic-7B,32,4096,32,32000,8322.433268938075,9986.91992272569,4993.459961362845,False,True,float16,363.8831947920032,155.66063020539562
1768628468.5722296,2,415.5,423,408,831,synthetic-7B,32,4096,32,32000,683.9022173105352,820.6826607726422,410.3413303863211,True,False,float16,425.7236586091016,282.1006716746895
1768628468.5722861,8,590.25,985,165,4722,synthetic-7B,32,4096,32,32000,4553.893610360542,5464.67233243265,2732.336166216325,False,True,float16,165.298557005407,147.28306746137062
1768628468.5723414,32,498.28125,963,51,15945,synthetic-7B,32,4096,32,32000,11125.656936834961,13350.788324201952,6675.394162100976,True,True,float16,309.19006397179203,328.8763683286078
1768628468.5723972,32,497.5,958,55,15920,synthetic-7B,32,4096,32,32000,18386.36098208753,22063.63317850504,11031.81658925252,False,True,float16,151.38265679906954,14.51606082062941
1768628468.5724566,16,412.5625,894,52,6601,synthetic-7B,32,4096,32,32000,7044.589122948675,8453.50694753841,4226.753473769205,False,False,float16,437.2315529312499,273.35634295886877
1768628468.572512,4,555.5,942,271,2222,synthetic-7B,32,4096,32,32000,2105.0560292150653,2526.0672350580785,1263.0336175290392,False,True,float16,284.15361734683614,77.99282802810072
1768628468.5725675,2,307.5,447,168,615,synthetic-7B,32,4096,32,32000,444.2324337422232,533.0789204906678,266.5394602453339,True,False,float16,277.8279987649963,11.80875004387466
1768628468.5726228,4,629.75,978,162,2519,synthetic-7B,32,4096,32,32000,2648.893302925036,3178.671963510043,1589.3359817550215,False,True,float16,172.23923793466963,151.25170697478748
1768628468.572678,2,564.5,805,324,1129,synthetic-7B,32,4096,32,32000,972.9386166964706,1167.5263400357646,583.7631700178823,False,True,float16,356.38479357194905,421.57714075733253
1768628468.5727339,2,947.5,998,897,1895,synthetic-7B,32,4096,32,32000,1899.7460780991476,2279.695293718977,1139.8476468594886,False,False,float16,258.02565507818815,219.2068184890371
1768628468.57279,4,469.25,662,235,1877,synthetic-7B,32,4096,32,32000,1877.4118467072576,2252.894216048709,1126.4471080243545,False,True,float16,391.9513468712815,130.2982653208119
1768628468.5728455,4,619.0,760,480,2476,synthetic-7B,32,4096,32,32000,2265.268660996576,2718.322393195891,1359.1611965979455,False,True,float16,317.4991392875895,249.41188695855277
1768628468.572902,4,562.75,938,68,2251,synthetic-7B,32,4096,32,32000,1943.6688744077142,2332.4026492892567,1166.2013246446284,True,True,float16,454.0097353592548,374.113415433506
1768628468.572974,32,451.46875,952,99,14447,synthetic-7B,32,4096,32,32000,16836.048962541463,20203.258755049756,10101.629377524878,False,True,float16,297.9168543765645,366.761048735743
1768628468.5730336,32,536.75,974,52,17176,synthetic-7B,32,4096,32,32000,16124.088809997113,19348.906571996533,9674.453285998266,False,False,float16,489.8368907898865,53.18740585378079
1768628468.5730953,2,653.5,911,396,1307,synthetic-7B,32,4096,32,32000,1439.2571299119725,1727.1085558943669,863.5542779471834,False,True,float16,128.67981130435862,101.68034437196191
1768628468.573154,1,697.0,697,697,697,synthetic-7B,32,4096,32,32000,666.3511995005512,799.6214394006614,399.8107197003307,False,True,float16,394.5592407990382,487.7493910111875
1768628468.5732117,16,564.375,958,101,9030,synthetic-7B,32,4096,32,32000,6297.541740449806,7557.050088539767,3778.5250442698834,True,True,float16,213.26502499282964,111.4462598324362
1768628468.5732672,2,474.5,783,166,949,synthetic-7B,32,4096,32,32000,983.5382729108834,1180.24592749306,590.12296374653,False,True,float16,472.7050310883645,412.6470067158032
1768628468.573324,32,511.9375,969,73,16382,synthetic-7B,32,4096,32,32000,16103.446937418581,19324.136324902298,9662.068162451149,False,False,float16,157.58492950138788,48.57787102312742
1768628468.5733814,16,501.5,988,72,8024,synthetic-7B,32,4096,32,32000,7888.409090483187,9466.090908579825,4733.045454289912,False,True,float16,113.71111037614381,389.1588588100226
1768628468.573438,4,291.25,371,217,1165,synthetic-7B,32,4096,32,32000,1169.1048462182262,1402.9258154618713,701.4629077309356,False,False,float16,311.2124168279048,254.38891509294933
1768628468.5734942,1,888.0,888,888,888,synthetic-7B,32,4096,32,32000,925.6035600306908,1110.724272036829,555.3621360184145,False,True,float16,367.9045780347736,294.07302632444157
1768628468.5735555,4,558.25,981,52,2233,synthetic-7B,32,4096,32,32000,2546.1759704609613,3055.4111645531534,1527.7055822765767,False,True,float16,414.10346358484713,111.59012618839797
1768628468.573612,2,643.5,881,406,1287,synthetic-7B,32,4096,32,32000,1442.5671221958162,1731.0805466349793,865.5402733174897,False,True,float16,434.44655431461075,411.8467804006457
1768628468.5736697,4,714.0,929,533,2856,synthetic-7B,32,4096,32,32000,3945.736733490684,4734.884080188821,2367.4420400944105,False,False,float16,436.29428003197216,471.48356201051394
1768628468.573727,1,267.0,267,267,267,synthetic-7B,32,4096,32,32000,204.42097857621815,245.30517429146175,122.65258714573088,True,True,float16,264.32374100802906,69.43275638454304
1768628468.5737836,8,439.875,767,132,3519,synthetic-7B,32,4096,32,32000,2718.817168124974,3262.580601749969,1631.2903008749845,True,False,float16,318.63368878738527,418.3477477775167
1768628468.57384,8,551.125,929,212,4409,synthetic-7B,32,4096,32,32000,4020.2847608846373,4824.341713061564,2412.170856530782,True,False,float16,143.31182302985707,53.67698871758296
1768628468.5738988,2,659.5,696,623,1319,synthetic-7B,32,4096,32,32000,980.8659540031615,1177.0391448037938,588.5195724018969,True,True,float16,378.1479322883701,175.13877566033364
1768628468.5739546,4,301.25,477,178,1205,synthetic-7B,32,4096,32,32000,1244.2308967329495,1493.0770760795394,746.5385380397697,False,True,float16,393.4526043611142,190.39926531366248
1768628468.5740206,2,223.0,265,181,446,synthetic-7B,32,4096,32,32000,493.7800756712187,592.5360908054624,296.2680454027312,False,True,float16,368.3409355306252,491.59260437048226
1768628468.574077,8,357.875,752,52,2863,synthetic-7B,32,4096,32,32000,3149.848775048415,3779.818530058098,1889.909265029049,False,False,float16,451.20492833618863,132.3911202589221
1768628468.574133,8,588.375,889,176,4707,synthetic-7B,32,4096,32,32000,5129.44854175364,6155.338250104368,3077.669125052184,False,False,float16,425.65778815267976,307.9292789889089
1768628468.5741875,8,615.25,943,143,4922,synthetic-7B,32,4096,32,32000,3535.640709357919,4242.768851229503,2121.3844256147513,True,True,float16,177.14315461674173,330.12521125127085
1768628468.574243,4,242.0,368,147,968,synthetic-7B,32,4096,32,32000,879.0528777342452,1054.863453281094,527.431726640547,False,True,float16,441.5999723490606,204.5771770966909
1768628468.5742993,1,349.0,349,349,349,synthetic-7B,32,4096,32,32000,370.0146592293972,444.0175910752766,222.0087955376383,False,True,float16,168.6362694771134,88.99378139004081
1768628468.5743563,16,541.6875,899,119,8667,synthetic-7B,32,4096,32,32000,10313.012604807556,12375.615125769067,6187.807562884534,False,True,float16,254.2949600198642,478.64838166015056
1768628468.574412,8,666.25,999,330,5330,synthetic-7B,32,4096,32,32000,5750.7844466101715,6900.941335932205,3450.4706679661026,False,False,float16,125.15728990538526,395.0596262898572
1768628468.574468,2,811.0,934,688,1622,synthetic-7B,32,4096,32,32000,981.6365931801042,1177.9639118161251,588.9819559080626,True,True,float16,177.49538705858643,18.707230938279316
1768628468.5745223,16,459.5,904,52,7352,synthetic-7B,32,4096,32,32000,6872.522316014436,8247.026779217324,4123.513389608662,False,True,float16,368.33523596439977,297.02443408239645
1768628468.5745866,4,450.0,678,202,1800,synthetic-7B,32,4096,32,32000,1546.7863786948617,1856.143654433834,928.071827216917,True,False,float16,333.2266440834982,443.1398858585407
1768628468.5746443,16,547.5625,964,164,8761,synthetic-7B,32,4096,32,32000,8042.626421123444,9651.151705348133,4825.5758526740665,False,False,float16,242.47878960653176,294.46023557188005
1768628468.5746992,4,449.5,629,259,1798,synthetic-7B,32,4096,32,32000,1881.4373069166227,2257.7247682999473,1128.8623841499736,False,False,float16,490.49114765569465,132.80317212795708
1768628468.5747557,2,533.5,984,83,1067,synthetic-7B,32,4096,32,32000,1113.2916372736645,1335.9499647283974,667.9749823641987,False,True,float16,292.3815160407378,443.2575625161554
1768628468.5748146,16,484.75,750,164,7756,synthetic-7B,32,4096,32,32000,8203.075727732308,9843.690873278769,4921.845436639384,False,False,float16,341.54147063319266,359.6196256574138
1768628468.5748699,32,497.46875,901,104,15919,synthetic-7B,32,4096,32,32000,15416.206875507358,18499.448250608828,9249.724125304414,False,True,float16,275.57075210613385,34.50533548156281
1768628468.5749254,8,533.125,959,68,4265,synthetic-7B,32,4096,32,32000,3557.9100316153153,4269.492037938378,2134.746018969189,True,True,float16,184.51910869730548,42.00673661477598
1768628468.5749803,16,424.6875,852,132,6795,synthetic-7B,32,4096,32,32000,6324.074447193409,7588.88933663209,3794.444668316045,False,True,float16,119.63793539434184,228.1565123897016
1768628468.5750353,4,725.5,932,618,2902,synthetic-7B,32,4096,32,32000,3083.3350413606477,3700.002049632777,1850.0010248163885,False,True,float16,183.4958784819105,422.62337130441085
1768628468.5750916,16,492.0625,900,62,7873,synthetic-7B,32,4096,32,32000,7915.298684876787,9498.358421852145,4749.179210926072,False,True,float16,484.193765957097,416.9311083427775
1768628468.5751472,16,525.4375,935,138,8407,synthetic-7B,32,4096,32,32000,7881.372342765515,9457.646811318618,4728.823405659309,False,True,float16,414.4336260626315,478.9842146247915
1768628468.5752025,1,646.0,646,646,646,synthetic-7B,32,4096,32,32000,658.773378610136,790.5280543321632,395.2640271660816,False,False,float16,288.9559969694068,493.4212960544652
1768628468.575261,32,589.5,995,79,18864,synthetic-7B,32,4096,32,32000,13501.523166966414,16201.827800359695,8100.913900179848,True,True,float16,202.64036053958625,30.54311669704407
1768628468.575327,8,520.75,897,96,4166,synthetic-7B,32,4096,32,32000,3598.396264382534,4318.075517259041,2159.0377586295203,False,True,float16,179.98289205659748,293.2183820029531
1768628468.5753837,32,532.71875,988,77,17047,synthetic-7B,32,4096,32,32000,15760.62639683159,18912.75167619791,9456.375838098955,False,True,float16,192.07025082876072,482.07938647707243
1768628468.5754406,1,482.0,482,482,482,synthetic-7B,32,4096,32,32000,486.4433352949631,583.7320023539557,291.8660011769779,False,True,float16,397.4887777085142,294.09351009565563
1768628468.5754967,2,439.0,631,247,878,synthetic-7B,32,4096,32,32000,925.5317626099883,1110.6381151319858,555.3190575659929,False,True,float16,178.67251498231238,212.53947472259122
1768628468.575553,2,474.0,836,112,948,synthetic-7B,32,4096,32,32000,965.9435319135732,1159.1322382962878,579.5661191481439,False,True,float16,381.63529731765664,460.1317819310692
1768628468.5756085,4,346.75,809,54,1387,synthetic-7B,32,4096,32,32000,1015.8315562183227,1218.9978674619872,609.4989337309936,True,False,float16,477.9391001271939,146.87068287717804
1768628468.5756638,8,496.0,972,72,3968,synthetic-7B,32,4096,32,32000,3524.0615677154747,4228.87388125857,2114.436940629285,True,True,float16,124.32919982916192,94.67048333205008
1768628468.5757196,16,551.5,970,118,8824,synthetic-7B,32,4096,32,32000,8972.701443630294,10767.241732356353,5383.620866178177,False,True,float16,492.7298661368654,97.68987718991443
1768628468.5757766,4,726.75,995,56,2907,synthetic-7B,32,4096,32,32000,2752.73170411621,3303.278044939452,1651.639022469726,False,False,float16,260.63196809752634,309.6426546463949
1768628468.5758328,16,650.875,993,122,10414,synthetic-7B,32,4096,32,32000,6731.861403314716,8078.233683977659,4039.1168419888295,True,True,float16,379.159160867846,230.5676562692639
1768628468.5758896,2,443.5,827,60,887,synthetic-7B,32,4096,32,32000,603.3057636229062,723.9669163474874,361.9834581737437,True,True,float16,173.9062879400577,327.55581843775207
1768628468.5759463,2,455.5,486,425,911,synthetic-7B,32,4096,32,32000,920.9553302457919,1105.1463962949501,552.5731981474751,False,False,float16,315.02313439423494,401.85782048865553
1768628468.5760055,16,530.5,896,212,8488,synthetic-7B,32,4096,32,32000,8845.844236780207,10615.013084136248,5307.506542068124,False,False,float16,459.3864555469757,455.17531412817004
1768628468.576063,32,531.46875,990,61,17007,synthetic-7B,32,4096,32,32000,18378.830185262188,22054.596222314623,11027.298111157312,False,True,float16,220.52061442767155,368.08373039912544
1768628468.5761201,16,477.75,958,91,7644,synthetic-7B,32,4096,32,32000,8207.533045936512,9849.039655123814,4924.519827561907,False,True,float16,250.37924958122542,197.29781262500507
1768628468.5761807,16,507.0,944,55,8112,synthetic-7B,32,4096,32,32000,9431.476273647582,11317.771528377098,5658.885764188549,False,False,float16,198.85719815499027,64.07273999887283
1768628468.576237,8,333.625,687,55,2669,synthetic-7B,32,4096,32,32000,2118.712317255018,2542.4547807060217,1271.2273903530108,True,True,float16,437.4370088777955,379.99091852622195
1768628468.5762928,4,664.25,813,306,2657,synthetic-7B,32,4096,32,32000,2931.513261528747,3517.8159138344963,1758.9079569172482,False,True,float16,279.85276062524105,342.26134208692207
1768628468.576349,2,543.0,824,262,1086,synthetic-7B,32,4096,32,32000,1254.7260652419393,1505.671278290327,752.8356391451636,False,True,float16,253.75183460612794,484.10846061056213
1768628468.5764048,8,514.375,907,188,4115,synthetic-7B,32,4096,32,32000,3211.9368527294173,3854.3242232753005,1927.1621116376502,True,True,float16,394.7344598127867,121.8943198685386
1768628468.5764613,32,516.5625,908,162,16530,synthetic-7B,32,4096,32,32000,10886.639182043285,13063.967018451942,6531.983509225971,True,True,float16,278.54350096280166,450.5334361460864
1768628468.5765178,8,505.625,909,106,4045,synthetic-7B,32,4096,32,32000,3621.717462415337,4346.060954898405,2173.0304774492024,False,True,float16,268.49842995492753,223.82003466135575
1768628468.5765743,4,579.0,945,77,2316,synthetic-7B,32,4096,32,32000,1956.1823252146871,2347.4187902576246,1173.7093951288123,True,True,float16,280.72399113554746,443.06503380197574
1768628468.5766304,2,806.0,834,778,1612,synthetic-7B,32,4096,32,32000,1497.19170817564,1796.630049810768,898.315024905384,True,True,float16,387.95615485923895,152.33760625800107
1768628468.5766895,1,726.0,726,726,726,synthetic-7B,32,4096,32,32000,519.6445276105538,623.5734331326646,311.7867165663323,True,False,float16,215.07534857417772,98.31762183580958
1768628468.5767467,4,725.25,805,585,2901,synthetic-7B,32,4096,32,32000,2912.0962527941156,3494.5155033529386,1747.2577516764693,False,False,float16,428.9062396338843,342.50271038655524
1768628468.5768027,8,474.875,931,95,3799,synthetic-7B,32,4096,32,32000,2850.4795644794335,3420.57547737532,1710.28773868766,True,False,float16,312.62322375373606,365.02104294747716
1768628468.5768585,8,551.75,794,293,4414,synthetic-7B,32,4096,32,32000,4026.870927948023,4832.245113537628,2416.122556768814,False,True,float16,269.966107284491,300.10827642143397
1768628468.576915,4,430.5,997,173,1722,synthetic-7B,32,4096,32,32000,1729.937843303488,2075.9254119641855,1037.9627059820928,False,True,float16,391.6180116919503,97.34993963600945
1768628468.5769875,8,673.375,968,59,5387,synthetic-7B,32,4096,32,32000,4986.175981638318,5983.411177965982,2991.705588982991,False,True,float16,377.14467367115765,433.48078008425756
1768628468.5770466,2,498.0,798,198,996,synthetic-7B,32,4096,32,32000,1068.8686762716889,1282.6424115260265,641.3212057630133,False,False,float16,241.27640170170662,466.5765561806185
1768628468.5771017,32,526.3125,974,58,16842,synthetic-7B,32,4096,32,32000,15815.460949462195,18978.553139354633,9489.276569677317,False,False,float16,312.40638924947336,188.42294099732766
1768628468.5771573,1,357.0,357,357,357,synthetic-7B,32,4096,32,32000,262.4819962802625,314.97839553631496,157.48919776815748,True,True,float16,303.02181756307425,148.3198045887996
1768628468.577214,16,551.9375,998,58,8831,synthetic-7B,32,4096,32,32000,8699.157753214493,10438.989303857392,5219.494651928696,False,False,float16,239.18050322613476,392.3763490657432
1768628468.5772698,2,694.5,995,394,1389,synthetic-7B,32,4096,32,32000,1195.8428675872196,1435.0114411046636,717.5057205523318,True,True,float16,183.07497806934347,218.4632795887325
1768628468.5773287,32,539.65625,971,64,17269,synthetic-7B,32,4096,32,32000,19124.38546447791,22949.26255737349,11474.631278686746,False,False,float16,275.0221139189895,27.304316810607936
1768628468.5773854,16,530.6875,996,97,8491,synthetic-7B,32,4096,32,32000,9058.910151266253,10870.692181519504,5435.346090759752,False,True,float16,325.1435969764708,252.04452773514762
1768628468.577445,2,619.5,845,394,1239,synthetic-7B,32,4096,32,32000,1331.71019251243,1598.052231014916,799.026115507458,False,True,float16,159.42954808436807,195.09657301832092
1768628468.5775056,2,382.5,688,77,765,synthetic-7B,32,4096,32,32000,904.5171126119302,1085.4205351343162,542.7102675671581,False,True,float16,397.8956744454412,365.8935079439896
1768628468.5775614,2,462.0,722,202,924,synthetic-7B,32,4096,32,32000,805.5915677384069,966.7098812860881,483.3549406430441,False,True,float16,160.94084110454165,350.84936213366404
1768628468.577617,8,443.375,634,154,3547,synthetic-7B,32,4096,32,32000,4114.371273441648,4937.245528129977,2468.6227640649886,False,True,float16,468.5096028026061,438.8023967005273
1768628468.5776742,16,603.375,997,50,9654,synthetic-7B,32,4096,32,32000,10697.541520381761,12837.049824458112,6418.524912229056,False,False,float16,482.21554977167074,304.08777533636487
1768628468.5777314,1,490.0,490,490,490,synthetic-7B,32,4096,32,32000,296.1700636999487,355.4040764399384,177.7020382199692,True,True,float16,216.30713984835137,250.83010846697553
1768628468.5777888,16,624.625,891,140,9994,synthetic-7B,32,4096,32,32000,10176.650758857844,12211.980910629412,6105.990455314706,False,True,float16,313.4732401928949,420.4303089305461
1768628468.5778472,4,311.25,710,130,1245,synthetic-7B,32,4096,32,32000,1428.946458035429,1714.7357496425147,857.3678748212574,False,False,float16,158.42592249803488,22.717822105140094
1768628468.5779045,8,645.25,994,413,5162,synthetic-7B,32,4096,32,32000,5078.30991683683,6093.971900204196,3046.985950102098,False,False,float16,333.3988565680604,111.83851257029691
1768628468.577961,1,206.0,206,206,206,synthetic-7B,32,4096,32,32000,219.17788311262024,263.0134597351443,131.50672986757215,False,False,float16,129.95034811666392,14.883894045621958
1768628468.578032,16,496.3125,973,65,7941,synthetic-7B,32,4096,32,32000,5539.628728025601,6647.554473630721,3323.7772368153605,True,True,float16,255.82388293845116,301.4259145595576
1768628468.5780914,32,549.5,975,110,17584,synthetic-7B,32,4096,32,32000,12384.609402206257,14861.531282647507,7430.765641323754,True,True,float16,449.4540309878959,437.05701621638445
1768628468.578152,8,538.5,885,130,4308,synthetic-7B,32,4096,32,32000,4037.1028239216266,4844.523388705952,2422.261694352976,False,True,float16,465.36429934938025,254.5043236267859
1768628468.5782092,16,443.4375,968,53,7095,synthetic-7B,32,4096,32,32000,4942.877307971545,5931.4527695658535,2965.7263847829267,True,True,float16,381.64563903429945,134.64451127019268
1768628468.5782654,1,177.0,177,177,177,synthetic-7B,32,4096,32,32000,125.90248811693598,151.08298574032318,75.54149287016159,True,True,float16,430.5298204182759,187.54995596390887
1768628468.578322,2,116.5,130,103,233,synthetic-7B,32,4096,32,32000,182.40714863867333,218.88857836640798,109.44428918320399,True,True,float16,266.0717758161727,30.38105684742629
1768628468.5783775,8,680.5,944,168,5444,synthetic-7B,32,4096,32,32000,5517.476715490808,6620.972058588969,3310.4860292944845,False,True,float16,152.41160803689792,128.95294399004223
1768628468.5784347,1,952.0,952,952,952,synthetic-7B,32,4096,32,32000,944.7862529732989,1133.7435035679587,566.8717517839793,False,False,float16,371.0756440483604,97.04115030882237
1768628468.5784924,16,448.3125,824,63,7173,synthetic-7B,32,4096,32,32000,5237.769463221854,6285.323355866224,3142.661677933112,True,True,float16,366.27884279400774,52.55900209644462
1768628468.5785487,4,597.5,978,267,2390,synthetic-7B,32,4096,32,32000,1951.3720739609598,2341.6464887531515,1170.8232443765758,True,True,float16,227.7990682820121,381.19784728375157
1768628468.5786047,16,473.75,958,53,7580,synthetic-7B,32,4096,32,32000,7388.913539046168,8866.696246855401,4433.348123427701,False,True,float16,167.52748733663432,120.40195760323026
1768628468.5786622,16,433.1875,845,108,6931,synthetic-7B,32,4096,32,32000,5178.41268203121,6214.095218437452,3107.047609218726,True,True,float16,486.8473317144157,307.91529162294637
1768628468.578719,4,533.0,950,87,2132,synthetic-7B,32,4096,32,32000,1965.322043971585,2358.3864527659016,1179.1932263829508,False,False,float16,196.8060976166605,360.2244527644172
1768628468.5787747,8,615.25,962,150,4922,synthetic-7B,32,4096,32,32000,3857.8245917373556,4629.389510084827,2314.6947550424134,True,True,float16,247.41602645630195,493.5619912976002
1768628468.5788367,4,745.25,917,396,2981,synthetic-7B,32,4096,32,32000,2568.49746536003,3082.1969584320364,1541.0984792160182,False,True,float16,150.0905395697324,110.79360418448609
1768628468.5788949,1,313.0,313,313,313,synthetic-7B,32,4096,32,32000,326.3585931527677,391.63031178332125,195.81515589166062,False,True,float16,161.3817199589414,354.1337849414575
1768628468.5789528,4,426.75,637,192,1707,synthetic-7B,32,4096,32,32000,1718.4217666282007,2062.106119953841,1031.0530599769204,False,True,float16,465.20405835084404,295.0958985290063
1768628468.579009,4,718.5,912,598,2874,synthetic-7B,32,4096,32,32000,2241.347672249685,2689.617206699622,1344.808603349811,True,True,float16,288.74575727739364,400.4572569171076
1768628468.579066,16,532.375,982,172,8518,synthetic-7B,32,4096,32,32000,10529.269679134208,12635.123614961049,6317.561807480524,False,True,float16,355.69686756739634,187.2898174201708
1768628468.5791214,16,479.25,999,75,7668,synthetic-7B,32,4096,32,32000,6749.437264702588,8099.324717643106,4049.662358821553,False,True,float16,489.31597592432763,398.99391547530075
1768628468.5791776,2,658.0,977,339,1316,synthetic-7B,32,4096,32,32000,1317.5039048701315,1581.0046858441576,790.5023429220788,False,True,float16,262.9571523220127,92.55210147153865
1768628468.5792341,16,583.75,956,59,9340,synthetic-7B,32,4096,32,32000,9494.480424097042,11393.37650891645,5696.688254458225,False,True,float16,464.70881958075176,259.3398096311138
1768628468.5792906,1,977.0,977,977,977,synthetic-7B,32,4096,32,32000,698.4846065813138,838.1815278975765,419.09076394878826,True,True,float16,387.7248088063426,412.137827529206
1768628468.579347,32,534.34375,980,56,17099,synthetic-7B,32,4096,32,32000,11943.401876713302,14332.082252055961,7166.041126027981,True,True,float16,372.0209866102998,461.69840858691106
1768628468.5794032,32,467.28125,925,51,14953,synthetic-7B,32,4096,32,32000,15443.154731917448,18531.785678300937,9265.892839150469,False,True,float16,114.05511021570081,67.72017410490739
1768628468.5794592,4,488.0,829,216,1952,synthetic-7B,32,4096,32,32000,2030.7969718808304,2436.9563662569963,1218.4781831284981,False,True,float16,273.20229197140713,425.0940138229965
1768628468.579515,1,146.0,146,146,146,synthetic-7B,32,4096,32,32000,167.70781872291906,201.24938246750287,100.62469123375143,False,True,float16,313.2632632625322,239.16771989134304
1768628468.5795708,32,515.09375,964,54,16483,synthetic-7B,32,4096,32,32000,16299.310719708606,19559.17286365033,9779.586431825164,False,True,float16,409.51520211171334,104.41255853963041
1768628468.5796304,8,498.875,859,56,3991,synthetic-7B,32,4096,32,32000,4167.245225066113,5000.694270079335,2500.3471350396676,False,True,float16,107.4970303514585,387.0227448487115
1768628468.5796869,2,334.5,377,292,669,synthetic-7B,32,4096,32,32000,791.3623377500023,949.6348053000028,474.8174026500014,False,True,float16,343.33044264971875,299.4526238923717
1768628468.5797439,1,426.0,426,426,426,synthetic-7B,32,4096,32,32000,412.7483345253631,495.29800143043565,247.64900071521782,False,True,float16,173.39216680464307,46.6435192652716
1768628468.5797994,1,733.0,733,733,733,synthetic-7B,32,4096,32,32000,821.0837121573802,985.3004545888562,492.6502272944281,False,True,float16,126.46680467870132,409.2143352667714
1768628468.5798564,4,318.0,432,207,1272,synthetic-7B,32,4096,32,32000,1327.3709558795401,1592.845147055448,796.422573527724,False,True,float16,201.46544193984812,148.12616105954115
1768628468.5799117,1,656.0,656,656,656,synthetic-7B,32,4096,32,32000,669.0370676428249,802.8444811713899,401.42224058569496,False,True,float16,235.40626795861658,416.66397971658813
1768628468.579968,16,578.25,975,83,9252,synthetic-7B,32,4096,32,32000,7953.819842620827,9544.583811144992,4772.291905572496,True,True,float16,407.13831538776253,28.959965734419445
1768628468.580024,8,353.875,708,127,2831,synthetic-7B,32,4096,32,32000,2923.630490335553,3508.3565884026634,1754.1782942013317,False,True,float16,168.27362220023446,195.71308330002702
1768628468.5800836,1,581.0,581,581,581,synthetic-7B,32,4096,32,32000,614.7872463026279,737.7446955631534,368.8723477815767,False,True,float16,412.0149159173174,35.27074421563089
1768628468.5801399,4,681.75,961,372,2727,synthetic-7B,32,4096,32,32000,3071.422964391943,3685.7075572703316,1842.8537786351658,False,True,float16,121.53850399176748,429.73455222657
1768628468.580196,2,211.0,230,192,422,synthetic-7B,32,4096,32,32000,467.86527040747006,561.4383244889641,280.71916224448205,False,False,float16,478.65823404503726,186.30800550764874
1768628468.5802522,1,836.0,836,836,836,synthetic-7B,32,4096,32,32000,605.0461599810633,726.0553919772759,363.02769598863796,True,True,float16,422.8418545680134,335.35913669971666
1768628468.5803127,32,641.9375,985,71,20542,synthetic-7B,32,4096,32,32000,16437.201969326405,19724.642363191684,9862.321181595842,True,True,float16,155.01035212582752,447.9561840218514
1768628468.5803704,8,469.0,785,129,3752,synthetic-7B,32,4096,32,32000,3914.668926794076,4697.602712152891,2348.8013560764457,False,True,float16,254.9882921623298,467.87163844740536
1768628468.580426,2,257.0,410,104,514,synthetic-7B,32,4096,32,32000,503.14560995299934,603.7747319435991,301.88736597179957,False,True,float16,123.84588814695614,48.49937291223986
1768628468.5804822,4,458.5,920,162,1834,synthetic-7B,32,4096,32,32000,2091.56469210493,2509.877630525916,1254.938815262958,False,True,float16,311.8663765823931,330.45155374894006
1768628468.5805383,16,484.1875,996,168,7747,synthetic-7B,32,4096,32,32000,8607.95896035416,10329.550752424993,5164.775376212497,False,True,float16,100.84513372030747,230.05632042489736
1768628468.5805953,16,406.1875,871,79,6499,synthetic-7B,32,4096,32,32000,6514.210355004584,7817.052426005501,3908.5262130027504,False,True,float16,148.9813989051263,117.69705422628196
1768628468.5806508,8,385.625,644,245,3085,synthetic-7B,32,4096,32,32000,3170.4204057183797,3804.5044868620553,1902.2522434310276,False,True,float16,357.38796914545867,244.38035817136188
1768628468.5807066,32,399.90625,998,58,12797,synthetic-7B,32,4096,32,32000,9898.291492271746,11877.949790726096,5938.974895363048,True,False,float16,291.5382382602177,283.7129572709152
1768628468.5807621,4,680.5,998,325,2722,synthetic-7B,32,4096,32,32000,2796.0599266854747,3355.2719120225697,1677.6359560112849,False,True,float16,384.72279276793466,368.20549899102446
1768628468.580817,4,764.0,940,511,3056,synthetic-7B,32,4096,32,32000,2983.435253095827,3580.1223037149925,1790.0611518574963,False,True,float16,284.8583030590642,223.70226348799812
1768628468.580874,1,618.0,618,618,618,synthetic-7B,32,4096,32,32000,712.8466580530663,855.4159896636796,427.7079948318398,False,True,float16,210.90247230429287,398.15079670891606
1768628468.5809336,32,534.21875,951,91,17095,synthetic-7B,32,4096,32,32000,19803.299660278564,23763.959592334275,11881.979796167137,False,False,float16,117.31885481721353,302.68573319955857
1768628468.581011,16,545.0,924,138,8720,synthetic-7B,32,4096,32,32000,9213.561780399925,11056.27413647991,5528.137068239955,False,False,float16,498.2097346445808,219.24938865319217
1768628468.5810685,32,524.53125,984,65,16785,synthetic-7B,32,4096,32,32000,14609.397260777694,17531.27671293323,8765.638356466616,False,True,float16,496.26802204356466,85.20350836818034
1768628468.5811253,32,555.875,929,97,17788,synthetic-7B,32,4096,32,32000,19783.137032246814,23739.764438696177,11869.882219348088,False,True,float16,359.1660610580873,52.49478505095968
1768628468.5811818,16,364.5,920,64,5832,synthetic-7B,32,4096,32,32000,6747.292760543148,8096.751312651777,4048.3756563258885,False,True,float16,144.2623459715659,312.5218985939468
1768628468.5812376,8,512.375,788,313,4099,synthetic-7B,32,4096,32,32000,2507.6881799763055,3009.2258159715666,1504.6129079857833,True,True,float16,473.24107876894453,396.3855512071283
1768628468.581294,16,612.3125,972,257,9797,synthetic-7B,32,4096,32,32000,9866.761961704711,11840.114354045652,5920.057177022826,False,True,float16,162.07210563638426,482.34808100164594
1768628468.5813503,16,586.3125,950,98,9381,synthetic-7B,32,4096,32,32000,10314.392113100348,12377.270535720418,6188.635267860209,False,False,float16,327.08393578098105,458.85002068894016
1768628468.581405,8,469.0,744,221,3752,synthetic-7B,32,4096,32,32000,3494.267277214908,4193.12073265789,2096.560366328945,False,True,float16,356.99238364832513,454.6733934189186
1768628468.5814652,1,625.0,625,625,625,synthetic-7B,32,4096,32,32000,582.4702297205017,698.964275664602,349.482137832301,False,True,float16,414.3075669904687,361.52859350999364
1768628468.5815217,1,348.0,348,348,348,synthetic-7B,32,4096,32,32000,384.6202774679936,461.5443329615923,230.77216648079616,False,True,float16,397.43789226664865,133.36824090393668
1768628468.5815783,1,183.0,183,183,183,synthetic-7B,32,4096,32,32000,176.9471575665699,212.33658907988388,106.16829453994194,False,True,float16,168.66152357178356,128.35082674499807
1768628468.5816348,4,715.75,995,235,2863,synthetic-7B,32,4096,32,32000,2738.762343750399,3286.5148125004785,1643.2574062502392,False,True,float16,309.32250988866474,253.05687205835093
1768628468.581691,1,213.0,213,213,213,synthetic-7B,32,4096,32,32000,160.02592108523064,192.03110530227676,96.01555265113838,True,True,float16,430.753809875649,135.90364038310014
1768628468.5817513,16,517.75,990,82,8284,synthetic-7B,32,4096,32,32000,8631.294947826027,10357.553937391232,5178.776968695616,False,True,float16,466.09611543463046,432.8134318051354
1768628468.581808,8,580.125,893,88,4641,synthetic-7B,32,4096,32,32000,3287.8485623805964,3945.4182748567155,1972.7091374283577,True,False,float16,126.4722246449605,273.56098188467155
1768628468.5818653,2,639.5,895,384,1279,synthetic-7B,32,4096,32,32000,1173.6638495570753,1408.3966194684904,704.1983097342452,False,True,float16,311.767018939218,91.09583826382776
1768628468.581922,1,752.0,752,752,752,synthetic-7B,32,4096,32,32000,864.42750389043,1037.313004668516,518.656502334258,False,True,float16,173.6535730470406,319.8482766732069
1768628468.5819995,16,576.3125,942,73,9221,synthetic-7B,32,4096,32,32000,7128.2218606662955,8553.866232799553,4276.933116399777,True,True,float16,248.49327004979887,307.9341839516949
1768628468.5820596,4,591.75,968,222,2367,synthetic-7B,32,4096,32,32000,2387.76407860848,2865.3168943301757,1432.6584471650879,False,False,float16,310.8955323403584,238.4695003335692
1768628468.5821164,16,491.5625,919,51,7865,synthetic-7B,32,4096,32,32000,6198.684846318567,7438.42181558228,3719.21090779114,True,True,float16,333.7898777594014,497.21937248689426
1768628468.5821729,8,390.375,629,156,3123,synthetic-7B,32,4096,32,32000,2561.333630925838,3073.6003571110055,1536.8001785555027,False,True,float16,385.47676459234725,350.7808358497267
1768628468.5822296,32,575.5,991,54,18416,synthetic-7B,32,4096,32,32000,19883.101951890272,23859.722342268327,11929.861171134164,False,False,float16,224.1846345426752,154.99332303030798
1768628468.5822837,1,283.0,283,283,283,synthetic-7B,32,4096,32,32000,259.9283759316714,311.91405111800566,155.95702555900283,False,True,float16,317.429858421861,185.50638279245268
1768628468.5823402,32,515.5625,951,63,16498,synthetic-7B,32,4096,32,32000,17970.607243339804,21564.728692007764,10782.364346003882,False,False,float16,433.5586635673702,111.45607758045985
1768628468.5823956,4,445.75,598,261,1783,synthetic-7B,32,4096,32,32000,2059.6316111082065,2471.557933329848,1235.778966664924,False,True,float16,438.0036121166826,475.55496777617896
1768628468.5824544,1,880.0,880,880,880,synthetic-7B,32,4096,32,32000,669.5192794279973,803.4231353135967,401.71156765679837,True,True,float16,294.8139057845426,270.1469374483273
1768628468.582512,16,568.0,974,97,9088,synthetic-7B,32,4096,32,32000,7739.195214652051,9287.03425758246,4643.51712879123,True,True,float16,162.28132036057352,276.0593117689119
1768628468.5825677,16,541.1875,902,95,8659,synthetic-7B,32,4096,32,32000,6382.45786917523,7658.949443010276,3829.474721505138,True,False,float16,183.06026555588892,250.07897247383303
1768628468.5826232,2,248.5,427,70,497,synthetic-7B,32,4096,32,32000,342.94730597467594,411.5367671696111,205.76838358480555,True,True,float16,239.69596197096683,474.7164937134799
1768628468.5826797,2,772.0,792,752,1544,synthetic-7B,32,4096,32,32000,1466.9390396992105,1760.3268476390526,880.1634238195263,False,True,float16,300.97423024605195,134.6414422117479
1768628468.582736,32,475.3125,962,86,15210,synthetic-7B,32,4096,32,32000,15902.537783661915,19083.0453403943,9541.52267019715,False,True,float16,355.22195585143413,480.4298672101928
1768628468.5827982,32,569.75,948,71,18232,synthetic-7B,32,4096,32,32000,22346.766405369937,26816.119686443923,13408.059843221961,False,True,float16,107.69626223527054,44.80342657292096
1768628468.5828576,4,760.75,990,416,3043,synthetic-7B,32,4096,32,32000,2860.282653494575,3432.3391841934895,1716.1695920967447,False,True,float16,214.52528672993895,192.6494872257736
1768628468.5829139,16,481.4375,892,61,7703,synthetic-7B,32,4096,32,32000,6008.79646742667,7210.555760912003,3605.2778804560016,True,False,float16,416.6294762234556,143.01727596391157
1768628468.5829709,8,444.25,978,155,3554,synthetic-7B,32,4096,32,32000,3637.026711698879,4364.432054038654,2182.216027019327,False,False,float16,462.6797339878931,44.31055278526514
1768628468.5830271,32,529.875,991,82,16956,synthetic-7B,32,4096,32,32000,11792.922866344612,14151.507439613533,7075.753719806767,True,True,float16,377.13566352950727,257.12337394820577
1768628468.5830822,2,635.0,782,488,1270,synthetic-7B,32,4096,32,32000,1131.057413008668,1357.2688956104014,678.6344478052007,False,True,float16,445.8689150878345,65.77344741654622
1768628468.5831378,16,525.875,944,134,8414,synthetic-7B,32,4096,32,32000,8724.747764067191,10469.697316880629,5234.8486584403145,False,True,float16,249.40264883800455,272.3364809226093
1768628468.583199,16,517.6875,922,262,8283,synthetic-7B,32,4096,32,32000,9905.548140267507,11886.657768321007,5943.328884160504,False,True,float16,181.0399194843607,471.57232789836706
1768628468.5832546,1,551.0,551,551,551,synthetic-7B,32,4096,32,32000,601.3524928864557,721.6229914637469,360.81149573187344,False,True,float16,279.8826617079495,117.54111474330578
1768628468.5833113,16,527.8125,982,144,8445,synthetic-7B,32,4096,32,32000,9190.605726292679,11028.726871551215,5514.363435775607,False,True,float16,243.92279885482932,385.07226656859814
1768628468.583366,32,514.09375,983,65,16451,synthetic-7B,32,4096,32,32000,16260.787341978781,19512.944810374538,9756.472405187269,False,True,float16,199.04967745872852,139.3593757978063
1768628468.5834217,1,852.0,852,852,852,synthetic-7B,32,4096,32,32000,776.4225313471511,931.7070376165813,465.85351880829063,True,True,float16,105.8083695385672,370.0455443509071
1768628468.5834777,16,431.0625,999,119,6897,synthetic-7B,32,4096,32,32000,7851.401058898229,9421.681270677875,4710.840635338937,False,True,float16,161.006221713829,60.91066116547294
1768628468.5835338,32,522.0,968,97,16704,synthetic-7B,32,4096,32,32000,18364.523189329924,22037.42782719591,11018.713913597954,False,True,float16,168.12702313591262,377.71000328975794
1768628468.5835893,1,933.0,933,933,933,synthetic-7B,32,4096,32,32000,986.0189306847327,1183.2227168216791,591.6113584108396,False,True,float16,116.36297525392877,334.2280004089979
1768628468.583645,4,563.25,745,299,2253,synthetic-7B,32,4096,32,32000,2604.0967321789158,3124.916078614699,1562.4580393073495,False,True,float16,339.31170119499274,90.33013620637824
1768628468.5837011,8,322.75,559,90,2582,synthetic-7B,32,4096,32,32000,2549.6119411682957,3059.534329401955,1529.7671647009774,False,True,float16,192.71245964990754,260.5505299618534
1768628468.5837572,32,456.8125,993,60,14618,synthetic-7B,32,4096,32,32000,14173.187449537098,17007.824939444516,8503.912469722258,False,True,float16,225.31950744777075,195.35973003620236
1768628468.583813,2,473.0,884,62,946,synthetic-7B,32,4096,32,32000,895.7087525411935,1074.850503049432,537.425251524716,False,True,float16,161.02012139783426,33.78111492231997
1768628468.5838718,32,439.625,986,52,14068,synthetic-7B,32,4096,32,32000,12745.637916789798,15294.765500147756,7647.382750073878,False,False,float16,333.6010585548528,158.38615726848417
1768628468.5839276,16,497.3125,938,53,7957,synthetic-7B,32,4096,32,32000,6040.516623172912,7248.619947807494,3624.309973903747,True,True,float16,382.2889283357487,94.65281099567049
1768628468.5839822,8,500.25,964,52,4002,synthetic-7B,32,4096,32,32000,3501.379366775803,4201.655240130964,2100.827620065482,False,True,float16,330.1379741399245,173.52352716679252
1768628468.584039,4,800.5,925,614,3202,synthetic-7B,32,4096,32,32000,2002.449018178514,2402.9388218142167,1201.4694109071083,True,True,float16,466.20419989570723,231.3625536909133
1768628468.5840976,1,614.0,614,614,614,synthetic-7B,32,4096,32,32000,720.6102863622611,864.7323436347134,432.3661718173567,False,False,float16,133.88043293278832,437.0030610727844
1768628468.584154,32,669.5,981,200,21424,synthetic-7B,32,4096,32,32000,19553.788268786553,23464.545922543864,11732.272961271932,False,True,float16,461.8786649678258,151.65337388418646
1768628468.58421,4,425.5,789,235,1702,synthetic-7B,32,4096,32,32000,1790.5212442934042,2148.625493152085,1074.3127465760424,False,True,float16,310.74381915830463,164.40713571710222
1768628468.5842662,16,482.25,966,62,7716,synthetic-7B,32,4096,32,32000,6595.073304988025,7914.087965985629,3957.0439829928146,True,False,float16,278.13562072150944,488.42275124543477
1768628468.5843225,8,480.0,901,186,3840,synthetic-7B,32,4096,32,32000,4418.984177852301,5302.781013422761,2651.3905067113806,False,True,float16,282.7417837634033,30.92434998736293
1768628468.584377,1,238.0,238,238,238,synthetic-7B,32,4096,32,32000,288.2572070720602,345.90864848647226,172.95432424323613,False,False,float16,462.6149993271352,474.6347737899505
1768628468.5844328,4,563.0,985,259,2252,synthetic-7B,32,4096,32,32000,2390.001242170646,2868.001490604775,1434.0007453023875,False,True,float16,202.72400359301025,271.7165264420328
1768628468.584488,1,331.0,331,331,331,synthetic-7B,32,4096,32,32000,388.3159214601633,465.9791057521959,232.98955287609795,False,True,float16,318.6652841274471,279.9867642979876
1768628468.584547,8,476.25,986,67,3810,synthetic-7B,32,4096,32,32000,4127.642894138024,4953.171472965628,2476.585736482814,False,False,float16,181.15255516534359,369.9709386681757
1768628468.5846057,1,678.0,678,678,678,synthetic-7B,32,4096,32,32000,818.8455538540775,982.614664624893,491.3073323124465,False,True,float16,371.16756530575856,221.16452285540967
1768628468.5846605,4,536.5,722,86,2146,synthetic-7B,32,4096,32,32000,2319.2476607495737,2783.097192899488,1391.548596449744,False,True,float16,465.8398060333719,428.96347106591037
1768628468.584716,4,440.75,709,278,1763,synthetic-7B,32,4096,32,32000,1806.2862731465375,2167.5435277758447,1083.7717638879224,False,True,float16,373.84916673940836,351.63232322199826
1768628468.5847714,2,469.0,525,413,938,synthetic-7B,32,4096,32,32000,745.8182679586339,894.9819215503607,447.4909607751803,True,True,float16,391.86945715970205,123.73977940680165
1768628468.584827,1,867.0,867,867,867,synthetic-7B,32,4096,32,32000,955.4933229498075,1146.591987539769,573.2959937698845,False,True,float16,127.1609631883206,428.25227223744287
1768628468.584883,16,410.5,938,81,6568,synthetic-7B,32,4096,32,32000,6402.495222487561,7682.9942669850725,3841.4971334925362,False,True,float16,450.8593897782673,348.9559235589343
1768628468.5849392,16,512.375,993,59,8198,synthetic-7B,32,4096,32,32000,8569.501358056676,10283.401629668011,5141.7008148340055,False,True,float16,217.27220804148175,381.82847873651485
1768628468.5850174,2,889.5,928,851,1779,synthetic-7B,32,4096,32,32000,1867.646804857954,2241.176165829545,1120.5880829147725,False,True,float16,460.7638898316514,253.35142086331166
1768628468.5850737,1,135.0,135,135,135,synthetic-7B,32,4096,32,32000,142.35072256300887,170.82086707561064,85.41043353780532,False,True,float16,132.19180687582823,321.84161694485954
1768628468.5851295,4,725.25,906,475,2901,synthetic-7B,32,4096,32,32000,3290.4001225157194,3948.480147018863,1974.2400735094316,False,False,float16,434.5201055003482,127.30767105179186
1768628468.5851862,32,536.0,990,103,17152,synthetic-7B,32,4096,32,32000,18075.366465642033,21690.43975877044,10845.21987938522,False,True,float16,373.02949189192486,308.9867236943139
1768628468.5852423,4,449.75,831,61,1799,synthetic-7B,32,4096,32,32000,1696.6276993134304,2035.9532391761163,1017.9766195880582,False,False,float16,216.5480556076198,280.512121824965
1768628468.585301,32,514.59375,968,67,16467,synthetic-7B,32,4096,32,32000,16186.584607507251,19423.9015290087,9711.95076450435,False,True,float16,289.0234936036028,140.2770929897635
1768628468.58536,4,535.25,814,433,2141,synthetic-7B,32,4096,32,32000,1523.8399354838484,1828.6079225806182,914.3039612903091,True,True,float16,489.2221388202074,335.3189714787027
1768628468.5854177,8,498.75,814,205,3990,synthetic-7B,32,4096,32,32000,4768.345972919397,5722.015167503277,2861.0075837516383,False,True,float16,182.09179838910484,324.4591649327465
1768628468.5854735,16,497.125,965,149,7954,synthetic-7B,32,4096,32,32000,7091.463948765839,8509.756738519007,4254.878369259503,False,False,float16,292.9348327290555,424.9544978150236
1768628468.5855293,32,523.625,998,68,16756,synthetic-7B,32,4096,32,32000,15901.378783775606,19081.654540530726,9540.827270265363,False,True,float16,235.00357837936085,159.00284726195204
1768628468.5855854,2,717.0,807,627,1434,synthetic-7B,32,4096,32,32000,1160.3937616492099,1392.4725139790519,696.2362569895259,True,True,float16,348.2630534515702,211.52031697886775
1768628468.585641,32,646.25,995,68,20680,synthetic-7B,32,4096,32,32000,25127.98962699867,30153.587552398403,15076.793776199202,False,False,float16,469.1244711754623,457.56210421932025
1768628468.585696,32,510.34375,991,145,16331,synthetic-7B,32,4096,32,32000,12537.99086265031,15045.58903518037,7522.794517590185,True,True,float16,337.60133756884994,498.03898255427015
1768628468.5857518,1,157.0,157,157,157,synthetic-7B,32,4096,32,32000,142.59514649904605,171.11417579885526,85.55708789942763,False,True,float16,342.20228781789984,436.48837882906935
1768628468.5858083,4,226.25,411,72,905,synthetic-7B,32,4096,32,32000,692.4413107938485,830.9295729526182,415.4647864763091,True,True,float16,392.2603387836072,437.94734505800693
1768628468.5858665,1,354.0,354,354,354,synthetic-7B,32,4096,32,32000,280.1276734400176,336.1532081280211,168.07660406401055,True,True,float16,265.54539639017753,94.65670391214135
1768628468.585923,8,471.5,973,57,3772,synthetic-7B,32,4096,32,32000,4163.599454558478,4996.319345470173,2498.1596727350866,False,False,float16,287.754812534449,326.2250162721542
1768628468.5859928,1,930.0,930,930,930,synthetic-7B,32,4096,32,32000,1030.0616990824167,1236.0740388989,618.03701944945,False,True,float16,486.9557669518765,299.5112464086317
1768628468.586053,1,443.0,443,443,443,synthetic-7B,32,4096,32,32000,406.5773901377435,487.8928681652922,243.9464340826461,False,True,float16,354.0501831470451,336.9705607018948
1768628468.5861087,1,104.0,104,104,104,synthetic-7B,32,4096,32,32000,74.84755625360074,89.81706750432089,44.908533752160444,True,True,float16,275.9522943532711,219.94518117244561
1768628468.586165,4,523.0,826,269,2092,synthetic-7B,32,4096,32,32000,1403.2585538467863,1683.9102646161434,841.9551323080717,True,True,float16,299.49024180608524,391.9937697562253
1768628468.586221,1,819.0,819,819,819,synthetic-7B,32,4096,32,32000,829.5910453414758,995.509254409771,497.7546272048855,False,False,float16,300.95738232918893,212.30151234927138
1768628468.586277,4,759.5,925,591,3038,synthetic-7B,32,4096,32,32000,2959.4120586990457,3551.2944704388547,1775.6472352194273,False,True,float16,388.5388808213626,289.92340854832145
1768628468.5863342,1,273.0,273,273,273,synthetic-7B,32,4096,32,32000,285.23210014986455,342.27852017983747,171.13926008991874,False,True,float16,356.431175048261,77.7575099502411
1768628468.5863903,4,670.5,924,268,2682,synthetic-7B,32,4096,32,32000,2471.3085233784523,2965.5702280541427,1482.7851140270714,False,True,float16,201.51281418561564,51.23401482924644
1768628468.5864465,2,204.5,241,168,409,synthetic-7B,32,4096,32,32000,403.78382847089233,484.5405941650708,242.2702970825354,False,False,float16,115.67730274987969,269.8936434289656
1768628468.5865018,32,495.65625,957,67,15861,synthetic-7B,32,4096,32,32000,13779.98417531588,16535.981010379055,8267.990505189528,True,False,float16,225.1304288718241,392.80792474196454
1768628468.5865574,32,511.3125,966,60,16362,synthetic-7B,32,4096,32,32000,16688.914591598987,20026.697509918784,10013.348754959392,False,True,float16,338.822394452751,270.7713037393571
1768628468.5866141,16,591.125,980,157,9458,synthetic-7B,32,4096,32,32000,10924.179647508128,13109.015577009754,6554.507788504877,False,True,float16,163.93270581964967,275.62098839043483
1768628468.5866702,16,592.6875,950,109,9483,synthetic-7B,32,4096,32,32000,9884.319264058855,11861.183116870625,5930.591558435312,False,True,float16,352.6062180482199,30.428310966110654
1768628468.5867329,16,539.5625,897,72,8633,synthetic-7B,32,4096,32,32000,9138.289198414546,10965.947038097454,5482.973519048727,False,True,float16,315.0794239599664,305.18453273222195
1768628468.5867894,32,473.3125,930,96,15146,synthetic-7B,32,4096,32,32000,10381.20704874667,12457.448458496003,6228.724229248001,True,True,float16,315.88794994760735,217.35242216258945
1768628468.586844,8,787.25,975,512,6298,synthetic-7B,32,4096,32,32000,5384.828533280689,6461.794239936827,3230.8971199684133,False,True,float16,412.55321791786224,39.80522151924382
1768628468.5868995,8,445.375,964,152,3563,synthetic-7B,32,4096,32,32000,3227.528559361417,3873.0342712337006,1936.5171356168503,False,True,float16,387.38249996986076,218.09160555080067
1768628468.5869546,2,371.0,623,119,742,synthetic-7B,32,4096,32,32000,774.5224714818163,929.4269657781795,464.71348288908973,False,True,float16,174.0171766069757,376.8243126481035
1768628468.587011,1,151.0,151,151,151,synthetic-7B,32,4096,32,32000,128.01529787652532,153.61835745183038,76.80917872591519,False,True,float16,473.31083543911683,149.2183822841453
1768628468.587067,4,584.0,951,364,2336,synthetic-7B,32,4096,32,32000,2048.6154426908765,2458.3385312290516,1229.1692656145258,False,True,float16,363.82415744828285,171.33855266413298
1768628468.5871227,16,515.75,927,199,8252,synthetic-7B,32,4096,32,32000,5969.025259211997,7162.830311054396,3581.415155527198,True,False,float16,421.2065945243361,225.24223159169924
1768628468.5871782,32,489.90625,983,75,15677,synthetic-7B,32,4096,32,32000,12900.24752860827,15480.297034329924,7740.148517164962,False,False,float16,384.99598042220634,313.4785024089025
1768628468.5872333,32,491.1875,912,78,15718,synthetic-7B,32,4096,32,32000,14096.892425069444,16916.27091008333,8458.135455041665,False,False,float16,350.7970909521247,413.99063464593826
1768628468.587289,8,743.0,976,201,5944,synthetic-7B,32,4096,32,32000,6104.310234540061,7325.172281448074,3662.586140724037,False,True,float16,425.3483549693688,423.0017363774992
1768628468.5873456,2,525.5,922,129,1051,synthetic-7B,32,4096,32,32000,780.4905666567645,936.5886799881173,468.29433999405865,True,False,float16,435.5574753615643,168.63747613986223
1768628468.5874019,8,476.5,701,242,3812,synthetic-7B,32,4096,32,32000,2594.1100348118216,3112.932041774186,1556.466020887093,True,True,float16,175.95820271532014,344.307460951491
1768628468.5874624,16,726.25,983,292,11620,synthetic-7B,32,4096,32,32000,12461.498856895254,14953.798628274304,7476.899314137152,False,True,float16,253.07866715791812,245.62543336648486
1768628468.5875192,1,528.0,528,528,528,synthetic-7B,32,4096,32,32000,585.0878846792554,702.1054616151064,351.0527308075532,False,True,float16,446.4613748673044,376.7407887314603
1768628468.587576,4,517.75,871,178,2071,synthetic-7B,32,4096,32,32000,1346.7954486361248,1616.1545383633497,808.0772691816749,True,True,float16,183.51764600551385,281.8625522349215
1768628468.5876327,2,124.0,176,72,248,synthetic-7B,32,4096,32,32000,250.78066692727455,300.9368003127295,150.46840015636474,False,True,float16,161.04267365074216,407.9368469192448
1768628468.5876932,32,559.71875,984,92,17911,synthetic-7B,32,4096,32,32000,19785.62800352281,23742.753604227368,11871.376802113684,False,True,float16,144.8028420340882,416.50504033621024
1768628468.587749,32,552.25,988,127,17672,synthetic-7B,32,4096,32,32000,18785.913251212165,22543.0959014546,11271.5479507273,False,True,float16,424.38182983622914,280.2064551801493
1768628468.5878046,2,781.0,860,702,1562,synthetic-7B,32,4096,32,32000,1501.1494220824013,1801.3793064988815,900.6896532494408,False,True,float16,112.73694823392995,195.88173330461728
1768628468.5878599,16,464.0,864,76,7424,synthetic-7B,32,4096,32,32000,9097.948204476534,10917.53784537184,5458.76892268592,False,True,float16,218.5319612145602,483.810616302377
1768628468.587915,1,857.0,857,857,857,synthetic-7B,32,4096,32,32000,955.5981345322379,1146.7177614386853,573.3588807193427,False,True,float16,261.0721723431382,344.06356934601615
1768628468.5879705,4,525.25,722,142,2101,synthetic-7B,32,4096,32,32000,2021.4983769281168,2425.7980523137403,1212.8990261568701,False,True,float16,126.67578341154884,206.15815310178823
1768628468.5880299,8,344.625,847,93,2757,synthetic-7B,32,4096,32,32000,2967.207893546389,3560.6494722556668,1780.3247361278334,False,True,float16,427.6669137449615,178.72003609171352
1768628468.5880868,16,364.875,886,71,5838,synthetic-7B,32,4096,32,32000,6077.99515739179,7293.594188870147,3646.7970944350736,False,True,float16,211.06656293800341,486.9867764554933
1768628468.5881457,2,325.0,507,143,650,synthetic-7B,32,4096,32,32000,493.8993690860322,592.6792429032387,296.33962145161934,True,True,float16,242.30009397803775,225.76740907374517
1768628468.5882025,32,568.5625,940,75,18194,synthetic-7B,32,4096,32,32000,18984.216219007936,22781.059462809524,11390.529731404762,False,False,float16,367.6757439729909,132.85803506093748
1768628468.588261,32,560.71875,998,71,17943,synthetic-7B,32,4096,32,32000,12742.030905727937,15290.437086873524,7645.218543436762,True,True,float16,482.6172654220785,161.6656952033006
1768628468.5883183,2,273.0,493,53,546,synthetic-7B,32,4096,32,32000,623.0474561243608,747.656947349233,373.8284736746165,False,True,float16,307.96924790087667,35.59675199307286
1768628468.5883746,16,482.1875,886,53,7715,synthetic-7B,32,4096,32,32000,7698.248526023791,9237.898231228548,4618.949115614274,False,True,float16,117.83763681108917,362.57338782390144
1768628468.5884311,8,343.125,989,56,2745,synthetic-7B,32,4096,32,32000,2931.9013267382534,3518.281592085904,1759.140796042952,False,True,float16,464.2614153067362,66.18073456217812
1768628468.5884876,4,744.5,867,610,2978,synthetic-7B,32,4096,32,32000,1873.5889922093666,2248.3067906512397,1124.1533953256198,True,True,float16,483.8021126732512,100.41287167254148
1768628468.5885437,2,819.5,989,650,1639,synthetic-7B,32,4096,32,32000,1868.929506010157,2242.7154072121884,1121.3577036060942,False,True,float16,444.0150732149121,385.3420049655505
1768628468.5886002,16,619.0625,974,97,9905,synthetic-7B,32,4096,32,32000,9554.55025126534,11465.460301518408,5732.730150759204,False,True,float16,295.2519630437986,210.48253579662827
1768628468.5886562,2,442.5,631,254,885,synthetic-7B,32,4096,32,32000,927.2017634647908,1112.642116157749,556.3210580788744,False,True,float16,208.2454904117967,77.80648618179343
1768628468.5887115,32,411.4375,967,65,13166,synthetic-7B,32,4096,32,32000,15542.178593730614,18650.614312476737,9325.307156238368,False,True,float16,472.29295212256574,337.4493618641346
1768628468.5887668,2,813.0,863,763,1626,synthetic-7B,32,4096,32,32000,1849.8169581535992,2219.780349784319,1109.8901748921594,False,True,float16,274.92005266885894,207.22574364196237
1768628468.5888221,1,746.0,746,746,746,synthetic-7B,32,4096,32,32000,801.7751618207493,962.1301941848991,481.06509709244955,False,False,float16,104.96415061884368,236.2197267006741
1768628468.5888846,1,396.0,396,396,396,synthetic-7B,32,4096,32,32000,298.9053006557359,358.6863607868831,179.34318039344154,True,False,float16,128.2770260720376,93.65147564536568
1768628468.5889406,16,442.625,879,67,7082,synthetic-7B,32,4096,32,32000,7250.23696403481,8700.284356841772,4350.142178420886,False,True,float16,334.46724275562235,278.52862371684836
1768628468.5890138,16,529.75,911,60,8476,synthetic-7B,32,4096,32,32000,8249.528478587234,9899.43417430468,4949.71708715234,False,False,float16,283.2005560206112,440.19552243177816
1768628468.5890703,1,651.0,651,651,651,synthetic-7B,32,4096,32,32000,726.4989068540102,871.7986882248123,435.89934411240614,False,True,float16,138.90628487678157,94.44634610492652
1768628468.5891266,32,614.0625,998,78,19650,synthetic-7B,32,4096,32,32000,19694.292205231406,23633.150646277685,11816.575323138843,False,False,float16,471.2380263003531,318.6634248161907
1768628468.5891826,32,501.25,989,97,16040,synthetic-7B,32,4096,32,32000,13456.727022270676,16148.07242672481,8074.036213362405,True,True,float16,433.6525136003866,53.50657921926045
1768628468.5892396,4,582.5,947,236,2330,synthetic-7B,32,4096,32,32000,2050.5771552596434,2460.692586311572,1230.346293155786,True,True,float16,249.79508484975673,116.9963021195098
1768628468.5892966,16,401.1875,863,59,6419,synthetic-7B,32,4096,32,32000,4511.803348454679,5414.164018145614,2707.082009072807,True,False,float16,296.4722509797981,422.4630085498429
1768628468.5893579,8,627.5,968,149,5020,synthetic-7B,32,4096,32,32000,5846.964468605631,7016.357362326757,3508.1786811633783,False,True,float16,132.2271487782998,380.5741689660074
1768628468.5894144,2,371.5,529,214,743,synthetic-7B,32,4096,32,32000,517.8049804411465,621.3659765293759,310.68298826468794,True,False,float16,361.88752699208413,436.0502352531495
1768628468.5894716,4,437.75,787,224,1751,synthetic-7B,32,4096,32,32000,1971.826247582645,2366.191497099174,1183.095748549587,False,True,float16,136.98022477684617,317.86395365711854
1768628468.5895276,16,537.5625,936,120,8601,synthetic-7B,32,4096,32,32000,6865.014126520203,8238.016951824244,4119.008475912122,True,False,float16,367.01030338485225,57.34082149483984
1768628468.5895882,8,689.875,983,203,5519,synthetic-7B,32,4096,32,32000,5875.362096799363,7050.4345161592355,3525.2172580796177,False,True,float16,310.5671217473341,431.10566713049803
1768628468.5896437,2,243.0,275,211,486,synthetic-7B,32,4096,32,32000,368.71365213268484,442.4563825592218,221.2281912796109,True,False,float16,226.3399717303837,333.05201224657424
1768628468.5897005,4,335.25,575,56,1341,synthetic-7B,32,4096,32,32000,946.0952072849099,1135.3142487418918,567.6571243709459,True,True,float16,406.3004332677543,390.80213212396956
1768628468.5897565,32,517.65625,993,75,16565,synthetic-7B,32,4096,32,32000,18762.765208948367,22515.31825073804,11257.65912536902,False,False,float16,255.05952063813152,157.04587172301987
1768628468.589814,4,591.5,978,393,2366,synthetic-7B,32,4096,32,32000,1842.4645992460614,2210.9575190952737,1105.4787595476369,True,True,float16,496.4987037886643,144.89363694395195
1768628468.5898695,32,460.28125,820,86,14729,synthetic-7B,32,4096,32,32000,14778.028635108172,17733.634362129807,8866.817181064904,False,False,float16,205.50506239520064,260.16368359301873
1768628468.5899253,2,497.5,597,398,995,synthetic-7B,32,4096,32,32000,979.9753399461814,1175.9704079354176,587.9852039677088,False,False,float16,367.32478725453433,120.70197673045006
1768628468.5900028,4,667.0,748,536,2668,synthetic-7B,32,4096,32,32000,2505.9048788401024,3007.0858546081226,1503.5429273040613,False,True,float16,491.07798531565487,166.27288539118533
1768628468.5900621,2,797.5,974,621,1595,synthetic-7B,32,4096,32,32000,1243.7862710331865,1492.5435252398238,746.2717626199119,True,False,float16,243.96700625824081,233.073230376046
1768628468.5901175,8,566.375,945,94,4531,synthetic-7B,32,4096,32,32000,4976.75790183066,5972.109482196792,2986.054741098396,False,True,float16,315.4391653137339,57.13470556579919
1768628468.5901737,2,580.0,658,502,1160,synthetic-7B,32,4096,32,32000,1108.1169291534998,1329.7403149841996,664.8701574920998,False,True,float16,266.14731353241143,203.6064818157485
1768628468.5902307,32,548.4375,967,80,17550,synthetic-7B,32,4096,32,32000,12841.95578497748,15410.346941972974,7705.173470986487,True,True,float16,234.85485339447348,81.21236534958516
1768628468.5902905,32,501.09375,992,78,16035,synthetic-7B,32,4096,32,32000,14849.849982360973,17819.819978833166,8909.909989416583,False,True,float16,428.7957945819405,332.5748488431019
1768628468.5903473,4,479.5,880,127,1918,synthetic-7B,32,4096,32,32000,2127.4069443807653,2552.888333256918,1276.444166628459,False,True,float16,260.152380690722,171.73665755984422
1768628468.5904036,2,638.0,911,365,1276,synthetic-7B,32,4096,32,32000,1245.9854593005823,1495.1825511606987,747.5912755803494,False,True,float16,265.6747626981712,73.91747025704305
1768628468.5904586,32,522.71875,987,53,16727,synthetic-7B,32,4096,32,32000,15457.786916357278,18549.344299628734,9274.672149814367,False,True,float16,171.67336653726446,292.71918817597407
1768628468.5905144,4,426.5,692,246,1706,synthetic-7B,32,4096,32,32000,1756.2274911780953,2107.4729894137145,1053.7364947068572,False,True,float16,487.44718741510144,42.068218855849935
1768628468.590571,1,983.0,983,983,983,synthetic-7B,32,4096,32,32000,1178.2531604509204,1413.9037925411044,706.9518962705522,False,True,float16,144.57314513180654,205.31686669599134
1768628468.5906308,8,608.125,981,94,4865,synthetic-7B,32,4096,32,32000,4902.8791464836,5883.454975780321,2941.7274878901603,False,False,float16,311.3060064932867,493.3838036999355
1768628468.5906873,1,965.0,965,965,965,synthetic-7B,32,4096,32,32000,966.0465640566425,1159.255876867971,579.6279384339855,False,True,float16,154.41285278726141,496.70844461583096
1768628468.590743,4,657.5,981,291,2630,synthetic-7B,32,4096,32,32000,2224.8155573178256,2669.7786687813905,1334.8893343906952,False,True,float16,324.35501722894776,358.48596710123917
1768628468.5907993,4,479.75,779,309,1919,synthetic-7B,32,4096,32,32000,1612.3129990465018,1934.775598855802,967.387799427901,True,True,float16,290.56548563821514,84.75048671938457
1768628468.590855,32,461.9375,916,74,14782,synthetic-7B,32,4096,32,32000,15531.334923319417,18637.6019079833,9318.80095399165,False,False,float16,338.35528053975344,331.56335953147345
1768628468.59091,32,540.4375,989,79,17294,synthetic-7B,32,4096,32,32000,19642.263363342245,23570.716036010694,11785.358018005347,False,True,float16,437.9668094541905,454.96051016500365
1768628468.5909657,16,628.5,989,66,10056,synthetic-7B,32,4096,32,32000,9333.75624502682,11200.507494032183,5600.253747016091,False,True,float16,309.72609507353025,398.3674855965491
1768628468.5910254,1,75.0,75,75,75,synthetic-7B,32,4096,32,32000,61.24869043030848,73.49842851637017,36.749214258185084,False,True,float16,341.64420437410297,184.50508346798688
1768628468.5910811,4,673.5,956,246,2694,synthetic-7B,32,4096,32,32000,2923.03079135885,3507.6369496306197,1753.8184748153099,False,False,float16,135.40379006763442,333.3743007246113
1768628468.5911367,8,269.625,678,69,2157,synthetic-7B,32,4096,32,32000,1874.7780517083606,2249.7336620500328,1124.8668310250164,False,True,float16,472.82614277630836,396.5262965093099
1768628468.5911927,2,483.5,867,100,967,synthetic-7B,32,4096,32,32000,1018.390365004024,1222.0684380048287,611.0342190024144,False,True,float16,491.0668897816027,77.33858182671254
1768628468.591248,4,520.75,829,301,2083,synthetic-7B,32,4096,32,32000,1910.6979462198228,2292.8375354637874,1146.4187677318937,False,False,float16,237.95290711869814,164.02010961530027
1768628468.5913036,4,596.75,954,148,2387,synthetic-7B,32,4096,32,32000,2495.006595434932,2994.0079145219183,1497.0039572609592,False,True,float16,437.4611126709061,77.8954376825575
1768628468.5913582,8,652.75,959,330,5222,synthetic-7B,32,4096,32,32000,3893.760895898778,4672.513075078534,2336.256537539267,True,True,float16,171.1892075995456,473.111750714224
1768628468.5914142,4,709.5,994,538,2838,synthetic-7B,32,4096,32,32000,3004.2437256409944,3605.0924707691934,1802.5462353845967,False,True,float16,388.1738867685996,379.24070951216487
1768628468.5914702,16,605.625,986,141,9690,synthetic-7B,32,4096,32,32000,9838.187399657865,11805.824879589438,5902.912439794719,False,True,float16,413.5688766135999,20.59037867382957
1768628468.5915246,2,603.0,610,596,1206,synthetic-7B,32,4096,32,32000,1423.194234761312,1707.8330817135743,853.9165408567872,False,True,float16,246.63148947863377,141.37214104453125
1768628468.5915802,1,203.0,203,203,203,synthetic-7B,32,4096,32,32000,184.15027585090536,220.9803310210864,110.4901655105432,True,True,float16,247.81904441619704,393.85438535782936
1768628468.5916376,4,539.75,796,324,2159,synthetic-7B,32,4096,32,32000,2240.1541905409763,2688.1850286491713,1344.0925143245856,False,True,float16,475.9513043456649,212.52997053478185
1768628468.5916972,2,725.5,787,664,1451,synthetic-7B,32,4096,32,32000,1631.054560771952,1957.2654729263425,978.6327364631712,False,True,float16,149.87786102706494,215.48188187927315
1768628468.5917544,16,515.1875,963,70,8243,synthetic-7B,32,4096,32,32000,5902.867543955237,7083.441052746284,3541.720526373142,True,True,float16,230.41188167292233,88.43878635136892
1768628468.5918105,1,587.0,587,587,587,synthetic-7B,32,4096,32,32000,611.5306739886175,733.8368087863411,366.91840439317053,False,False,float16,110.39621178296728,18.145268793953807
1768628468.5918663,8,414.0,838,50,3312,synthetic-7B,32,4096,32,32000,3320.0321098588693,3984.038531830643,1992.0192659153215,False,True,float16,490.3740363436585,171.1722795429392
1768628468.5919251,4,440.75,602,128,1763,synthetic-7B,32,4096,32,32000,1304.8034740112512,1565.7641688135013,782.8820844067507,True,True,float16,261.9439386938169,181.74170472139187
1768628468.5919838,1,942.0,942,942,942,synthetic-7B,32,4096,32,32000,992.3259055847843,1190.791086701741,595.3955433508705,False,True,float16,496.09041364034863,200.7388413093767
1768628468.5920405,1,672.0,672,672,672,synthetic-7B,32,4096,32,32000,728.4511110970842,874.141333316501,437.0706666582505,False,False,float16,129.86456055891057,151.27992677908858
1768628468.592097,8,522.125,943,222,4177,synthetic-7B,32,4096,32,32000,4513.35957573826,5416.031490885912,2708.015745442956,False,True,float16,493.4765804569493,415.22826257535615
1768628468.5921526,2,913.5,997,830,1827,synthetic-7B,32,4096,32,32000,1871.1638767648967,2245.396652117876,1122.698326058938,False,True,float16,142.1806321258655,326.5447781057378
1768628468.5922086,4,647.0,744,543,2588,synthetic-7B,32,4096,32,32000,2834.393706848938,3401.2724482187255,1700.6362241093627,False,False,float16,323.44290984145147,393.88851756980415
1768628468.5922637,32,541.0625,984,69,17314,synthetic-7B,32,4096,32,32000,18205.83575407746,21847.00290489295,10923.501452446475,False,True,float16,489.7646436988339,186.1125347192399
1768628468.5923193,16,442.6875,828,87,7083,synthetic-7B,32,4096,32,32000,7675.425215729322,9210.510258875187,4605.2551294375935,False,True,float16,268.5873293166085,65.18797790423878
1768628468.5923789,8,472.0,974,221,3776,synthetic-7B,32,4096,32,32000,2977.416804121787,3572.9001649461447,1786.4500824730724,True,True,float16,417.79063307013155,442.8955529986884
1768628468.5924354,1,98.0,98,98,98,synthetic-7B,32,4096,32,32000,101.09553402482939,121.31464082979527,60.65732041489763,False,True,float16,279.30512947530565,185.19370814337202
1768628468.5924904,2,432.5,717,148,865,synthetic-7B,32,4096,32,32000,734.9660133349612,881.9592160019535,440.9796080009767,True,True,float16,473.81856257833294,53.76416136787241
1768628468.5925498,16,561.625,960,77,8986,synthetic-7B,32,4096,32,32000,7480.236713294747,8976.284055953696,4488.142027976848,True,True,float16,167.26638231529677,26.408031374145665
1768628468.5926063,4,509.5,783,189,2038,synthetic-7B,32,4096,32,32000,2396.265251356139,2875.5183016273663,1437.7591508136832,False,False,float16,466.809747815016,218.57121013369346
1768628468.5926623,1,100.0,100,100,100,synthetic-7B,32,4096,32,32000,119.37365710141124,143.24838852169347,71.62419426084674,False,False,float16,172.54980597674825,56.73883995847672
1768628468.5927184,8,494.625,901,110,3957,synthetic-7B,32,4096,32,32000,3656.9642128642736,4388.357055437128,2194.178527718564,False,False,float16,324.079585178538,359.039968034372
1768628468.5927744,1,861.0,861,861,861,synthetic-7B,32,4096,32,32000,864.0045712967218,1036.805485556066,518.402742778033,False,True,float16,150.25494027759237,330.9295595134644
1768628468.592831,8,518.25,992,55,4146,synthetic-7B,32,4096,32,32000,4863.3147813690675,5835.977737642881,2917.9888688214405,False,False,float16,353.7606357864594,33.52573850452097
1768628468.5928867,2,515.5,798,233,1031,synthetic-7B,32,4096,32,32000,1032.6489947896102,1239.1787937475322,619.5893968737661,False,True,float16,135.9005045776484,389.4320110010855
1768628468.5929546,8,483.75,770,204,3870,synthetic-7B,32,4096,32,32000,3130.8451747734352,3757.0142097281223,1878.5071048640611,True,True,float16,279.00435411065166,473.4963073483733
1768628468.5930161,32,415.96875,927,63,13311,synthetic-7B,32,4096,32,32000,12220.76319148959,14664.915829787507,7332.457914893754,False,True,float16,183.83349431955327,122.7792891705143
1768628468.5930712,4,641.0,964,126,2564,synthetic-7B,32,4096,32,32000,2285.9922466017524,2743.190695922103,1371.5953479610514,True,True,float16,273.3870937917866,93.80134978314516
1768628468.5931315,4,679.0,838,382,2716,synthetic-7B,32,4096,32,32000,1959.0365044154141,2350.843805298497,1175.4219026492485,True,True,float16,458.43186474982207,273.8443154351492
1768628468.5931885,8,562.125,903,117,4497,synthetic-7B,32,4096,32,32000,4547.653002331342,5457.18360279761,2728.591801398805,False,True,float16,158.32881083815596,469.2882722089342
1768628468.5932443,16,556.75,973,74,8908,synthetic-7B,32,4096,32,32000,6544.205139823441,7853.0461677881285,3926.5230838940643,True,True,float16,163.17093140960844,400.8034030170773
1768628468.593304,1,966.0,966,966,966,synthetic-7B,32,4096,32,32000,738.231556883185,885.877868259822,442.938934129911,True,True,float16,398.6736544249085,326.9204348733846
1768628468.5933602,32,540.25,985,67,17288,synthetic-7B,32,4096,32,32000,15598.739509818586,18718.487411782302,9359.243705891151,True,True,float16,327.28037596696834,313.2634228248796
1768628468.5934165,16,525.5,954,62,8408,synthetic-7B,32,4096,32,32000,6466.852787158702,7760.223344590442,3880.111672295221,True,True,float16,351.11542816035933,76.55404797229211
1768628468.593472,8,717.25,995,248,5738,synthetic-7B,32,4096,32,32000,5413.153758049209,6495.78450965905,3247.892254829525,False,True,float16,410.4893802780869,416.70675620333753
1768628468.5935278,2,368.0,577,159,736,synthetic-7B,32,4096,32,32000,741.810598909995,890.172718691994,445.086359345997,False,True,float16,378.60012412645256,126.71073388255101
1768628468.5935833,1,817.0,817,817,817,synthetic-7B,32,4096,32,32000,971.2956368764625,1165.554764251755,582.7773821258775,False,False,float16,272.8617991592786,118.38852536693015
1768628468.59364,16,495.0,991,76,7920,synthetic-7B,32,4096,32,32000,8060.587118797454,9672.704542556945,4836.3522712784725,False,True,float16,134.243420440582,230.44173718057985
1768628468.593697,4,418.75,735,108,1675,synthetic-7B,32,4096,32,32000,1179.7296368477107,1415.6755642172527,707.8377821086264,True,False,float16,184.51220362536026,318.910044779333
1768628468.593753,1,656.0,656,656,656,synthetic-7B,32,4096,32,32000,627.0311225964247,752.4373471157096,376.2186735578548,False,True,float16,236.60306174502028,372.90826551354724
1768628468.5938096,2,408.5,575,242,817,synthetic-7B,32,4096,32,32000,912.637594798364,1095.1651137580368,547.5825568790184,False,True,float16,177.375029730316,183.33184383653636
1768628468.5938704,4,305.5,669,91,1222,synthetic-7B,32,4096,32,32000,1063.6346271358475,1276.3615525630169,638.1807762815084,True,True,float16,400.3975053142846,31.985190918374034
1768628468.5939262,1,948.0,948,948,948,synthetic-7B,32,4096,32,32000,689.2503957959053,827.1004749550864,413.5502374775432,True,True,float16,431.91920515238957,434.8402029563673
1768628468.593994,8,478.125,854,163,3825,synthetic-7B,32,4096,32,32000,4515.521719884751,5418.626063861701,2709.3130319308507,False,True,float16,178.30313360205756,206.0886279750666
1768628468.5940526,32,548.8125,996,71,17562,synthetic-7B,32,4096,32,32000,17884.784386339405,21461.741263607284,10730.870631803642,False,True,float16,172.11330937845105,407.45230103023454
1768628468.5941083,16,556.625,972,58,8906,synthetic-7B,32,4096,32,32000,9962.103781044158,11954.524537252988,5977.262268626494,False,True,float16,481.7666122555919,355.9626386148761
1768628468.5941641,2,532.5,924,141,1065,synthetic-7B,32,4096,32,32000,1251.7960899275183,1502.155307913022,751.077653956511,False,False,float16,410.88236526474213,286.4709063109245
1768628468.5942209,32,519.53125,992,62,16625,synthetic-7B,32,4096,32,32000,17614.30449706489,21137.16539647787,10568.582698238935,False,True,float16,421.157503684746,243.51864635857729
1768628468.594277,4,346.75,464,185,1387,synthetic-7B,32,4096,32,32000,1640.8417054059967,1969.010046487196,984.505023243598,False,True,float16,281.77916367316504,206.35967790847909
1768628468.5943322,1,774.0,774,774,774,synthetic-7B,32,4096,32,32000,763.9910901009264,916.7893081211116,458.3946540605558,False,True,float16,258.3589579780872,114.80797164478909
1768628468.5943887,4,469.25,669,215,1877,synthetic-7B,32,4096,32,32000,1921.2649229415035,2305.5179075298042,1152.7589537649021,False,True,float16,205.89265718507443,151.09430404105134
1768628468.5944443,16,559.125,997,162,8946,synthetic-7B,32,4096,32,32000,8397.116183867374,10076.53942064085,5038.269710320425,False,False,float16,231.9033492835972,92.09837748375365
1768628468.594499,2,445.0,577,313,890,synthetic-7B,32,4096,32,32000,1008.653752779663,1210.3845033355956,605.1922516677978,False,False,float16,439.4226743400801,495.93653295339635
1768628468.5945563,8,578.125,983,92,4625,synthetic-7B,32,4096,32,32000,4265.829198806912,5118.995038568294,2559.497519284147,False,False,float16,181.11260643439917,437.410959734022
1768628468.5946162,32,578.25,979,50,18504,synthetic-7B,32,4096,32,32000,21149.570630353686,25379.484756424423,12689.742378212211,False,True,float16,319.14750979660465,468.7198214812308
1768628468.594672,4,430.5,807,207,1722,synthetic-7B,32,4096,32,32000,1819.4745568651495,2183.3694682381793,1091.6847341190896,False,True,float16,234.70381262448643,187.399344333537
1768628468.5947278,4,539.0,916,146,2156,synthetic-7B,32,4096,32,32000,2076.425278641511,2491.710334369813,1245.8551671849066,False,True,float16,427.7131943676338,230.39794501031542
1768628468.5947835,1,294.0,294,294,294,synthetic-7B,32,4096,32,32000,255.41442729335074,306.4973127520209,153.24865637601044,True,True,float16,175.0579233727778,191.73036904092274
1768628468.5948403,1,204.0,204,204,204,synthetic-7B,32,4096,32,32000,191.76195816201852,230.11434979442222,115.05717489721111,False,False,float16,180.90017068377227,241.9139647922609
1768628468.5948968,16,467.625,958,62,7482,synthetic-7B,32,4096,32,32000,5263.039700306191,6315.647640367429,3157.8238201837144,True,True,float16,472.768341696162,333.47629933520585
1768628468.5949523,2,520.0,527,513,1040,synthetic-7B,32,4096,32,32000,958.6632208983135,1150.3958650779762,575.1979325389881,False,True,float16,332.7468350548864,498.4037921247496
1768628468.5950086,4,431.5,704,187,1726,synthetic-7B,32,4096,32,32000,1932.8650886389623,2319.4381063667547,1159.7190531833774,False,False,float16,335.73814896880174,459.62678293144944
1768628468.5950644,4,855.5,992,658,3422,synthetic-7B,32,4096,32,32000,3772.0593585350966,4526.471230242116,2263.235615121058,False,True,float16,197.16712994442634,490.92114332170917
1768628468.5951216,16,561.1875,938,97,8979,synthetic-7B,32,4096,32,32000,5678.640340635378,6814.368408762454,3407.184204381227,True,True,float16,467.3307766898807,341.1168325002539
1768628468.5951781,16,570.375,996,51,9126,synthetic-7B,32,4096,32,32000,7081.902933425685,8498.283520110821,4249.1417600554105,True,True,float16,396.0306776317086,488.0953511634267
1768628468.595235,4,419.0,885,233,1676,synthetic-7B,32,4096,32,32000,1233.326175772864,1479.9914109274366,739.9957054637183,True,True,float16,277.4642678304923,254.6474527788073
1768628468.595305,2,192.5,253,132,385,synthetic-7B,32,4096,32,32000,395.52533668939475,474.6304040272737,237.31520201363685,False,False,float16,202.33804688395912,235.777530583388
1768628468.5953605,2,438.5,444,433,877,synthetic-7B,32,4096,32,32000,863.8672958084836,1036.6407549701803,518.3203774850901,False,False,float16,318.54507680247684,493.7294654757953
1768628468.5954156,1,329.0,329,329,329,synthetic-7B,32,4096,32,32000,342.06681269282547,410.48017523139055,205.24008761569527,False,True,float16,482.2820416574068,87.09815557986869
1768628468.595471,1,841.0,841,841,841,synthetic-7B,32,4096,32,32000,918.7057103304699,1102.4468523965638,551.2234261982819,False,False,float16,159.84594382776325,273.5730727583421
1768628468.59553,16,596.75,945,264,9548,synthetic-7B,32,4096,32,32000,10109.169546545214,12131.003455854256,6065.501727927128,False,True,float16,153.55086220991961,150.9749440030546
1768628468.5955884,32,479.3125,982,78,15338,synthetic-7B,32,4096,32,32000,11199.806733056725,13439.768079668069,6719.884039834034,True,False,float16,383.9539142267914,334.45649937115553
1768628468.5956461,16,602.25,967,71,9636,synthetic-7B,32,4096,32,32000,8081.661559869838,9697.993871843806,4848.996935921903,True,False,float16,120.72489513623444,220.17044274047925
1768628468.5957031,4,304.25,416,110,1217,synthetic-7B,32,4096,32,32000,847.9181750541773,1017.5018100650127,508.75090503250635,True,True,float16,126.65845889439859,341.84170919081106
1768628468.59576,32,436.8125,931,53,13978,synthetic-7B,32,4096,32,32000,14736.040557058395,17683.248668470074,8841.624334235037,False,True,float16,315.8063090436899,111.60188781374737
1768628468.5958157,8,505.75,985,78,4046,synthetic-7B,32,4096,32,32000,2344.644997296486,2813.5739967557834,1406.7869983778917,True,True,float16,124.09673094955123,229.34700475168955
1768628468.595876,4,697.5,956,493,2790,synthetic-7B,32,4096,32,32000,3118.9508983246515,3742.7410779895818,1871.3705389947909,False,True,float16,395.7490409035987,337.9115629539754
1768628468.5959322,32,579.5,956,79,18544,synthetic-7B,32,4096,32,32000,12072.72995061382,14487.275940736585,7243.637970368292,True,True,float16,256.56360339485275,450.21546863698603
1768628468.5959916,16,546.375,993,89,8742,synthetic-7B,32,4096,32,32000,6543.666764221056,7852.400117065266,3926.200058532633,True,False,float16,481.0874985326974,292.208309360597
1768628468.5960479,32,536.15625,965,54,17157,synthetic-7B,32,4096,32,32000,11451.296843046102,13741.556211655323,6870.778105827661,True,True,float16,303.7872869815088,223.90914483763976
1768628468.5961034,8,553.25,949,73,4426,synthetic-7B,32,4096,32,32000,3440.955233599998,4129.1462803199975,2064.5731401599987,True,True,float16,206.44481763315173,407.39923732426575
1768628468.596159,32,490.96875,977,129,15711,synthetic-7B,32,4096,32,32000,14352.948653338892,17223.538384006668,8611.769192003334,False,True,float16,204.3843889215944,472.4997992409477
1768628468.5962136,32,470.0625,962,61,15042,synthetic-7B,32,4096,32,32000,13175.733975869674,15810.880771043609,7905.440385521804,False,True,float16,241.2224121054897,249.3251351481037
1768628468.5962696,2,383.0,529,237,766,synthetic-7B,32,4096,32,32000,578.9496059311288,694.7395271173544,347.3697635586772,True,True,float16,111.8315416946675,492.1190322282156
1768628468.5963256,16,530.1875,878,78,8483,synthetic-7B,32,4096,32,32000,8242.895241247084,9891.4742894965,4945.73714474825,False,False,float16,417.76534453587624,118.52881556593859
1768628468.5963805,1,622.0,622,622,622,synthetic-7B,32,4096,32,32000,677.9363394452789,813.5236073343347,406.7618036671673,False,True,float16,315.85249398954056,290.2657830469346
1768628468.596436,8,518.625,930,99,4149,synthetic-7B,32,4096,32,32000,5160.3190112070915,6192.382813448509,3096.1914067242546,False,True,float16,492.1283709374809,59.52364952180811
1768628468.5964916,32,429.78125,981,60,13753,synthetic-7B,32,4096,32,32000,11256.421400815041,13507.70568097805,6753.852840489025,True,True,float16,177.9238748412168,495.2128132447648
1768628468.596546,2,500.5,638,363,1001,synthetic-7B,32,4096,32,32000,957.2662616072826,1148.719513928739,574.3597569643695,False,True,float16,271.50174596055444,19.77665598986357
1768628468.5966024,32,555.0,986,68,17760,synthetic-7B,32,4096,32,32000,17520.86915253086,21025.04298303703,10512.521491518515,False,True,float16,467.7862014937601,349.31668702633146
1768628468.5966582,4,427.0,495,308,1708,synthetic-7B,32,4096,32,32000,1308.85608685105,1570.62730422126,785.31365211063,True,True,float16,356.82683805207387,52.46121177953534
1768628468.5967183,8,493.25,886,59,3946,synthetic-7B,32,4096,32,32000,4014.8027804464664,4817.76333653576,2408.88166826788,False,False,float16,347.86617611591237,27.18278075107882
1768628468.5967746,8,599.625,956,322,4797,synthetic-7B,32,4096,32,32000,3962.409543260369,4754.891451912443,2377.4457259562214,True,True,float16,326.5995821860437,64.16603812662149
1768628468.5968304,8,550.375,984,284,4403,synthetic-7B,32,4096,32,32000,5002.053703227627,6002.464443873152,3001.232221936576,False,False,float16,136.2881217537269,418.2444622895777
1768628468.5968862,4,594.25,932,211,2377,synthetic-7B,32,4096,32,32000,2512.22663894164,3014.671966729968,1507.335983364984,False,False,float16,352.8430218938551,259.8666344277373
1768628468.5969553,2,680.5,792,569,1361,synthetic-7B,32,4096,32,32000,1100.0331328020661,1320.0397593624793,660.0198796812397,True,True,float16,145.23519799524206,318.18933980601963
1768628468.5970159,32,542.9375,996,119,17374,synthetic-7B,32,4096,32,32000,13984.302862288227,16781.16343474587,8390.581717372936,True,True,float16,325.11556334993963,306.78095430346605
1768628468.597072,4,278.0,646,56,1112,synthetic-7B,32,4096,32,32000,913.8104876276172,1096.5725851531406,548.2862925765703,True,True,float16,469.1638128883802,279.9796956105431
1768628468.5971274,32,489.71875,932,119,15671,synthetic-7B,32,4096,32,32000,17638.695198504593,21166.43423820551,10583.217119102756,False,True,float16,114.99931794061973,283.9788903736123
1768628468.5971835,4,446.75,665,111,1787,synthetic-7B,32,4096,32,32000,1461.184792367323,1753.4217508407876,876.7108754203938,True,True,float16,260.2235190149954,61.45709775039974
1768628468.5972443,16,526.3125,991,75,8421,synthetic-7B,32,4096,32,32000,7148.224195212557,8577.869034255067,4288.934517127534,True,False,float16,127.68002700865696,394.3298600900148
1768628468.5973,16,640.0,997,294,10240,synthetic-7B,32,4096,32,32000,8051.499237177595,9661.799084613114,4830.899542306557,True,True,float16,274.4464463022615,168.85858545358954
1768628468.5973568,1,802.0,802,802,802,synthetic-7B,32,4096,32,32000,750.2746346601137,900.3295615921364,450.1647807960682,False,True,float16,367.93625042505045,249.15564258087127
1768628468.597417,4,565.0,865,132,2260,synthetic-7B,32,4096,32,32000,2299.8816671968316,2759.8580006361976,1379.9290003180988,False,True,float16,329.1879923109784,196.72901634268865
1768628468.5974784,8,370.625,876,74,2965,synthetic-7B,32,4096,32,32000,1995.5897260773472,2394.7076712928165,1197.3538356464082,True,False,float16,340.2215739636491,468.94653067415635
1768628468.5975368,16,606.8125,982,54,9709,synthetic-7B,32,4096,32,32000,9545.24214231543,11454.290570778516,5727.145285389258,False,False,float16,194.02172937301071,15.753893554122731
1768628468.5975947,8,455.125,738,89,3641,synthetic-7B,32,4096,32,32000,4364.919108661721,5237.902930394065,2618.9514651970326,False,True,float16,348.0673020567447,56.68681687982484
1768628468.5976505,8,524.875,800,109,4199,synthetic-7B,32,4096,32,32000,4204.546529343231,5045.455835211877,2522.7279176059383,False,True,float16,389.9701539255932,210.1538493982399
1768628468.597707,4,765.0,943,614,3060,synthetic-7B,32,4096,32,32000,3116.712968815343,3740.055562578412,1870.027781289206,False,True,float16,372.4926204299074,240.98248509180107
1768628468.5977635,16,537.6875,996,88,8603,synthetic-7B,32,4096,32,32000,9736.318915211987,11683.582698254384,5841.791349127192,False,False,float16,208.03036795313562,460.4013336612925
1768628468.5978193,8,463.375,969,106,3707,synthetic-7B,32,4096,32,32000,3685.8561040531245,4423.0273248637495,2211.5136624318748,False,True,float16,489.65735978657347,249.07374165230075
1768628468.5978756,32,502.90625,972,73,16093,synthetic-7B,32,4096,32,32000,10370.811658123475,12444.97398974817,6222.486994874085,True,False,float16,312.5347943029984,397.41359118313574
1768628468.5979311,2,667.0,805,529,1334,synthetic-7B,32,4096,32,32000,1269.7205911632332,1523.6647093958798,761.8323546979399,False,True,float16,149.77077567954694,47.60462882515335
1768628468.5980084,1,244.0,244,244,244,synthetic-7B,32,4096,32,32000,254.65358822079904,305.5843058649588,152.7921529324794,False,True,float16,123.57923048842218,377.5319478857808
1768628468.5980663,32,654.6875,983,94,20950,synthetic-7B,32,4096,32,32000,22854.068500477213,27424.882200572654,13712.441100286327,False,False,float16,158.93590667589427,157.3684043259353
1768628468.5981238,16,428.5,880,62,6856,synthetic-7B,32,4096,32,32000,7089.068329801576,8506.88199576189,4253.440997880945,False,True,float16,480.40032788166207,366.58757650054207
1768628468.5981836,1,575.0,575,575,575,synthetic-7B,32,4096,32,32000,430.7469440268809,516.896332832257,258.4481664161285,True,True,float16,403.6459795220731,336.9327117316172
1768628468.5982392,2,335.5,473,198,671,synthetic-7B,32,4096,32,32000,732.3466848210923,878.8160217853107,439.40801089265534,False,True,float16,110.79556348949757,367.4578506978784
1768628468.5982935,4,508.25,857,126,2033,synthetic-7B,32,4096,32,32000,2293.0742684419874,2751.689122130385,1375.8445610651925,False,False,float16,498.24049215218355,351.73156444592036
1768628468.5983489,2,267.5,467,68,535,synthetic-7B,32,4096,32,32000,372.21165374568784,446.6539844948254,223.3269922474127,True,True,float16,112.70986950750697,321.75229269747604
1768628468.5984051,32,433.53125,949,76,13873,synthetic-7B,32,4096,32,32000,10661.878002373564,12794.253602848275,6397.126801424138,True,False,float16,145.20851166738194,196.05151652970574
1768628468.598461,2,501.0,662,340,1002,synthetic-7B,32,4096,32,32000,1037.4065488638112,1244.8878586365734,622.4439293182867,False,True,float16,218.10656310820997,101.03142742432043
1768628468.5985157,16,501.0625,997,130,8017,synthetic-7B,32,4096,32,32000,7286.156374030943,8743.387648837132,4371.693824418566,False,True,float16,415.876225058587,381.77622290857624
1768628468.5985787,2,445.0,496,394,890,synthetic-7B,32,4096,32,32000,1172.5336020395177,1407.0403224474212,703.5201612237106,False,True,float16,110.28964970506716,176.9769688537628
1768628468.598634,1,326.0,326,326,326,synthetic-7B,32,4096,32,32000,297.85182363455147,357.42218836146174,178.71109418073087,False,True,float16,188.82095589665875,185.32596545235992
1768628468.5986898,32,473.3125,985,63,15146,synthetic-7B,32,4096,32,32000,14067.65697376322,16881.188368515865,8440.594184257932,False,False,float16,122.49712812367287,275.32560449770887
1768628468.598745,16,564.75,943,62,9036,synthetic-7B,32,4096,32,32000,9735.674435547273,11682.809322656727,5841.4046613283635,False,False,float16,311.0117590533722,426.0645923045837
1768628468.5988007,8,515.75,866,134,4126,synthetic-7B,32,4096,32,32000,2990.674015411917,3588.8088184943003,1794.4044092471502,True,False,float16,320.65713995639544,217.27516644514378
1768628468.5988598,1,352.0,352,352,352,synthetic-7B,32,4096,32,32000,298.17018942567705,357.80422731081245,178.90211365540623,False,True,float16,247.2257916050799,75.85531866672434
1768628468.598915,4,678.75,945,119,2715,synthetic-7B,32,4096,32,32000,3175.051942123772,3810.062330548526,1905.031165274263,False,False,float16,100.6308615133845,169.05779270644288
1768628468.5989707,2,603.5,950,257,1207,synthetic-7B,32,4096,32,32000,819.6572407183623,983.5886888620348,491.7943444310174,True,True,float16,153.87301035898776,399.0444580804302
1768628468.5990267,1,491.0,491,491,491,synthetic-7B,32,4096,32,32000,477.2779354543323,572.7335225451988,286.3667612725994,False,False,float16,298.3835919198147,152.6884343475136
1768628468.5990818,2,734.0,972,496,1468,synthetic-7B,32,4096,32,32000,1526.6067050106083,1831.92804601273,915.964023006365,False,True,float16,202.681044644668,453.01221525695274
1768628468.5991373,1,107.0,107,107,107,synthetic-7B,32,4096,32,32000,99.48402104246054,119.38082525095264,59.69041262547632,True,True,float16,492.9823605579343,407.0328664266622
1768628468.5991971,16,543.25,996,77,8692,synthetic-7B,32,4096,32,32000,6635.2063870072125,7962.247664408655,3981.1238322043273,True,True,float16,424.61793623128654,301.21632192077396
1768628468.5992548,2,518.0,847,189,1036,synthetic-7B,32,4096,32,32000,916.4477086324483,1099.737250358938,549.868625179469,True,True,float16,215.92717350676537,178.20222289393948
1768628468.5993114,8,574.375,912,143,4595,synthetic-7B,32,4096,32,32000,3643.866122082396,4372.639346498875,2186.3196732494375,True,True,float16,347.92443397689965,89.19546774233149
1768628468.5993664,4,262.75,427,121,1051,synthetic-7B,32,4096,32,32000,1151.527154321517,1381.8325851858203,690.9162925929102,False,True,float16,265.95113100540846,480.3782271878688
1768628468.599423,8,529.0,996,130,4232,synthetic-7B,32,4096,32,32000,3616.6304682959617,4339.956561955154,2169.978280977577,False,True,float16,176.05521447892409,280.85449123198543
1768628468.5994794,2,802.5,980,625,1605,synthetic-7B,32,4096,32,32000,1369.8166223644375,1643.779946837325,821.8899734186625,True,True,float16,231.59681016137475,214.47215263693363
1768628468.5995383,16,590.125,916,237,9442,synthetic-7B,32,4096,32,32000,9207.5107402409,11049.012888289079,5524.506444144539,False,True,float16,326.2285320086858,105.49323252651602
1768628468.5995948,8,644.0,868,124,5152,synthetic-7B,32,4096,32,32000,5866.3207653566615,7039.584918427993,3519.7924592139966,False,True,float16,185.56153378837644,450.7527057012855
1768628468.5996513,8,581.125,921,86,4649,synthetic-7B,32,4096,32,32000,4022.9075583909835,4827.48907006918,2413.74453503459,False,True,float16,366.0850541363402,63.40296337451566
1768628468.599707,32,520.65625,959,53,16661,synthetic-7B,32,4096,32,32000,16707.761206063653,20049.31344727638,10024.65672363819,False,False,float16,428.0429508043634,402.21712464051853
1768628468.5997624,2,412.0,646,178,824,synthetic-7B,32,4096,32,32000,649.9034687677259,779.8841625212712,389.9420812606356,True,False,float16,277.22779492139495,97.79878348734347
1768628468.5998192,4,525.0,720,309,2100,synthetic-7B,32,4096,32,32000,1647.4676430401905,1976.9611716482286,988.4805858241143,True,True,float16,460.7617081627956,208.24183184160918
1768628468.5998805,32,483.15625,987,127,15461,synthetic-7B,32,4096,32,32000,15941.909638959361,19130.29156675123,9565.145783375616,False,True,float16,117.0728576568981,173.0786145243243
1768628468.5999374,2,176.5,194,159,353,synthetic-7B,32,4096,32,32000,356.3576684814589,427.6292021777507,213.81460108887535,False,True,float16,403.91089935661296,107.94832707217623
1768628468.5999937,1,689.0,689,689,689,synthetic-7B,32,4096,32,32000,415.85565438770334,499.026785265244,249.513392632622,True,True,float16,463.4602255010962,307.00396261832213
1768628468.6000495,16,498.3125,979,82,7973,synthetic-7B,32,4096,32,32000,4217.954444229159,5061.545333074991,2530.7726665374953,True,True,float16,100.96238845891202,50.086321631435084
1768628468.6001062,2,895.0,947,843,1790,synthetic-7B,32,4096,32,32000,1850.1824586249081,2220.21895034989,1110.109475174945,False,False,float16,387.82572627928175,211.17327805890193
1768628468.600163,16,488.5,964,83,7816,synthetic-7B,32,4096,32,32000,7326.65500351064,8791.986004212768,4395.993002106384,False,False,float16,383.2760030726524,347.6216928966589
1768628468.600218,1,205.0,205,205,205,synthetic-7B,32,4096,32,32000,208.18499390380111,249.82199268456134,124.91099634228067,False,True,float16,467.8664920389179,355.6430644487543
1768628468.6002786,32,497.75,995,70,15928,synthetic-7B,32,4096,32,32000,15984.524450221985,19181.429340266382,9590.714670133191,False,True,float16,140.03448267648454,468.95595494394115
1768628468.6003356,16,483.3125,850,51,7733,synthetic-7B,32,4096,32,32000,5880.718481017176,7056.862177220611,3528.4310886103053,True,True,float16,265.73739763301097,398.05289098274176
1768628468.6003919,32,426.25,982,59,13640,synthetic-7B,32,4096,32,32000,16775.57951952193,20130.695423426314,10065.347711713157,False,False,float16,152.50406436967054,423.4663276375416
1768628468.6004477,2,305.0,435,175,610,synthetic-7B,32,4096,32,32000,593.3739603533136,712.0487524239762,356.0243762119881,False,True,float16,467.32521621610175,393.31228649311544
1768628468.6005044,1,135.0,135,135,135,synthetic-7B,32,4096,32,32000,76.08224026836183,91.2986883220342,45.6493441610171,True,True,float16,336.2834035535194,155.1945023887462
1768628468.6005595,1,422.0,422,422,422,synthetic-7B,32,4096,32,32000,507.3929082106986,608.8714898528383,304.43574492641915,False,True,float16,457.5141407471359,415.740221164034
1768628468.600615,2,581.0,651,511,1162,synthetic-7B,32,4096,32,32000,894.6686782746161,1073.6024139295394,536.8012069647697,True,True,float16,148.39542680854603,139.34227893658826
1768628468.600671,4,400.5,959,137,1602,synthetic-7B,32,4096,32,32000,1241.2553167362294,1489.5063800834753,744.7531900417376,True,True,float16,236.97855499176544,295.6751533420236
1768628468.6007273,32,554.125,979,77,17732,synthetic-7B,32,4096,32,32000,18617.062840354694,22340.47540842563,11170.237704212816,False,True,float16,157.84923278316643,231.25557377075415
1768628468.600784,32,555.65625,966,64,17781,synthetic-7B,32,4096,32,32000,16908.946633680865,20290.735960417038,10145.367980208519,False,True,float16,314.7830680151646,112.96111273230645
1768628468.6008403,1,950.0,950,950,950,synthetic-7B,32,4096,32,32000,793.5791273812501,952.2949528575001,476.14747642875005,False,True,float16,152.07323955402666,300.1240244615544
1768628468.6008968,1,242.0,242,242,242,synthetic-7B,32,4096,32,32000,261.29821461615137,313.55785753938164,156.77892876969082,False,False,float16,413.3266910660508,274.2472385184789
1768628468.6009667,2,221.0,389,53,442,synthetic-7B,32,4096,32,32000,303.98638802969634,364.7836656356356,182.3918328178178,True,True,float16,210.59702698388702,348.51661978957884
1768628468.6010294,2,899.0,958,840,1798,synthetic-7B,32,4096,32,32000,1369.9587981916272,1643.9505578299527,821.9752789149763,True,False,float16,187.18380325578292,315.59663282271606
1768628468.601087,1,882.0,882,882,882,synthetic-7B,32,4096,32,32000,842.4542071173449,1010.9450485408139,505.47252427040695,False,True,float16,118.15106498879659,185.41616970626563
1768628468.6011481,32,543.9375,973,52,17406,synthetic-7B,32,4096,32,32000,20482.53802092156,24579.045625105868,12289.522812552934,False,True,float16,333.8107994941678,115.22087450852797
1768628468.6012037,1,623.0,623,623,623,synthetic-7B,32,4096,32,32000,415.87102667418753,499.045232009025,249.5226160045125,True,False,float16,283.4531623214588,487.94463336070186
1768628468.6012611,32,612.28125,985,69,19593,synthetic-7B,32,4096,32,32000,19681.42294434659,23617.707533215904,11808.853766607952,False,True,float16,302.25978708349464,493.0763428397795
1768628468.6013174,16,543.0,987,77,8688,synthetic-7B,32,4096,32,32000,9351.06602661941,11221.279231943292,5610.639615971646,False,True,float16,302.2479030334973,326.77744492197843
1768628468.6013737,32,525.0,903,76,16800,synthetic-7B,32,4096,32,32000,19138.8729175956,22966.64750111472,11483.32375055736,False,True,float16,244.5701101558301,165.8747967075246
1768628468.6014292,4,495.25,892,97,1981,synthetic-7B,32,4096,32,32000,1638.9064351684451,1966.687722202134,983.343861101067,True,True,float16,211.96926029840245,361.26767411875943
1768628468.601486,1,565.0,565,565,565,synthetic-7B,32,4096,32,32000,529.5266398509309,635.431967821117,317.7159839105585,False,False,float16,347.9127997673029,83.07731894108421
1768628468.6015413,4,741.75,915,386,2967,synthetic-7B,32,4096,32,32000,2254.1653285067587,2704.9983942081103,1352.4991971040552,True,True,float16,220.69543559481124,288.56745974554826
1768628468.6015968,32,505.21875,954,57,16167,synthetic-7B,32,4096,32,32000,15920.532138152541,19104.638565783047,9552.319282891523,False,True,float16,321.70894836402795,336.9050715962259
1768628468.6016521,1,356.0,356,356,356,synthetic-7B,32,4096,32,32000,391.634607718352,469.9615292620224,234.9807646310112,False,True,float16,371.34980787510005,160.4212210945285
1768628468.6017122,2,766.5,808,725,1533,synthetic-7B,32,4096,32,32000,1291.8017807371361,1550.1621368845633,775.0810684422817,False,False,float16,303.60511239584207,297.57686207572823
1768628468.6017692,1,471.0,471,471,471,synthetic-7B,32,4096,32,32000,397.4628652307474,476.95543827689687,238.47771913844844,True,True,float16,159.4101819600108,448.9595232983337
1768628468.6018252,1,599.0,599,599,599,synthetic-7B,32,4096,32,32000,422.5971042023617,507.11652504283404,253.55826252141702,True,False,float16,493.1169149289126,293.4784051045435
1768628468.601881,1,751.0,751,751,751,synthetic-7B,32,4096,32,32000,677.3487910685272,812.8185492822327,406.4092746411163,False,True,float16,267.7711773606708,160.56388218459574
1768628468.601937,32,514.0625,999,65,16450,synthetic-7B,32,4096,32,32000,12689.47482220706,15227.36978664847,7613.684893324235,True,True,float16,375.30862579834576,276.24521537618784
1768628468.6020043,8,698.125,900,361,5585,synthetic-7B,32,4096,32,32000,5821.9461982088005,6986.33543785056,3493.16771892528,False,True,float16,289.7904775211472,130.0648261965526
1768628468.6020613,4,669.0,962,510,2676,synthetic-7B,32,4096,32,32000,3046.3726774824518,3655.647212978942,1827.823606489471,False,False,float16,453.41360249715353,78.26203546600865
1768628468.6021175,2,476.5,783,170,953,synthetic-7B,32,4096,32,32000,1066.1711070569866,1279.405328468384,639.702664234192,False,True,float16,406.8002557103259,457.40094881038715
1768628468.602174,1,387.0,387,387,387,synthetic-7B,32,4096,32,32000,398.6915660068896,478.4298792082675,239.21493960413375,False,True,float16,243.8966128111736,144.4847760021348
1768628468.6022303,4,480.75,916,93,1923,synthetic-7B,32,4096,32,32000,2294.8926190700304,2753.8711428840365,1376.9355714420183,False,False,float16,148.21857125012357,286.4801413297451
1768628468.6022894,1,947.0,947,947,947,synthetic-7B,32,4096,32,32000,924.8747508722988,1109.8497010467586,554.9248505233793,False,True,float16,480.8649306324372,22.497034032390143
1768628468.6023467,4,530.5,960,131,2122,synthetic-7B,32,4096,32,32000,1725.8535274743158,2071.0242329691787,1035.5121164845893,True,True,float16,193.5924988605398,253.00911058258066
1768628468.6024053,8,487.5,904,167,3900,synthetic-7B,32,4096,32,32000,3733.987756147124,4480.785307376548,2240.392653688274,False,True,float16,409.4638574035241,402.4220731636166
1768628468.602462,4,508.0,789,188,2032,synthetic-7B,32,4096,32,32000,2028.330286643655,2433.996343972386,1216.998171986193,False,True,float16,218.379606879166,376.6883084872672
1768628468.602522,16,567.75,984,59,9084,synthetic-7B,32,4096,32,32000,8696.024594405082,10435.229513286098,5217.614756643049,False,True,float16,162.5308422893059,339.75863032892454
1768628468.6025774,4,499.5,754,118,1998,synthetic-7B,32,4096,32,32000,2242.2798752100502,2690.73585025206,1345.36792512603,False,True,float16,128.4143016118675,212.14347635174667
1768628468.6026337,16,570.0625,898,190,9121,synthetic-7B,32,4096,32,32000,10056.131570740416,12067.357884888499,6033.6789424442495,False,True,float16,498.93251121951914,164.63183419213638
1768628468.6026902,32,596.4375,982,75,19086,synthetic-7B,32,4096,32,32000,14916.082610382862,17899.299132459433,8949.649566229717,True,False,float16,113.87251437743254,412.58028909990014
1768628468.6027465,2,386.0,585,187,772,synthetic-7B,32,4096,32,32000,774.4790177166769,929.3748212600123,464.6874106300061,False,True,float16,162.43004014814318,310.4567673224504
1768628468.6028025,2,169.0,232,106,338,synthetic-7B,32,4096,32,32000,335.83474998223784,403.0016999786854,201.5008499893427,False,True,float16,281.01058516579087,117.58791903842688
1768628468.6028607,8,562.25,934,267,4498,synthetic-7B,32,4096,32,32000,4227.2124974088065,5072.654996890567,2536.3274984452837,False,True,float16,136.3439495212153,311.62229186969597
1768628468.602918,8,391.875,886,85,3135,synthetic-7B,32,4096,32,32000,2752.5933823630703,3303.1120588356844,1651.5560294178422,True,True,float16,343.167262531056,10.807154218655334
1768628468.602975,32,481.25,993,75,15400,synthetic-7B,32,4096,32,32000,10751.261505856724,12901.513807028068,6450.756903514034,True,True,float16,367.96522054499457,86.6029960287517
1768628468.6030314,1,890.0,890,890,890,synthetic-7B,32,4096,32,32000,785.9464401613998,943.1357281936797,471.56786409683986,False,True,float16,269.79276610696866,386.86056926782805
1768628468.6030877,32,572.25,975,70,18312,synthetic-7B,32,4096,32,32000,15850.470235297775,19020.56428235733,9510.282141178664,False,True,float16,136.1963535297171,415.2695295167481
1768628468.6031482,2,591.5,725,458,1183,synthetic-7B,32,4096,32,32000,1173.5307442167887,1408.2368930601463,704.1184465300731,False,True,float16,258.84415421400195,417.06907868616867
1768628468.603206,8,411.75,801,97,3294,synthetic-7B,32,4096,32,32000,2242.0750906101766,2690.490108732212,1345.245054366106,True,True,float16,110.8876825043795,375.9987534565583
1768628468.6032622,1,796.0,796,796,796,synthetic-7B,32,4096,32,32000,788.2837098443699,945.9404518132438,472.9702259066219,False,False,float16,495.6126236483117,293.1874823341316
1768628468.603319,16,535.0,977,74,8560,synthetic-7B,32,4096,32,32000,8054.442290862495,9665.330749034993,4832.665374517496,False,True,float16,404.46414789395124,40.21848118390356
1768628468.603376,8,473.5,705,277,3788,synthetic-7B,32,4096,32,32000,3851.512587681462,4621.815105217754,2310.907552608877,False,False,float16,484.5723384825607,112.49201347361758
1768628468.603432,16,421.9375,725,127,6751,synthetic-7B,32,4096,32,32000,7697.107064362906,9236.528477235488,4618.264238617744,False,True,float16,162.50139923430567,324.070047368198
1768628468.6034877,32,575.34375,997,122,18411,synthetic-7B,32,4096,32,32000,17432.332281252508,20918.79873750301,10459.399368751505,False,True,float16,323.1120161257801,42.4538782971326
1768628468.6035433,4,624.5,961,138,2498,synthetic-7B,32,4096,32,32000,2657.2875623077425,3188.745074769291,1594.3725373846455,False,False,float16,312.4019375347747,159.03576924049312
1768628468.603599,4,401.75,851,104,1607,synthetic-7B,32,4096,32,32000,1442.8700130092313,1731.4440156110775,865.7220078055387,False,True,float16,320.36416730846224,483.477836521924
1768628468.6036549,16,613.5625,949,136,9817,synthetic-7B,32,4096,32,32000,10845.85306456263,13015.023677475156,6507.511838737578,False,True,float16,165.98718853155071,39.3328059088934
1768628468.6037102,16,517.9375,958,62,8287,synthetic-7B,32,4096,32,32000,9230.379064804441,11076.454877765329,5538.2274388826645,False,True,float16,208.03947908476283,51.69504242289213
1768628468.6037664,32,491.40625,924,51,15725,synthetic-7B,32,4096,32,32000,14559.449739466732,17471.33968736008,8735.66984368004,False,True,float16,405.9536918038061,144.31633045046715
1768628468.6038284,8,540.25,811,72,4322,synthetic-7B,32,4096,32,32000,4224.573869702535,5069.488643643042,2534.744321821521,False,True,float16,335.3223843702121,291.22617618792736
1768628468.6038857,32,504.84375,983,85,16155,synthetic-7B,32,4096,32,32000,19951.458635907446,23941.750363088933,11970.875181544467,False,True,float16,363.1716261977479,62.855969625841006
1768628468.6039414,16,399.0625,938,117,6385,synthetic-7B,32,4096,32,32000,7046.1567119606125,8455.388054352734,4227.694027176367,False,True,float16,307.13270165331045,130.13929962073655
1768628468.6039975,1,974.0,974,974,974,synthetic-7B,32,4096,32,32000,959.5769508116907,1151.4923409740288,575.7461704870144,False,True,float16,282.52325958072385,242.0650043550952
1768628468.6040533,1,982.0,982,982,982,synthetic-7B,32,4096,32,32000,788.592648157141,946.3111777885691,473.15558889428456,True,True,float16,175.50096371939352,192.22619164884827
1768628468.6041098,8,674.0,997,252,5392,synthetic-7B,32,4096,32,32000,4320.123689312339,5184.148427174806,2592.074213587403,True,True,float16,345.52667431807583,189.3079530516062
1768628468.604166,2,236.5,327,146,473,synthetic-7B,32,4096,32,32000,309.05308248582764,370.8636989829932,185.4318494914966,True,False,float16,234.7534101127954,175.98839893242737
1768628468.6042237,4,646.0,947,155,2584,synthetic-7B,32,4096,32,32000,2164.727641198476,2597.673169438171,1298.8365847190855,False,True,float16,389.01249975144304,205.68507077096928
1768628468.6042798,8,423.125,920,76,3385,synthetic-7B,32,4096,32,32000,3073.341844320894,3688.0102131850726,1844.0051065925363,False,False,float16,246.28353151782613,465.06549013538756
1768628468.6043367,2,543.5,769,318,1087,synthetic-7B,32,4096,32,32000,1220.1637211339926,1464.196465360791,732.0982326803955,False,False,float16,178.6270246921627,326.3901974956897
1768628468.6043935,32,564.1875,977,62,18054,synthetic-7B,32,4096,32,32000,20801.528348784985,24961.83401854198,12480.91700927099,False,False,float16,396.5032963794091,39.90848886424945
1768628468.6044497,1,981.0,981,981,981,synthetic-7B,32,4096,32,32000,1249.0405047007234,1498.848605640868,749.424302820434,False,True,float16,333.9194890383369,116.94268514204533
1768628468.6045053,8,403.0,789,64,3224,synthetic-7B,32,4096,32,32000,3641.1300041255586,4369.3560049506705,2184.6780024753352,False,True,float16,418.41754632080034,345.2606665608487
1768628468.6045656,2,436.5,693,180,873,synthetic-7B,32,4096,32,32000,844.1442144766179,1012.9730573719414,506.4865286859707,False,False,float16,464.975916172329,395.1381419140141
1768628468.6046221,2,626.0,945,307,1252,synthetic-7B,32,4096,32,32000,1256.1542496097463,1507.3850995316955,753.6925497658477,False,False,float16,456.88234409343215,326.41001870345883
1768628468.6046786,1,816.0,816,816,816,synthetic-7B,32,4096,32,32000,870.1057424930625,1044.126890991675,522.0634454958375,False,True,float16,339.659061021011,309.55233790381453
1768628468.6047366,4,594.0,854,102,2376,synthetic-7B,32,4096,32,32000,1924.8921320348504,2309.8705584418203,1154.9352792209102,True,False,float16,225.9197621889586,77.51621996166723
1768628468.6047928,32,585.75,986,110,18744,synthetic-7B,32,4096,32,32000,16368.918490498085,19642.7021885977,9821.35109429885,False,False,float16,238.84123752844616,247.30398972603447
1768628468.6048489,8,415.125,975,96,3321,synthetic-7B,32,4096,32,32000,3107.14440863463,3728.573290361556,1864.286645180778,False,True,float16,312.61780948696423,127.00700157245583
1768628468.6049058,8,453.875,871,150,3631,synthetic-7B,32,4096,32,32000,2888.399013762391,3466.0788165148692,1733.0394082574346,True,False,float16,443.1234195416742,79.54228965953186
1768628468.604977,16,550.75,916,224,8812,synthetic-7B,32,4096,32,32000,7004.866964211852,8405.840357054221,4202.920178527111,True,False,float16,262.79395122395294,240.5420392009802
1768628468.605035,16,591.4375,995,66,9463,synthetic-7B,32,4096,32,32000,8688.732585299302,10426.479102359162,5213.239551179581,False,True,float16,247.01944431576152,406.87279462123297
1768628468.6050916,2,575.0,725,425,1150,synthetic-7B,32,4096,32,32000,916.0251977609998,1099.2302373131997,549.6151186565999,True,True,float16,409.8468293089647,256.4665272165073
1768628468.605153,8,453.875,892,90,3631,synthetic-7B,32,4096,32,32000,4516.387378188954,5419.664853826745,2709.8324269133723,False,True,float16,211.34128419159111,397.15821036559583
1768628468.6052094,1,199.0,199,199,199,synthetic-7B,32,4096,32,32000,160.11526909371517,192.1383229124582,96.0691614562291,True,True,float16,181.20967492432942,101.21695863409971
1768628468.6052692,16,451.9375,968,77,7231,synthetic-7B,32,4096,32,32000,5564.55516786005,6677.466201432059,3338.7331007160296,True,True,float16,128.06858664931454,336.6546969610398
1768628468.6053264,8,584.5,993,53,4676,synthetic-7B,32,4096,32,32000,4658.912436986592,5590.694924383911,2795.3474621919554,False,True,float16,329.6981883740075,49.600977750589635
1768628468.6053817,1,596.0,596,596,596,synthetic-7B,32,4096,32,32000,655.7301763765751,786.87621165189,393.438105825945,False,True,float16,375.77089320311575,127.38769826471665
1768628468.605439,1,458.0,458,458,458,synthetic-7B,32,4096,32,32000,409.3127770748002,491.1753324897602,245.5876662448801,True,True,float16,292.0794040194021,371.28920146159936
1768628468.6054964,4,590.75,928,247,2363,synthetic-7B,32,4096,32,32000,2313.2988333221506,2775.958599986581,1387.9792999932904,False,False,float16,449.0339048496406,360.0225795270213
1768628468.605553,8,366.5,837,56,2932,synthetic-7B,32,4096,32,32000,2882.4846160707616,3458.9815392849137,1729.4907696424568,False,True,float16,481.4344954327348,12.617914174335496
1768628468.605609,1,366.0,366,366,366,synthetic-7B,32,4096,32,32000,397.0236498104491,476.4283797725389,238.21418988626945,False,True,float16,106.58652547621492,451.7240939039718
1768628468.6056664,4,652.25,888,387,2609,synthetic-7B,32,4096,32,32000,1899.6921872684043,2279.630624722085,1139.8153123610425,True,False,float16,409.631943132624,312.06405889261066
1768628468.6057227,2,247.5,353,142,495,synthetic-7B,32,4096,32,32000,411.3653918813093,493.6384702575711,246.81923512878555,False,True,float16,377.24281405886313,281.10037978908787
1768628468.6057792,32,490.25,928,108,15688,synthetic-7B,32,4096,32,32000,14919.536312786422,17903.443575343706,8951.721787671853,False,True,float16,351.6777217804795,252.01315724208064
1768628468.6058352,1,589.0,589,589,589,synthetic-7B,32,4096,32,32000,515.2675966247239,618.3211159496686,309.1605579748343,False,True,float16,116.98184405773281,145.47152907184326
1768628468.6058915,4,405.75,631,193,1623,synthetic-7B,32,4096,32,32000,1417.4102863111189,1700.8923435733425,850.4461717866712,True,True,float16,227.68158826136928,477.5425050022358
1768628468.6059527,2,635.0,804,466,1270,synthetic-7B,32,4096,32,32000,798.7641330015983,958.516959601918,479.258479800959,True,True,float16,185.7698579249285,219.4615664631699
1768628468.6060233,4,475.25,722,82,1901,synthetic-7B,32,4096,32,32000,1422.8840770939,1707.46089251268,853.73044625634,True,False,float16,430.49274011928827,308.2288663528182
1768628468.6060812,8,493.5,921,104,3948,synthetic-7B,32,4096,32,32000,4791.414575072154,5749.697490086584,2874.848745043292,False,True,float16,312.9563758699684,479.08026276769004
1768628468.6061373,2,864.0,974,754,1728,synthetic-7B,32,4096,32,32000,1673.4496985046376,2008.139638205565,1004.0698191027825,False,False,float16,469.77754786376306,99.46216081596444
1768628468.6061943,2,476.5,539,414,953,synthetic-7B,32,4096,32,32000,687.2007824206355,824.6409389047626,412.3204694523813,True,True,float16,256.0964273617668,260.04319357865137
1768628468.6062515,32,534.40625,900,76,17101,synthetic-7B,32,4096,32,32000,18352.06951698963,22022.483420387558,11011.241710193779,False,True,float16,217.7273306115879,253.0267083181722
1768628468.6063077,4,500.75,882,146,2003,synthetic-7B,32,4096,32,32000,1663.422827289203,1996.1073927470436,998.0536963735218,True,True,float16,349.0811559345202,331.237252595213
1768628468.6063633,1,403.0,403,403,403,synthetic-7B,32,4096,32,32000,448.39773394079054,538.0772807289486,269.0386403644743,False,True,float16,241.59329528728804,238.30412424933763
1768628468.606425,32,479.375,988,107,15340,synthetic-7B,32,4096,32,32000,12447.976007895937,14937.571209475123,7468.785604737562,True,True,float16,191.40367104449237,318.66862732638276
1768628468.6064801,4,539.25,877,278,2157,synthetic-7B,32,4096,32,32000,2404.036224066701,2884.843468880041,1442.4217344400206,False,True,float16,344.217983473074,337.1283428101167
1768628468.606541,1,585.0,585,585,585,synthetic-7B,32,4096,32,32000,643.9969624407937,772.7963549289524,386.3981774644762,False,True,float16,458.7533997640038,206.595850493085
1768628468.6065984,32,484.375,950,119,15500,synthetic-7B,32,4096,32,32000,11224.819486295019,13469.783383554022,6734.891691777011,True,True,float16,268.56793606928983,419.66514898161853
1768628468.606655,32,554.03125,990,53,17729,synthetic-7B,32,4096,32,32000,21376.089021485095,25651.306825782114,12825.653412891057,False,True,float16,491.6245135944027,434.5457351310623
1768628468.6067147,32,493.25,988,77,15784,synthetic-7B,32,4096,32,32000,17376.55038069917,20851.860456839004,10425.930228419502,False,True,float16,471.2308420560882,212.44735510337983
1768628468.6067705,1,952.0,952,952,952,synthetic-7B,32,4096,32,32000,835.4358913361564,1002.5230696033876,501.2615348016938,False,True,float16,413.45963947512587,468.8516207425584
1768628468.6068265,4,565.75,887,332,2263,synthetic-7B,32,4096,32,32000,1623.752699949802,1948.5032399397624,974.2516199698812,True,True,float16,172.96522608402114,447.1960292150107
1768628468.6068826,2,748.0,902,594,1496,synthetic-7B,32,4096,32,32000,1825.543847801719,2190.6526173620628,1095.3263086810314,False,True,float16,296.76417072034496,61.62082248968385
1768628468.6069388,1,854.0,854,854,854,synthetic-7B,32,4096,32,32000,732.1205298347566,878.5446358017078,439.2723179008539,False,True,float16,136.88431370855682,342.99631531166693
1768628468.6069958,2,400.5,480,321,801,synthetic-7B,32,4096,32,32000,557.0639211154275,668.476705338513,334.2383526692565,True,True,float16,225.3489887516885,362.86758474758466
1768628468.6070518,8,597.0,986,280,4776,synthetic-7B,32,4096,32,32000,5138.709042755094,6166.450851306113,3083.2254256530564,False,True,float16,495.92036043410064,244.40458758469995
1768628468.6071074,16,468.375,834,56,7494,synthetic-7B,32,4096,32,32000,7897.333112524597,9476.799735029515,4738.399867514758,False,True,float16,317.07401097238795,425.75151058980464
1768628468.6071672,8,516.5,829,99,4132,synthetic-7B,32,4096,32,32000,3907.1108366352255,4688.53300396227,2344.266501981135,False,True,float16,362.0719341551634,377.6016053838948
1768628468.6072254,2,327.5,469,186,655,synthetic-7B,32,4096,32,32000,487.8387664372828,585.4065197247394,292.7032598623697,True,True,float16,402.1862122445944,145.22868902545676
1768628468.6072812,1,646.0,646,646,646,synthetic-7B,32,4096,32,32000,657.8344451579948,789.4013341895937,394.70066709479687,False,True,float16,203.66439236361418,259.126040736262
1768628468.6073372,2,973.0,996,950,1946,synthetic-7B,32,4096,32,32000,1483.4513213123967,1780.141585574876,890.070792787438,True,True,float16,421.8897585941838,247.7636456168298
1768628468.6073966,4,614.0,967,111,2456,synthetic-7B,32,4096,32,32000,3030.9021873870797,3637.0826248644958,1818.5413124322479,False,True,float16,425.554542824103,362.8839620514381
1768628468.6074524,2,423.5,712,135,847,synthetic-7B,32,4096,32,32000,809.1653730472415,970.9984476566897,485.49922382834484,False,False,float16,412.294924784369,103.72652058420226
1768628468.6075084,16,472.3125,968,78,7557,synthetic-7B,32,4096,32,32000,8230.699577527877,9876.839493033453,4938.419746516726,False,True,float16,370.3534596439992,259.48504413178784
1768628468.6075654,1,246.0,246,246,246,synthetic-7B,32,4096,32,32000,190.68420378751802,228.8210445450216,114.4105222725108,True,True,float16,209.85479846603337,473.4352927722583
1768628468.60762,2,648.5,828,469,1297,synthetic-7B,32,4096,32,32000,1093.4225014286183,1312.1070017143418,656.0535008571709,True,True,float16,462.9691362048712,436.8337048048118
1768628468.6076765,8,612.5,912,62,4900,synthetic-7B,32,4096,32,32000,3677.2804101465117,4412.7364921758135,2206.3682460879068,True,True,float16,169.12073883482617,464.1208722900121
1768628468.6077318,16,481.9375,958,95,7711,synthetic-7B,32,4096,32,32000,8480.404490890483,10176.485389068579,5088.2426945342895,False,True,float16,377.08201814531617,31.05671603381346
1768628468.6077917,32,563.125,987,62,18020,synthetic-7B,32,4096,32,32000,20258.42745555035,24310.11294666042,12155.05647333021,False,False,float16,184.9661223593846,201.84704490805626
1768628468.6078475,32,468.3125,975,65,14986,synthetic-7B,32,4096,32,32000,15240.197955687694,18288.237546825232,9144.118773412616,False,True,float16,280.307463808399,351.07292106144286
1768628468.6079032,1,113.0,113,113,113,synthetic-7B,32,4096,32,32000,88.06611268817144,105.67933522580573,52.839667612902865,False,True,float16,336.4315305789801,310.8565495771066
1768628468.6079588,2,377.0,473,281,754,synthetic-7B,32,4096,32,32000,566.5033366410443,679.8040039692531,339.90200198462657,True,True,float16,486.84667884475107,127.93302716759518
1768628468.6080148,16,545.5,948,96,8728,synthetic-7B,32,4096,32,32000,8852.143898251392,10622.57267790167,5311.286338950835,False,False,float16,236.71554248036114,401.95394907145027
1768628468.6080701,16,561.375,976,126,8982,synthetic-7B,32,4096,32,32000,10014.758495134427,12017.710194161313,6008.855097080656,False,True,float16,415.3790354887442,132.82873575525718
1768628468.60813,16,539.5,962,78,8632,synthetic-7B,32,4096,32,32000,8064.710327298518,9677.65239275822,4838.82619637911,False,True,float16,430.8803704203235,406.01650275689667
1768628468.6081855,8,452.0,996,129,3616,synthetic-7B,32,4096,32,32000,3647.443309845947,4376.931971815136,2188.465985907568,False,True,float16,169.1310516077337,165.2051298755755
1768628468.6082404,1,713.0,713,713,713,synthetic-7B,32,4096,32,32000,547.4054556617646,656.8865467941174,328.4432733970587,True,True,float16,109.3149653673112,440.6329346607332
1768628468.6082966,16,507.375,915,76,8118,synthetic-7B,32,4096,32,32000,8675.476299411981,10410.571559294376,5205.285779647188,False,True,float16,309.90978303249585,61.75868063297345
1768628468.6083517,1,704.0,704,704,704,synthetic-7B,32,4096,32,32000,716.3419874680302,859.6103849616362,429.8051924808181,False,True,float16,331.12645357393603,174.1721015566863
1768628468.608407,1,406.0,406,406,406,synthetic-7B,32,4096,32,32000,373.3079244404548,447.96950932854577,223.98475466427288,False,True,float16,377.07170873093435,63.378871900987576
1768628468.608462,2,728.0,885,571,1456,synthetic-7B,32,4096,32,32000,1212.425331233655,1454.9103974803859,727.4551987401929,True,False,float16,288.6963398527866,283.9802675063972
1768628468.608518,32,541.0,959,75,17312,synthetic-7B,32,4096,32,32000,16683.937367494913,20020.724840993895,10010.362420496947,False,True,float16,435.5881955839729,13.761548820221844
1768628468.6085734,1,761.0,761,761,761,synthetic-7B,32,4096,32,32000,768.4659798013375,922.159175761605,461.0795878808025,False,True,float16,489.94459543152846,118.50951900788395
1768628468.6086311,2,613.5,914,313,1227,synthetic-7B,32,4096,32,32000,1256.1651088090152,1507.3981305708182,753.6990652854091,False,True,float16,306.53308537396975,18.567591821454677
1768628468.6086872,8,384.875,958,138,3079,synthetic-7B,32,4096,32,32000,3427.8698843370316,4113.443861204438,2056.721930602219,False,True,float16,434.2554511805503,446.53868447121505
1768628468.608743,8,623.5,972,159,4988,synthetic-7B,32,4096,32,32000,4612.162533256287,5534.595039907545,2767.2975199537723,False,True,float16,231.8442230404189,263.3958120615754
1768628468.608804,4,591.25,821,197,2365,synthetic-7B,32,4096,32,32000,2261.8675135493145,2714.2410162591773,1357.1205081295886,False,True,float16,427.03180205452355,497.6092645693765
1768628468.608859,4,508.0,960,232,2032,synthetic-7B,32,4096,32,32000,1973.8366538527903,2368.6039846233484,1184.3019923116742,False,True,float16,129.39730400687307,288.1712286638125
1768628468.6089158,16,539.25,983,50,8628,synthetic-7B,32,4096,32,32000,9241.86325732845,11090.23590879414,5545.11795439707,False,True,float16,426.3367389469024,191.54049022355136
1768628468.6089864,1,943.0,943,943,943,synthetic-7B,32,4096,32,32000,1021.784643554428,1226.1415722653137,613.0707861326568,False,True,float16,377.9549875306651,54.174219728584134
1768628468.609044,4,356.75,549,168,1427,synthetic-7B,32,4096,32,32000,1440.1010148694556,1728.1212178433468,864.0606089216734,False,True,float16,251.7442241246703,360.6346270174169
1768628468.6091037,32,569.5,981,66,18224,synthetic-7B,32,4096,32,32000,19007.09241501054,22808.510898012646,11404.255449006323,False,True,float16,471.80419779456895,101.91894926894845
1768628468.6091595,4,428.25,861,182,1713,synthetic-7B,32,4096,32,32000,1401.4155753894315,1681.6986904673179,840.8493452336589,True,True,float16,226.8355643595823,391.2572266141568
1768628468.6092172,32,517.4375,991,68,16558,synthetic-7B,32,4096,32,32000,16842.75396781785,20211.30476138142,10105.65238069071,False,True,float16,408.49571528465293,474.6304449044205
1768628468.609275,8,340.0,707,103,2720,synthetic-7B,32,4096,32,32000,2099.753706352759,2519.7044476233104,1259.8522238116552,True,True,float16,311.3973583877839,113.95961190702447
1768628468.609332,32,471.96875,959,87,15103,synthetic-7B,32,4096,32,32000,13650.8995081745,16381.0794098094,8190.5397049047,False,False,float16,119.68497731943603,246.17762063662175
1768628468.6093879,16,534.6875,980,118,8555,synthetic-7B,32,4096,32,32000,7976.768595664262,9572.122314797114,4786.061157398557,False,True,float16,168.6087156578755,380.49544401040254
1768628468.6094432,8,483.75,799,138,3870,synthetic-7B,32,4096,32,32000,3837.3496895010226,4604.819627401227,2302.4098137006135,False,True,float16,403.91050219543393,397.55447719233086
1768628468.609503,32,524.15625,966,62,16773,synthetic-7B,32,4096,32,32000,13158.04326426109,15789.651917113308,7894.825958556654,True,True,float16,206.85109380937087,94.15108223798978
1768628468.6095605,32,568.8125,985,57,18202,synthetic-7B,32,4096,32,32000,16496.19474744126,19795.43369692951,9897.716848464755,False,False,float16,324.03800565764857,324.19512436665383
1768628468.6096156,16,609.875,999,266,9758,synthetic-7B,32,4096,32,32000,6922.38428147724,8306.861137772687,4153.430568886343,True,True,float16,468.98936333690466,406.05822285449415
1768628468.6096714,16,534.125,995,80,8546,synthetic-7B,32,4096,32,32000,7305.2162915559875,8766.259549867185,4383.129774933593,True,True,float16,397.7166330721286,413.6467097371152
1768628468.6097267,16,517.25,982,77,8276,synthetic-7B,32,4096,32,32000,7462.08330731697,8954.499968780363,4477.249984390181,False,True,float16,159.89668532886344,192.62820231677625
1768628468.609782,8,535.25,938,153,4282,synthetic-7B,32,4096,32,32000,4704.381412830066,5645.25769539608,2822.62884769804,False,True,float16,121.20254695641748,465.4375223885756
1768628468.6098373,8,419.375,671,210,3355,synthetic-7B,32,4096,32,32000,3404.452083698134,4085.342500437761,2042.6712502188805,False,True,float16,268.4839883066504,392.7738664910838
1768628468.6098936,16,474.125,903,251,7586,synthetic-7B,32,4096,32,32000,8033.3638186977505,9640.0365824373,4820.01829121865,False,True,float16,142.0767956644275,429.94903260795496
1768628468.6099484,8,519.375,983,82,4155,synthetic-7B,32,4096,32,32000,4675.704576335554,5610.845491602664,2805.422745801332,False,True,float16,175.612259616933,486.02309871993964
1768628468.6100285,2,401.5,750,53,803,synthetic-7B,32,4096,32,32000,886.5931348160839,1063.9117617793006,531.9558808896503,False,True,float16,397.530477084788,152.63491445851128
1768628468.6100848,2,202.0,205,199,404,synthetic-7B,32,4096,32,32000,338.84418483563667,406.61302180276397,203.30651090138198,False,True,float16,229.67489046484627,119.40201750197316
1768628468.610144,8,423.125,853,51,3385,synthetic-7B,32,4096,32,32000,3549.851768332624,4259.822121999148,2129.911060999574,False,True,float16,146.20956532647352,498.3922803533256
1768628468.610202,1,368.0,368,368,368,synthetic-7B,32,4096,32,32000,304.6885249829447,365.62622997953366,182.81311498976683,True,True,float16,456.7717011721937,11.82356706257325
1768628468.6102617,8,516.75,951,85,4134,synthetic-7B,32,4096,32,32000,3369.4995526163257,4043.399463139591,2021.6997315697954,True,True,float16,301.6084854406982,356.5340853107214
1768628468.6103199,32,596.40625,999,78,19085,synthetic-7B,32,4096,32,32000,16558.135311510086,19869.762373812104,9934.881186906052,True,True,float16,279.4356637110776,442.619996798385
1768628468.6103761,1,103.0,103,103,103,synthetic-7B,32,4096,32,32000,114.25228287556148,137.10273945067377,68.55136972533688,False,False,float16,169.81923481402532,99.46482791472911
1768628468.6104357,16,576.875,937,228,9230,synthetic-7B,32,4096,32,32000,7597.9905927869695,9117.588711344362,4558.794355672181,False,True,float16,284.78647329338503,120.99158564308225
1768628468.610491,8,674.75,999,158,5398,synthetic-7B,32,4096,32,32000,5391.626415731523,6469.951698877827,3234.9758494389134,False,False,float16,199.74352621096727,480.6528433076817
1768628468.610548,1,791.0,791,791,791,synthetic-7B,32,4096,32,32000,710.7360099898103,852.8832119877724,426.4416059938862,False,True,float16,432.08763273062425,221.45940188385384
1768628468.6106036,1,912.0,912,912,912,synthetic-7B,32,4096,32,32000,1016.7707055250631,1220.1248466300758,610.0624233150379,False,False,float16,287.5114352822978,380.7992807717894
1768628468.61066,32,600.46875,995,157,19215,synthetic-7B,32,4096,32,32000,16228.810524028959,19474.57262883475,9737.286314417375,False,True,float16,342.1666868795669,431.5995302966242
1768628468.6107159,2,684.0,826,542,1368,synthetic-7B,32,4096,32,32000,1376.0291434343478,1651.2349721212174,825.6174860606087,False,True,float16,303.7021261158677,287.4386996019832
1768628468.610772,4,569.5,802,138,2278,synthetic-7B,32,4096,32,32000,1566.24244402514,1879.4909328301678,939.7454664150839,True,True,float16,436.43535943028684,498.26955420403266
1768628468.610827,8,466.75,703,136,3734,synthetic-7B,32,4096,32,32000,4037.186106244071,4844.623327492885,2422.3116637464427,False,False,float16,489.7933540437625,107.87983195187824
1768628468.610882,8,571.5,993,85,4572,synthetic-7B,32,4096,32,32000,3275.2594102349826,3930.311292281979,1965.1556461409896,True,True,float16,482.12345389415066,419.6834285369793
1768628468.610938,4,433.5,767,169,1734,synthetic-7B,32,4096,32,32000,1891.878522110141,2270.254226532169,1135.1271132660845,False,True,float16,173.19549766191815,312.3005061889445
1768628468.6109974,2,366.5,466,267,733,synthetic-7B,32,4096,32,32000,807.8015138561126,969.3618166273351,484.68090831366754,False,False,float16,325.20960583199644,210.18673793337646
1768628468.6110544,2,572.5,751,394,1145,synthetic-7B,32,4096,32,32000,836.3214078264508,1003.585689391741,501.7928446958705,True,True,float16,319.0582348048657,323.50039463824845
1768628468.6111104,8,428.625,928,109,3429,synthetic-7B,32,4096,32,32000,2976.7333982404107,3572.0800778884927,1786.0400389442464,False,True,float16,126.6911592220969,499.47057667859923
1768628468.6111667,32,478.40625,861,178,15309,synthetic-7B,32,4096,32,32000,15402.852727390478,18483.423272868575,9241.711636434287,False,False,float16,498.03454954923063,433.2609705564263
1768628468.611222,8,598.125,985,309,4785,synthetic-7B,32,4096,32,32000,4633.515762210502,5560.218914652602,2780.109457326301,False,True,float16,324.3356761845543,228.8321582603996
1768628468.6112776,1,801.0,801,801,801,synthetic-7B,32,4096,32,32000,839.7002061464453,1007.6402473757344,503.8201236878672,False,True,float16,173.28872032433014,228.5832686055691
1768628468.6113343,32,465.84375,957,78,14907,synthetic-7B,32,4096,32,32000,10437.672566889803,12525.207080267764,6262.603540133882,True,True,float16,355.4357005459161,392.45120497806613
1768628468.6113896,4,415.5,616,119,1662,synthetic-7B,32,4096,32,32000,1828.8835728266329,2194.660287391959,1097.3301436959796,False,True,float16,485.9295115355354,82.72077393904287
1768628468.6114454,32,493.53125,967,112,15793,synthetic-7B,32,4096,32,32000,18228.450499228315,21874.140599073977,10937.070299536988,False,True,float16,240.63589127053953,360.75345226816177
1768628468.6115022,16,614.5625,980,152,9833,synthetic-7B,32,4096,32,32000,7361.841931662712,8834.210317995254,4417.105158997627,True,False,float16,226.37550813158782,129.54861611074847
1768628468.611557,16,580.0625,996,173,9281,synthetic-7B,32,4096,32,32000,10008.573357138015,12010.288028565617,6005.144014282809,False,False,float16,366.10344107688616,170.65040978258097
1768628468.6116133,32,496.3125,959,50,15882,synthetic-7B,32,4096,32,32000,16911.631884297312,20293.958261156775,10146.979130578387,False,True,float16,447.95153703887576,485.5435156820651
1768628468.611677,2,282.0,371,193,564,synthetic-7B,32,4096,32,32000,442.23700065065077,530.684400780781,265.3422003903905,True,True,float16,108.15887087893393,330.8016504984317
1768628468.6117344,4,484.5,678,301,1938,synthetic-7B,32,4096,32,32000,1450.258093895358,1740.3097126744294,870.1548563372147,True,True,float16,411.12217313102406,151.6399456545407
1768628468.6117907,2,481.0,740,222,962,synthetic-7B,32,4096,32,32000,1031.2672911326079,1237.5207493591295,618.7603746795647,False,True,float16,409.8140904089767,239.31192311417323
1768628468.6118457,1,975.0,975,975,975,synthetic-7B,32,4096,32,32000,1084.6068756916407,1301.5282508299688,650.7641254149844,False,True,float16,425.6089730054732,379.71918125623193
1768628468.6119015,1,949.0,949,949,949,synthetic-7B,32,4096,32,32000,1078.3151649015565,1293.9781978818678,646.9890989409339,False,True,float16,278.42641299517425,385.8639536831004
1768628468.6119568,4,452.0,687,187,1808,synthetic-7B,32,4096,32,32000,1954.2973782030363,2345.1568538436436,1172.5784269218218,False,True,float16,188.4986852623309,206.7625153370372
1768628468.6120164,16,441.625,941,98,7066,synthetic-7B,32,4096,32,32000,7561.800982208192,9074.16117864983,4537.080589324915,False,False,float16,455.17336983004355,326.70645408059096
1768628468.6120727,32,549.21875,990,54,17575,synthetic-7B,32,4096,32,32000,16649.73861557424,19979.686338689087,9989.843169344544,False,True,float16,373.0714441991521,85.51133972852985
1768628468.6121294,16,513.75,889,72,8220,synthetic-7B,32,4096,32,32000,6929.06773093907,8314.881277126884,4157.440638563442,True,True,float16,309.8352747242011,437.7388417406594
1768628468.612186,2,745.5,993,498,1491,synthetic-7B,32,4096,32,32000,1035.410314052134,1242.4923768625608,621.2461884312804,True,True,float16,430.3457429622594,149.31330218526935
1768628468.6122417,8,403.5,901,72,3228,synthetic-7B,32,4096,32,32000,2864.694676715049,3437.6336120580586,1718.8168060290293,False,True,float16,372.5478902159126,359.80606814529654
1768628468.6122978,32,544.5,961,73,17424,synthetic-7B,32,4096,32,32000,14304.136914372735,17164.964297247283,8582.482148623641,True,True,float16,343.64566060766316,283.52100460925203
1768628468.6123564,8,500.875,839,230,4007,synthetic-7B,32,4096,32,32000,3827.135313713442,4592.562376456131,2296.2811882280653,False,True,float16,199.41586599087515,213.35623568543977
1768628468.612413,2,261.0,370,152,522,synthetic-7B,32,4096,32,32000,358.3682121169593,430.04185454035115,215.02092727017558,True,True,float16,137.82448680882823,413.3731883985031
1768628468.6124687,8,459.0,992,144,3672,synthetic-7B,32,4096,32,32000,2067.944093364993,2481.5329120379915,1240.7664560189958,True,True,float16,466.4633137754199,205.16971108409814
1768628468.6125247,8,517.125,885,97,4137,synthetic-7B,32,4096,32,32000,4692.865227680145,5631.438273216174,2815.719136608087,False,True,float16,331.8504922427219,413.95002530342737
1768628468.6125805,16,519.5625,983,75,8313,synthetic-7B,32,4096,32,32000,8164.874507947752,9797.849409537303,4898.924704768651,False,True,float16,263.82803318884044,295.14769806863677
1768628468.612636,4,476.0,981,118,1904,synthetic-7B,32,4096,32,32000,2077.129446506935,2492.555335808322,1246.277667904161,False,True,float16,451.3404155546825,160.6314034808337
1768628468.612692,4,701.5,969,405,2806,synthetic-7B,32,4096,32,32000,2236.6639663263195,2683.996759591583,1341.9983797957916,True,False,float16,143.43243839297054,452.5565058347685
1768628468.6127484,32,576.21875,999,93,18439,synthetic-7B,32,4096,32,32000,17939.74814321762,21527.697771861145,10763.848885930573,False,False,float16,456.8489331029368,210.92695542546412
1768628468.6128047,4,634.0,771,486,2536,synthetic-7B,32,4096,32,32000,2509.12215144668,3010.946581736016,1505.473290868008,False,True,float16,337.5934740248755,364.27188868254314
1768628468.6128604,4,360.25,666,52,1441,synthetic-7B,32,4096,32,32000,1305.1438531745293,1566.1726238094352,783.0863119047176,False,True,float16,138.8026733845394,156.3810328983574
1768628468.6129174,1,729.0,729,729,729,synthetic-7B,32,4096,32,32000,625.658418123233,750.7901017478796,375.3950508739398,True,False,float16,317.14258122284286,39.773280730252836
1768628468.6129906,4,525.25,997,73,2101,synthetic-7B,32,4096,32,32000,1693.0078878215759,2031.6094653858909,1015.8047326929454,True,True,float16,411.4648605071999,152.20737607887304
1768628468.6130533,32,593.40625,976,83,18989,synthetic-7B,32,4096,32,32000,13914.661555894332,16697.5938670732,8348.7969335366,True,False,float16,112.18436513251953,264.85365077992935
1768628468.6131132,1,812.0,812,812,812,synthetic-7B,32,4096,32,32000,649.4609152377176,779.3530982852611,389.67654914263056,False,True,float16,139.2280130802256,430.60337909099036
1768628468.6131694,32,457.84375,992,61,14651,synthetic-7B,32,4096,32,32000,17977.190119334377,21572.62814320125,10786.314071600626,False,True,float16,201.10177936142207,404.29135674206844
1768628468.6132255,1,763.0,763,763,763,synthetic-7B,32,4096,32,32000,741.2323625430549,889.4788350516659,444.73941752583295,False,True,float16,404.06950834089434,109.67748346761314
1768628468.6132824,32,401.21875,921,72,12839,synthetic-7B,32,4096,32,32000,11721.180369182193,14065.416443018632,7032.708221509316,False,False,float16,461.0141959161456,124.3794040635825
1768628468.6133392,16,540.875,826,92,8654,synthetic-7B,32,4096,32,32000,8715.77176833995,10458.926122007939,5229.463061003969,False,True,float16,297.1413799572044,425.24936393640996
1768628468.613396,4,632.25,901,386,2529,synthetic-7B,32,4096,32,32000,2561.427303725496,3073.712764470595,1536.8563822352976,False,True,float16,277.1984831015702,406.7615385892467
1768628468.6134515,2,414.0,534,294,828,synthetic-7B,32,4096,32,32000,821.5909340580154,985.9091208696184,492.9545604348092,False,False,float16,475.97790094964176,174.05383065295837
1768628468.613513,8,483.0,880,94,3864,synthetic-7B,32,4096,32,32000,4241.60742461198,5089.928909534376,2544.964454767188,False,True,float16,209.12338398296617,25.697820294348432
1768628468.6135771,16,443.9375,950,64,7103,synthetic-7B,32,4096,32,32000,7323.67427082703,8788.409124992437,4394.204562496218,False,True,float16,393.62082631055705,478.3804093098868
1768628468.6136336,8,639.5,995,319,5116,synthetic-7B,32,4096,32,32000,4169.288581842375,5003.14629821085,2501.573149105425,True,False,float16,169.96603530554307,308.1353010509104
1768628468.6136882,1,903.0,903,903,903,synthetic-7B,32,4096,32,32000,954.5591814881413,1145.4710177857696,572.7355088928848,False,True,float16,254.4832805585144,333.595773052627
1768628468.6137435,8,523.375,913,170,4187,synthetic-7B,32,4096,32,32000,4108.788367932654,4930.546041519185,2465.2730207595923,False,True,float16,470.0204840846842,123.80422257118863
1768628468.6138053,4,596.0,928,354,2384,synthetic-7B,32,4096,32,32000,2570.101254974264,3084.1215059691167,1542.0607529845583,False,True,float16,366.44867685441807,238.81720151631043
1768628468.613863,16,462.8125,941,71,7405,synthetic-7B,32,4096,32,32000,8710.359354295193,10452.43122515423,5226.215612577115,False,True,float16,202.80443831852577,433.7298456426772
1768628468.6139195,4,616.0,897,145,2464,synthetic-7B,32,4096,32,32000,2073.321600522171,2487.985920626605,1243.9929603133025,True,True,float16,401.7448882424336,487.77040149822454
1768628468.613985,1,619.0,619,619,619,synthetic-7B,32,4096,32,32000,516.66127679581,619.993532154972,309.996766077486,True,True,float16,497.44514730923305,105.2156397420597
1768628468.6140437,4,696.5,956,310,2786,synthetic-7B,32,4096,32,32000,2031.650531910628,2437.9806382927536,1218.9903191463768,True,True,float16,233.66503803695915,15.17320936796423
1768628468.6141,8,554.0,909,68,4432,synthetic-7B,32,4096,32,32000,5373.439073759684,6448.126888511621,3224.0634442558103,False,False,float16,285.09417801737004,482.0889728781478
1768628468.6141562,2,494.5,530,459,989,synthetic-7B,32,4096,32,32000,664.1056888929974,796.9268266715968,398.4634133357984,True,True,float16,338.37313907759716,48.40667349925034
1768628468.614212,8,497.875,999,260,3983,synthetic-7B,32,4096,32,32000,4292.962835172912,5151.555402207494,2575.777701103747,False,True,float16,257.5188805858178,168.93395755234
1768628468.6142688,8,700.25,941,163,5602,synthetic-7B,32,4096,32,32000,4757.074280709271,5708.489136851125,2854.2445684255626,False,True,float16,475.9532603607832,375.52001483366627
1768628468.6143248,1,971.0,971,971,971,synthetic-7B,32,4096,32,32000,997.6904338767131,1197.2285206520557,598.6142603260279,False,True,float16,194.06334324724827,21.822844481429268
1768628468.6143863,16,531.3125,966,88,8501,synthetic-7B,32,4096,32,32000,5638.875823094437,6766.650987713324,3383.325493856662,True,True,float16,312.08961965425397,233.2949755569897
1768628468.6144423,2,565.5,848,283,1131,synthetic-7B,32,4096,32,32000,1224.8074343384833,1469.7689212061798,734.8844606030899,False,True,float16,255.63322379000493,250.2416248503058
1768628468.6145005,1,850.0,850,850,850,synthetic-7B,32,4096,32,32000,880.913548267026,1057.0962579204313,528.5481289602156,False,False,float16,398.7856458355272,479.12897751229065
1768628468.6145563,1,533.0,533,533,533,synthetic-7B,32,4096,32,32000,639.4316396708797,767.3179676050556,383.6589838025278,False,True,float16,262.2227622213805,361.9880967827967
1768628468.6146114,32,539.53125,965,53,17265,synthetic-7B,32,4096,32,32000,12721.570354156582,15265.884424987897,7632.942212493948,True,True,float16,227.30194197104026,252.88776030824067
1768628468.6146684,32,526.34375,955,58,16843,synthetic-7B,32,4096,32,32000,14657.277315332647,17588.732778399175,8794.366389199588,False,False,float16,349.17825882091495,477.77469247401893
1768628468.6147246,8,519.625,941,134,4157,synthetic-7B,32,4096,32,32000,3712.601714107543,4455.122056929052,2227.561028464526,False,False,float16,145.84285715887768,392.1848557030807
1768628468.6147804,1,982.0,982,982,982,synthetic-7B,32,4096,32,32000,1144.2306238196088,1373.0767485835306,686.5383742917653,False,True,float16,105.29602062683043,90.79826806514535
1768628468.6148362,16,512.1875,935,68,8195,synthetic-7B,32,4096,32,32000,8314.907938760056,9977.889526512066,4988.944763256033,False,True,float16,331.9818641891561,56.87180084397716
1768628468.6148918,2,232.5,283,182,465,synthetic-7B,32,4096,32,32000,400.54101610899147,480.6492193307897,240.32460966539486,True,True,float16,418.2681533613782,378.48553182772133
1768628468.6149483,16,558.0625,948,52,8929,synthetic-7B,32,4096,32,32000,9075.218466984055,10890.262160380866,5445.131080190433,False,True,float16,368.36322264740977,216.1636908362027
1768628468.615006,8,755.75,920,218,6046,synthetic-7B,32,4096,32,32000,4692.6681286673875,5631.201754400865,2815.6008772004325,True,False,float16,189.9524022629376,302.02344726058067
1768628468.6150627,1,535.0,535,535,535,synthetic-7B,32,4096,32,32000,559.801864349924,671.7622372199088,335.8811186099544,False,False,float16,116.00174144354192,434.08021426125987
1768628468.6151178,8,552.25,928,288,4418,synthetic-7B,32,4096,32,32000,4431.526513466461,5317.8318161597535,2658.9159080798768,False,True,float16,249.55791843655106,391.4046186923381
1768628468.6151764,1,151.0,151,151,151,synthetic-7B,32,4096,32,32000,161.92890804555526,194.3146896546663,97.15734482733315,False,False,float16,284.1829879596785,225.69011535961204
1768628468.6152346,32,460.40625,902,98,14733,synthetic-7B,32,4096,32,32000,11563.756082338152,13876.507298805782,6938.253649402891,True,True,float16,260.8870043663735,464.5957494314405
1768628468.6153,8,488.5,700,99,3908,synthetic-7B,32,4096,32,32000,2800.5602260305195,3360.672271236623,1680.3361356183116,True,False,float16,448.123734434375,181.40304655452448
1768628468.6153574,8,536.25,883,208,4290,synthetic-7B,32,4096,32,32000,2652.2659087833263,3182.7190905399916,1591.3595452699958,True,True,float16,478.99091788321914,60.730162165597875
1768628468.6154132,16,406.875,678,88,6510,synthetic-7B,32,4096,32,32000,7510.661574756572,9012.793889707886,4506.396944853943,False,True,float16,373.8867813968009,442.36777249056763
1768628468.6154692,16,410.375,990,83,6566,synthetic-7B,32,4096,32,32000,7123.0929746159845,8547.71156953918,4273.85578476959,False,True,float16,298.9529781780334,154.55133588372033
1768628468.6155267,32,560.90625,997,76,17949,synthetic-7B,32,4096,32,32000,12734.940077188017,15281.92809262562,7640.96404631281,True,True,float16,465.011884422201,122.54362211955058
1768628468.6155825,8,587.125,960,245,4697,synthetic-7B,32,4096,32,32000,3403.637707369588,4084.3652488435055,2042.1826244217527,True,True,float16,466.14403813937656,270.3720221841714
1768628468.6156378,2,450.0,683,217,900,synthetic-7B,32,4096,32,32000,969.0858300857537,1162.9029961029044,581.4514980514522,False,True,float16,131.84005469603025,415.2910580433174
1768628468.6156979,16,580.4375,955,64,9287,synthetic-7B,32,4096,32,32000,10253.353371727011,12304.024046072413,6152.012023036206,False,True,float16,314.9374138391486,97.32195377090383
1768628468.615754,16,598.125,999,96,9570,synthetic-7B,32,4096,32,32000,10588.750924736114,12706.501109683337,6353.250554841668,False,False,float16,152.55845132315108,11.839561803341635
1768628468.6158102,1,433.0,433,433,433,synthetic-7B,32,4096,32,32000,354.9662886185915,425.95954634230975,212.97977317115487,True,True,float16,206.45827516677642,205.18929666526884
1768628468.615867,32,537.21875,989,50,17191,synthetic-7B,32,4096,32,32000,20124.034696599272,24148.841635919125,12074.420817959563,False,True,float16,150.79959963276042,173.37997784592957
1768628468.6159258,16,534.0625,971,117,8545,synthetic-7B,32,4096,32,32000,4917.16980694712,5900.603768336544,2950.301884168272,True,True,float16,130.83541392771002,263.2017984512145
1768628468.6159828,2,433.5,660,207,867,synthetic-7B,32,4096,32,32000,676.0228707055603,811.2274448466724,405.6137224233362,True,True,float16,140.5245579154704,32.75794659552899
1768628468.6160374,8,540.875,832,98,4327,synthetic-7B,32,4096,32,32000,3859.324375704043,4631.189250844852,2315.594625422426,False,True,float16,110.70540668927404,374.14769150253255
1768628468.6160917,8,602.75,921,134,4822,synthetic-7B,32,4096,32,32000,3570.831590196629,4284.997908235954,2142.498954117977,True,True,float16,400.763757926239,432.38291171233874
1768628468.6161475,1,648.0,648,648,648,synthetic-7B,32,4096,32,32000,569.0874436652161,682.9049323982593,341.4524661991297,False,True,float16,323.4433581574564,316.68128328361496
1768628468.6162033,4,773.25,957,572,3093,synthetic-7B,32,4096,32,32000,2150.564486422774,2580.6773837073283,1290.3386918536642,True,False,float16,446.96850747488355,363.5480265986983
1768628468.61626,32,490.28125,988,54,15689,synthetic-7B,32,4096,32,32000,13126.125259629069,15751.350311554881,7875.6751557774405,True,True,float16,317.25794738436815,467.38529613215604
1768628468.6163158,1,779.0,779,779,779,synthetic-7B,32,4096,32,32000,734.349323781173,881.2191885374076,440.6095942687038,False,True,float16,464.3751353375062,183.87883968524187
1768628468.6163716,2,650.0,926,374,1300,synthetic-7B,32,4096,32,32000,1159.5857313239612,1391.5028775887533,695.7514387943767,False,True,float16,425.55657876158875,196.62039818548715
1768628468.6164272,2,461.5,806,117,923,synthetic-7B,32,4096,32,32000,816.323295562527,979.5879546750324,489.7939773375162,True,True,float16,400.776246694832,317.81130354100424
1768628468.6164823,1,655.0,655,655,655,synthetic-7B,32,4096,32,32000,481.0917870736992,577.310144488439,288.6550722442195,True,True,float16,191.71875909704312,425.3691628316183
1768628468.6165385,4,589.5,883,208,2358,synthetic-7B,32,4096,32,32000,2459.1308962259513,2950.9570754711417,1475.4785377355709,False,True,float16,119.53503492140149,188.43851895245598
1768628468.6165981,4,418.5,937,60,1674,synthetic-7B,32,4096,32,32000,1647.117816153746,1976.541379384495,988.2706896922475,True,True,float16,125.00335005295483,28.333490728954782
1768628468.6166546,8,745.125,991,389,5961,synthetic-7B,32,4096,32,32000,5562.7506463195205,6675.300775583424,3337.650387791712,False,True,float16,414.27744078782155,304.3309782356283
1768628468.6167114,4,694.0,942,115,2776,synthetic-7B,32,4096,32,32000,3449.989942221432,4139.9879306657185,2069.9939653328593,False,False,float16,346.2940338601686,19.555772222483075
1768628468.6167684,2,388.0,677,99,776,synthetic-7B,32,4096,32,32000,572.8767025131965,687.4520430158358,343.7260215079179,True,True,float16,250.98370110642531,440.8438058580287
1768628468.6168234,1,302.0,302,302,302,synthetic-7B,32,4096,32,32000,268.409068267256,322.09088192070715,161.04544096035357,False,True,float16,361.14422785459624,262.53827878274353
1768628468.6168807,2,307.0,548,66,614,synthetic-7B,32,4096,32,32000,362.11520217904535,434.5382426148544,217.2691213074272,True,True,float16,347.16072974702456,67.08027582911106
1768628468.6169577,32,509.25,981,60,16296,synthetic-7B,32,4096,32,32000,13159.025159573588,15790.830191488305,7895.4150957441525,True,False,float16,298.24840621092073,330.559658697757
1768628468.6170187,1,995.0,995,995,995,synthetic-7B,32,4096,32,32000,972.8549812876921,1167.4259775452306,583.7129887726153,False,True,float16,305.0168779814984,370.4570679407025
1768628468.6170774,16,559.4375,971,60,8951,synthetic-7B,32,4096,32,32000,8592.364891848772,10310.837870218527,5155.418935109264,False,False,float16,297.44114622383216,395.0227387122105
1768628468.6171334,16,593.0,960,96,9488,synthetic-7B,32,4096,32,32000,9844.598605749363,11813.518326899235,5906.7591634496175,False,True,float16,424.8804192186905,159.12887851253507
1768628468.6171887,4,611.0,987,95,2444,synthetic-7B,32,4096,32,32000,1643.2950476483002,1971.95405717796,985.97702858898,True,True,float16,144.9754745380519,262.36124120162185
1768628468.6172457,8,453.0,840,196,3624,synthetic-7B,32,4096,32,32000,2784.9183947226343,3341.902073667161,1670.9510368335805,True,True,float16,379.3615420033599,397.09152602752243
1768628468.617302,4,506.5,690,370,2026,synthetic-7B,32,4096,32,32000,2168.2191157970037,2601.8629389564044,1300.9314694782022,False,True,float16,353.8274205627231,441.19626910248
1768628468.6173654,8,419.25,689,195,3354,synthetic-7B,32,4096,32,32000,3140.857854946303,3769.0294259355637,1884.5147129677819,False,True,float16,356.07583320612093,46.319410973169525
1768628468.6174223,1,794.0,794,794,794,synthetic-7B,32,4096,32,32000,763.7203811287757,916.4644573545307,458.23222867726537,False,True,float16,239.3431425462774,174.2009376922803
1768628468.6174822,32,534.6875,988,127,17110,synthetic-7B,32,4096,32,32000,15729.794616800817,18875.75354016098,9437.87677008049,False,True,float16,145.5114027056584,278.2122180723338
1768628468.6175401,16,512.625,986,165,8202,synthetic-7B,32,4096,32,32000,5969.188937741944,7163.026725290332,3581.513362645166,True,False,float16,256.4436425262188,484.2924328283982
1768628468.6175961,1,860.0,860,860,860,synthetic-7B,32,4096,32,32000,935.573753532603,1122.6885042391234,561.3442521195617,False,True,float16,412.29331244802404,369.81057742292694
1768628468.617652,32,565.375,995,56,18092,synthetic-7B,32,4096,32,32000,14579.118147258667,17494.9417767104,8747.4708883552,True,True,float16,145.16824999037982,397.31813026077845
1768628468.6177075,1,230.0,230,230,230,synthetic-7B,32,4096,32,32000,271.89164934622903,326.26997921547485,163.13498960773742,False,True,float16,162.44279794136708,386.44790722598935
1768628468.617764,4,435.75,713,204,1743,synthetic-7B,32,4096,32,32000,1444.153540461581,1732.9842485538973,866.4921242769486,True,True,float16,129.76754291896492,228.61018414343064
1768628468.6178205,2,471.5,687,256,943,synthetic-7B,32,4096,32,32000,953.6380686059623,1144.3656823271547,572.1828411635773,False,False,float16,346.8016490774596,178.02703850062352
1768628468.6178763,16,466.875,949,57,7470,synthetic-7B,32,4096,32,32000,7842.672472409473,9411.206966891366,4705.603483445683,False,True,float16,257.673058293832,243.33266405189755
1768628468.6179318,4,370.5,522,254,1482,synthetic-7B,32,4096,32,32000,1071.046715062586,1285.256058075103,642.6280290375515,True,True,float16,330.9203834608044,219.3699862263749
1768628468.6179976,16,494.5,972,121,7912,synthetic-7B,32,4096,32,32000,8399.929667141281,10079.915600569537,5039.957800284768,False,False,float16,140.0200977350686,456.7220116064587
1768628468.6180587,4,559.75,737,261,2239,synthetic-7B,32,4096,32,32000,1733.3939672271272,2080.0727606725527,1040.0363803362764,True,True,float16,204.17213828972848,147.9467739155017
1768628468.6181161,1,348.0,348,348,348,synthetic-7B,32,4096,32,32000,270.61551655570247,324.73861986684295,162.36930993342148,True,False,float16,210.47508259133645,277.22576229354803
1768628468.618173,2,517.5,935,100,1035,synthetic-7B,32,4096,32,32000,783.8748499066771,940.6498198880125,470.32490994400627,True,False,float16,249.67481002530664,483.8503476462692
1768628468.6182292,2,735.5,767,704,1471,synthetic-7B,32,4096,32,32000,1175.9462044986253,1411.1354453983504,705.5677226991752,True,True,float16,199.2507301284376,133.45618922195908
1768628468.618285,32,423.96875,946,84,13567,synthetic-7B,32,4096,32,32000,13071.500644306958,15685.800773168348,7842.900386584174,False,True,float16,136.37943703981716,177.9267439661956
1768628468.6183436,2,695.0,886,504,1390,synthetic-7B,32,4096,32,32000,1280.875487527684,1537.0505850332208,768.5252925166104,False,True,float16,371.7545891257736,324.02371608396084
1768628468.6184008,16,498.625,932,52,7978,synthetic-7B,32,4096,32,32000,5565.5643663903,6678.67723966836,3339.33861983418,True,False,float16,264.18481523755224,171.392201246829
1768628468.6184576,16,549.4375,979,102,8791,synthetic-7B,32,4096,32,32000,8793.007855824255,10551.609426989105,5275.804713494553,False,False,float16,150.59878942313605,495.59321172513376
1768628468.618513,1,243.0,243,243,243,synthetic-7B,32,4096,32,32000,186.20317813149302,223.44381375779162,111.72190687889581,True,True,float16,149.27384149452988,288.3576940879238
1768628468.6185696,16,542.3125,872,52,8677,synthetic-7B,32,4096,32,32000,9605.54452108344,11526.653425300128,5763.326712650064,False,True,float16,167.38067971982048,127.26115731089214
1768628468.6186252,1,568.0,568,568,568,synthetic-7B,32,4096,32,32000,426.82873037632453,512.1944764515894,256.0972382257947,True,True,float16,487.7439712517972,495.1847608911446
1768628468.6186802,2,344.0,350,338,688,synthetic-7B,32,4096,32,32000,433.28176224583717,519.9381146950046,259.9690573475023,True,False,float16,376.49913137815116,115.91689237649831
1768628468.6187367,16,520.0,993,69,8320,synthetic-7B,32,4096,32,32000,8854.036332952395,10624.843599542874,5312.421799771437,False,True,float16,164.75512658446985,330.51837481139773
1768628468.6187968,16,633.0,946,214,10128,synthetic-7B,32,4096,32,32000,9820.118331532272,11784.141997838726,5892.070998919363,False,True,float16,194.04216172335111,276.2973350888643
1768628468.6188529,8,405.875,724,103,3247,synthetic-7B,32,4096,32,32000,2981.7385052565032,3578.086206307804,1789.043103153902,False,True,float16,306.9687027980359,231.51468420558993
1768628468.6189096,32,475.25,929,107,15208,synthetic-7B,32,4096,32,32000,12809.245145498553,15371.094174598264,7685.547087299132,True,True,float16,341.8612109500746,373.72206328923335
1768628468.6189659,32,489.59375,955,54,15667,synthetic-7B,32,4096,32,32000,16802.652464310544,20163.182957172652,10081.591478586326,False,True,float16,219.80825591166803,293.3040018026476
1768628468.6190224,16,541.75,963,79,8668,synthetic-7B,32,4096,32,32000,7431.872298783437,8918.246758540125,4459.123379270062,True,True,float16,359.4218531389765,186.83024326538336
1768628468.6190777,8,450.5,891,77,3604,synthetic-7B,32,4096,32,32000,3479.3390181845552,4175.206821821466,2087.603410910733,False,True,float16,252.57954457355999,118.22930246535377
1768628468.6191332,2,671.5,736,607,1343,synthetic-7B,32,4096,32,32000,1401.3042040285443,1681.565044834253,840.7825224171265,False,True,float16,413.1987968800209,81.9456250018365
1768628468.6191883,1,752.0,752,752,752,synthetic-7B,32,4096,32,32000,801.6937439764449,962.0324927717338,481.0162463858669,False,True,float16,384.20319646977504,226.96149453243996
1768628468.6192443,16,570.625,929,147,9130,synthetic-7B,32,4096,32,32000,7939.702536231466,9527.64304347776,4763.82152173888,False,False,float16,444.88155666921483,232.05018874920114
1768628468.6193004,4,477.5,917,147,1910,synthetic-7B,32,4096,32,32000,2324.4862937146627,2789.383552457595,1394.6917762287976,False,True,float16,472.9384981062654,102.34520229318679
1768628468.619356,2,615.0,650,580,1230,synthetic-7B,32,4096,32,32000,1099.1868685879567,1319.0242423055481,659.5121211527741,True,False,float16,450.22346690826424,280.84458309321616
1768628468.619412,4,501.0,920,84,2004,synthetic-7B,32,4096,32,32000,1589.5922096907811,1907.5106516289372,953.7553258144686,True,False,float16,315.40073841304536,180.8115136645939
1768628468.6194718,1,269.0,269,269,269,synthetic-7B,32,4096,32,32000,303.71577263111584,364.458927157339,182.2294635786695,False,True,float16,449.7064969298607,309.937739530118
1768628468.6195295,1,133.0,133,133,133,synthetic-7B,32,4096,32,32000,128.33752976432092,154.0050357171851,77.00251785859255,False,False,float16,241.0426823465388,88.13822067928629
1768628468.6195848,1,343.0,343,343,343,synthetic-7B,32,4096,32,32000,443.58654435426246,532.303853225115,266.1519266125575,False,False,float16,369.40593857942844,266.787041434742
1768628468.619644,16,531.375,990,83,8502,synthetic-7B,32,4096,32,32000,9566.714379678984,11480.05725561478,5740.02862780739,False,True,float16,443.2699215704177,148.46097265414588
1768628468.6196997,2,292.5,492,93,585,synthetic-7B,32,4096,32,32000,603.4916837507241,724.1900205008689,362.0950102504344,False,True,float16,367.537982510427,40.30715315645227
1768628468.619756,1,962.0,962,962,962,synthetic-7B,32,4096,32,32000,746.2583115359643,895.5099738431571,447.75498692157856,True,False,float16,440.54917320304037,46.30825209142758
1768628468.619812,8,360.125,980,107,2881,synthetic-7B,32,4096,32,32000,2362.9828862517415,2835.5794635020898,1417.7897317510449,False,True,float16,120.10966317197212,144.51577703405093
1768628468.6198678,1,169.0,169,169,169,synthetic-7B,32,4096,32,32000,187.3823183970129,224.85878207641548,112.42939103820774,False,True,float16,271.4178554822207,237.63082432626211
1768628468.619923,16,363.0,928,58,5808,synthetic-7B,32,4096,32,32000,7167.043302474417,8600.4519629693,4300.22598148465,False,False,float16,314.20520621660717,157.44423883124645
1768628468.6199787,2,249.0,281,217,498,synthetic-7B,32,4096,32,32000,517.8043390681671,621.3652068818005,310.68260344090027,False,True,float16,146.17738318204687,304.7855032181755
1768628468.6200337,8,422.75,824,153,3382,synthetic-7B,32,4096,32,32000,3721.6418220700466,4465.970186484055,2232.9850932420277,False,True,float16,147.74075703136575,238.1116731971733
1768628468.6200893,4,458.75,625,307,1835,synthetic-7B,32,4096,32,32000,1558.149777400412,1869.7797328804943,934.8898664402471,True,True,float16,174.44030145954866,166.2590815209386
1768628468.6201456,16,651.75,980,200,10428,synthetic-7B,32,4096,32,32000,10225.026725139827,12270.032070167792,6135.016035083896,False,False,float16,364.1586058521009,481.2377494556872
1768628468.6202054,8,537.25,942,325,4298,synthetic-7B,32,4096,32,32000,3775.287014648108,4530.3444175777295,2265.1722087888647,True,False,float16,316.549255051424,107.39514300245801
1768628468.6202636,32,505.40625,924,58,16173,synthetic-7B,32,4096,32,32000,15491.97868064102,18590.374416769224,9295.187208384612,False,True,float16,159.62177007347242,306.9054918611004
1768628468.62032,16,525.5,875,97,8408,synthetic-7B,32,4096,32,32000,7879.34003764347,9455.208045172163,4727.604022586082,False,True,float16,322.3862234674838,117.75176997278002
1768628468.6203759,16,525.8125,994,101,8413,synthetic-7B,32,4096,32,32000,6525.476848304192,7830.572217965029,3915.2861089825146,True,True,float16,234.28013867265173,453.2904035140414
1768628468.6204314,2,781.5,820,743,1563,synthetic-7B,32,4096,32,32000,1368.2507652691243,1641.900918322949,820.9504591614746,False,True,float16,136.2935971875438,138.5969446907016
1768628468.6204872,1,915.0,915,915,915,synthetic-7B,32,4096,32,32000,920.6512009210226,1104.781441105227,552.3907205526135,False,True,float16,100.49537230611065,369.678320770173
1768628468.6205418,16,531.5625,926,107,8505,synthetic-7B,32,4096,32,32000,9194.110682946566,11032.93281953588,5516.46640976794,False,False,float16,214.90812892044593,250.45616414596176
1768628468.620598,2,366.0,517,215,732,synthetic-7B,32,4096,32,32000,632.2671027401827,758.7205232882193,379.36026164410964,True,True,float16,463.1585736046965,259.70010224766605
1768628468.6206543,2,573.0,657,489,1146,synthetic-7B,32,4096,32,32000,955.0811774214042,1146.097412905685,573.0487064528425,True,True,float16,452.5594881450287,267.40637820851833
1768628468.6207101,16,512.5,984,67,8200,synthetic-7B,32,4096,32,32000,8789.309561946835,10547.1714743362,5273.5857371681,False,True,float16,301.34551403524085,344.82096986658837
1768628468.620766,32,510.84375,960,66,16347,synthetic-7B,32,4096,32,32000,13485.530469078625,16182.63656289435,8091.318281447175,True,False,float16,406.3167411361138,221.47162445283783
1768628468.620822,4,428.75,956,146,1715,synthetic-7B,32,4096,32,32000,1723.348389773169,2068.0180677278026,1034.0090338639013,False,False,float16,135.80922935716342,276.254492773183
1768628468.6208813,8,588.0,862,288,4704,synthetic-7B,32,4096,32,32000,5427.972922650476,6513.567507180571,3256.7837535902854,False,True,float16,314.1964508542115,384.26932063673496
1768628468.620939,16,507.125,898,57,8114,synthetic-7B,32,4096,32,32000,9136.856221399212,10964.227465679054,5482.113732839527,False,True,float16,208.03739183018087,100.61643902243924
1768628468.621012,32,562.65625,994,83,18005,synthetic-7B,32,4096,32,32000,21088.630551976417,25306.3566623717,12653.17833118585,False,True,float16,249.26404660879263,463.2936142683075
1768628468.6210685,1,735.0,735,735,735,synthetic-7B,32,4096,32,32000,682.3496691866374,818.8196030239648,409.4098015119824,False,True,float16,161.29288978065517,439.402368045429
1768628468.6211286,32,562.78125,971,59,18009,synthetic-7B,32,4096,32,32000,20602.686200649663,24723.223440779595,12361.611720389797,False,True,float16,374.2139932659269,409.5427398704432
1768628468.6211846,8,331.25,699,94,2650,synthetic-7B,32,4096,32,32000,3201.2550841946763,3841.5061010336112,1920.7530505168056,False,True,float16,340.9493419279088,345.24804403179274
1768628468.62124,4,436.75,529,265,1747,synthetic-7B,32,4096,32,32000,1918.5352233104247,2302.2422679725096,1151.1211339862548,False,True,float16,310.5268297804064,331.5824555953936
1768628468.621296,1,196.0,196,196,196,synthetic-7B,32,4096,32,32000,199.16742525842812,239.00091031011374,119.50045515505687,False,False,float16,221.95666003043436,136.63138627407722
1768628468.6213515,2,565.0,672,458,1130,synthetic-7B,32,4096,32,32000,1235.8009863358798,1482.9611836030556,741.4805918015278,False,False,float16,483.49770054203685,169.40477135998262
1768628468.6214082,32,555.125,982,82,17764,synthetic-7B,32,4096,32,32000,18608.76239183963,22330.514870207557,11165.257435103778,False,True,float16,360.4703060207314,270.32788974343083
1768628468.6214647,4,450.0,934,179,1800,synthetic-7B,32,4096,32,32000,1610.953713379423,1933.1444560553077,966.5722280276539,False,True,float16,373.7334530901136,39.919511363245945
1768628468.621522,16,508.6875,992,86,8139,synthetic-7B,32,4096,32,32000,5579.05207542981,6694.862490515772,3347.431245257886,True,True,float16,456.22581954673876,336.57471714313505
1768628468.6215777,16,498.375,933,86,7974,synthetic-7B,32,4096,32,32000,6479.973675705031,7775.968410846037,3887.9842054230185,True,True,float16,397.95868848642357,135.84535662758208
1768628468.6216378,4,756.5,904,525,3026,synthetic-7B,32,4096,32,32000,3279.360898766817,3935.2330785201802,1967.6165392600901,False,True,float16,155.62588801926753,200.7376328247154
1768628468.6216955,32,589.125,982,151,18852,synthetic-7B,32,4096,32,32000,14402.732662965875,17283.279195559047,8641.639597779524,True,True,float16,484.6232032763829,384.84600045789233
1768628468.6217558,2,648.5,846,451,1297,synthetic-7B,32,4096,32,32000,1475.5670336672042,1770.680440400645,885.3402202003225,False,False,float16,341.917419077584,242.6686352089036
1768628468.6218135,16,314.125,715,68,5026,synthetic-7B,32,4096,32,32000,4702.786311178869,5643.343573414643,2821.6717867073216,False,True,float16,112.14732170096325,15.926965572332588
1768628468.6218698,4,665.5,887,217,2662,synthetic-7B,32,4096,32,32000,2630.3677005930444,3156.4412407116533,1578.2206203558267,False,True,float16,135.1161463975605,56.5025597255471
1768628468.6219258,1,80.0,80,80,80,synthetic-7B,32,4096,32,32000,88.33329556451558,105.9999546774187,52.99997733870935,False,True,float16,484.35287217778387,230.56469614221209
1768628468.622001,1,919.0,919,919,919,synthetic-7B,32,4096,32,32000,848.2836783382686,1017.9404140059223,508.97020700296116,False,True,float16,452.7054173298111,451.02135168283917
1768628468.622063,32,528.9375,976,64,16926,synthetic-7B,32,4096,32,32000,12776.273271301183,15331.527925561419,7665.763962780709,True,True,float16,105.37740087184923,417.168659903423
1768628468.6221197,1,754.0,754,754,754,synthetic-7B,32,4096,32,32000,605.9907462426302,727.1888954911561,363.59444774557807,False,False,float16,138.9440489678408,386.29892706367
1768628468.6221752,1,588.0,588,588,588,synthetic-7B,32,4096,32,32000,663.2821957445034,795.938634893404,397.969317446702,False,False,float16,359.3628738087642,18.66657149235427
1768628468.6222398,2,482.0,544,420,964,synthetic-7B,32,4096,32,32000,983.2307467132892,1179.876896055947,589.9384480279735,False,True,float16,415.84320080504193,416.89119388960245
1768628468.6222954,8,436.25,904,128,3490,synthetic-7B,32,4096,32,32000,3114.4388209112676,3737.326585093521,1868.6632925467604,False,True,float16,442.7718705124023,268.5159457476971
1768628468.6223557,32,463.5625,906,57,14834,synthetic-7B,32,4096,32,32000,16051.303693615184,19261.56443233822,9630.78221616911,False,False,float16,458.56743802873063,335.56693753164495
1768628468.6224132,32,503.65625,986,87,16117,synthetic-7B,32,4096,32,32000,11505.063131029769,13806.075757235722,6903.037878617861,True,True,float16,434.8147229418506,146.88070422262012
1768628468.6224701,4,479.25,575,400,1917,synthetic-7B,32,4096,32,32000,1577.19912448757,1892.638949385084,946.319474692542,True,True,float16,479.8522529804125,371.6085753854305
1768628468.622526,2,633.0,777,489,1266,synthetic-7B,32,4096,32,32000,1068.2865981549016,1281.943917785882,640.971958892941,True,False,float16,191.78331624880104,334.96882575598187
1768628468.6225836,4,440.5,907,89,1762,synthetic-7B,32,4096,32,32000,1675.2809157353709,2010.337098882445,1005.1685494412225,False,True,float16,116.38853132214342,471.5772902629462
1768628468.622641,32,530.625,975,86,16980,synthetic-7B,32,4096,32,32000,17071.600373562553,20485.92044827506,10242.96022413753,False,True,float16,184.1188518708367,464.55114361484095
1768628468.622698,2,302.0,319,285,604,synthetic-7B,32,4096,32,32000,672.7410576857176,807.2892692228611,403.64463461143055,False,False,float16,351.9268903457621,476.18348459131323
1768628468.6227539,4,735.0,868,660,2940,synthetic-7B,32,4096,32,32000,3327.0815375321645,3992.497845038597,1996.2489225192985,False,False,float16,492.7332546247335,29.30023541457978
1768628468.6228106,2,627.0,719,535,1254,synthetic-7B,32,4096,32,32000,1106.21892939728,1327.462715276736,663.731357638368,True,False,float16,484.12574149048436,114.64876737825443
1768628468.6228678,8,551.875,976,117,4415,synthetic-7B,32,4096,32,32000,4796.497651865817,5755.79718223898,2877.89859111949,False,True,float16,490.835794968083,303.90086556162186
1768628468.6229246,16,403.125,896,78,6450,synthetic-7B,32,4096,32,32000,6487.919566934752,7785.503480321702,3892.751740160851,False,True,float16,254.51719694723303,357.41091385897596
1768628468.6229806,32,541.0625,997,50,17314,synthetic-7B,32,4096,32,32000,18229.5696980047,21875.483637605637,10937.741818802819,False,True,float16,302.4778565154804,257.2121346129986
1768628468.6230364,8,483.125,966,72,3865,synthetic-7B,32,4096,32,32000,4545.004313351623,5454.005176021948,2727.002588010974,False,True,float16,222.28022404915566,39.49014247537416
1768628468.623098,8,600.75,863,369,4806,synthetic-7B,32,4096,32,32000,4537.774512281211,5445.329414737454,2722.664707368727,False,True,float16,305.8261271149186,283.01978409990875
1768628468.623156,2,713.0,720,706,1426,synthetic-7B,32,4096,32,32000,1116.7214865208166,1340.06578382498,670.03289191249,True,True,float16,312.0459088421802,173.79335112216322
1768628468.6232135,4,233.25,589,52,933,synthetic-7B,32,4096,32,32000,616.9894855684668,740.3873826821601,370.19369134108007,True,True,float16,303.3134591674926,191.23015921235225
1768628468.62327,32,577.34375,975,71,18475,synthetic-7B,32,4096,32,32000,21009.90200940358,25211.882411284296,12605.941205642148,False,True,float16,365.17836895100965,297.13903689594866
1768628468.6233268,16,485.4375,935,64,7767,synthetic-7B,32,4096,32,32000,4268.007208609956,5121.6086503319475,2560.8043251659738,True,False,float16,193.77428074049678,51.03736470998423
1768628468.6233823,1,802.0,802,802,802,synthetic-7B,32,4096,32,32000,768.8120017987325,922.574402158479,461.2872010792395,False,True,float16,409.0713135027072,201.13941947408773
1768628468.6234376,2,761.5,892,631,1523,synthetic-7B,32,4096,32,32000,1056.0164572838125,1267.219748740575,633.6098743702875,True,True,float16,498.3857087131084,479.8531209296776
1768628468.623493,1,927.0,927,927,927,synthetic-7B,32,4096,32,32000,992.6218696460278,1191.1462435752333,595.5731217876166,False,True,float16,201.7011564052354,361.0984166000837
1768628468.6235495,1,464.0,464,464,464,synthetic-7B,32,4096,32,32000,466.985286611124,560.3823439333488,280.1911719666744,False,False,float16,370.15725672901357,169.7018112288733
1768628468.6236095,32,539.875,970,88,17276,synthetic-7B,32,4096,32,32000,18650.538837202923,22380.646604643505,11190.323302321753,False,True,float16,317.45064827970833,62.15041101954955
1768628468.6236668,8,353.5,829,55,2828,synthetic-7B,32,4096,32,32000,2878.23279777093,3453.879357325116,1726.939678662558,False,True,float16,466.34317837722523,279.56505899004094
1768628468.6237235,8,498.5,843,132,3988,synthetic-7B,32,4096,32,32000,2636.9391461342775,3164.326975361133,1582.1634876805665,True,True,float16,279.82277043315673,20.773122433569732
1768628468.6237838,16,532.625,988,135,8522,synthetic-7B,32,4096,32,32000,9482.844440841895,11379.413329010273,5689.706664505136,False,True,float16,460.84647525547115,67.5899560317799
1768628468.6238406,32,613.6875,997,129,19638,synthetic-7B,32,4096,32,32000,13648.35368793193,16378.024425518317,8189.0122127591585,True,True,float16,176.16362453280865,87.10565031105608
1768628468.6238976,2,653.5,999,308,1307,synthetic-7B,32,4096,32,32000,961.7542968591422,1154.1051562309706,577.0525781154853,True,True,float16,339.72903206241745,387.7465343785877
1768628468.6239548,32,487.6875,966,96,15606,synthetic-7B,32,4096,32,32000,13784.052701686145,16540.863242023373,8270.431621011687,False,True,float16,119.7526614392305,279.96045079023145
1768628468.6240103,4,504.5,858,218,2018,synthetic-7B,32,4096,32,32000,2313.978800867837,2776.7745610414045,1388.3872805207022,False,True,float16,498.8403952159038,65.03177659532301
1768628468.6240666,32,634.84375,996,62,20315,synthetic-7B,32,4096,32,32000,18422.41154091637,22106.893849099644,11053.446924549822,True,True,float16,342.1496392634799,221.67907411347255
1768628468.624123,16,544.875,969,76,8718,synthetic-7B,32,4096,32,32000,5446.160305299731,6535.392366359677,3267.6961831798385,True,True,float16,307.1952608798838,82.27118895785938
1768628468.6241796,32,455.0625,969,53,14562,synthetic-7B,32,4096,32,32000,15266.537793555648,18319.845352266777,9159.922676133388,False,True,float16,280.27421922835254,53.79386690608982
1768628468.6242366,4,640.25,907,99,2561,synthetic-7B,32,4096,32,32000,2748.695617722913,3298.4347412674956,1649.2173706337478,False,True,float16,266.00005805154444,296.3646780604397
1768628468.6242936,16,543.6875,973,89,8699,synthetic-7B,32,4096,32,32000,10038.524047500407,12046.228857000488,6023.114428500244,False,True,float16,229.14220770544392,338.7965393265881
1768628468.6243505,32,488.3125,955,57,15626,synthetic-7B,32,4096,32,32000,12818.930552265489,15382.716662718585,7691.358331359293,False,True,float16,140.6391674397041,210.65647024452585
1768628468.624407,2,415.0,701,129,830,synthetic-7B,32,4096,32,32000,849.7364436461397,1019.6837323753676,509.8418661876838,False,True,float16,210.00791873017306,324.1836454380786
1768628468.6244664,2,607.0,712,502,1214,synthetic-7B,32,4096,32,32000,765.2881343710005,918.3457612452006,459.1728806226003,True,True,float16,239.78971019314668,44.25997197945013
1768628468.624525,32,510.71875,989,50,16343,synthetic-7B,32,4096,32,32000,17454.300052829545,20945.160063395455,10472.580031697727,False,True,float16,388.4987336067601,248.1360696778158
1768628468.624581,8,495.5,698,92,3964,synthetic-7B,32,4096,32,32000,3698.5376072732583,4438.24512872791,2219.122564363955,True,True,float16,458.6388252394312,314.5158717746574
1768628468.6246378,1,131.0,131,131,131,synthetic-7B,32,4096,32,32000,96.84932587392454,116.21919104870945,58.109595524354724,True,True,float16,187.43078285893165,340.6822347278078
1768628468.6246939,32,515.0,995,67,16480,synthetic-7B,32,4096,32,32000,14942.541832512228,17931.050199014673,8965.525099507337,False,True,float16,498.214964047954,479.7813458161606
1768628468.6247523,32,500.625,980,54,16020,synthetic-7B,32,4096,32,32000,17127.130790904353,20552.556949085225,10276.278474542612,False,True,float16,269.5225614823636,308.58359035389253
1768628468.6248097,2,597.0,687,507,1194,synthetic-7B,32,4096,32,32000,847.3082700995258,1016.7699241194309,508.38496205971546,True,True,float16,487.987683811151,218.7088739709546
1768628468.624867,32,506.4375,993,70,16206,synthetic-7B,32,4096,32,32000,18211.15913485696,21853.39096182835,10926.695480914175,False,True,float16,366.1584350763466,301.12983930748175
1768628468.624968,2,585.5,701,470,1171,synthetic-7B,32,4096,32,32000,1025.124701642669,1230.1496419712028,615.0748209856014,True,True,float16,176.55775139165883,177.61806061847105
1768628468.6250274,1,867.0,867,867,867,synthetic-7B,32,4096,32,32000,937.683663434371,1125.2203961212451,562.6101980606226,False,False,float16,121.24601010928342,371.5065284793132
1768628468.6250837,8,344.0,720,60,2752,synthetic-7B,32,4096,32,32000,1912.678883102508,2295.2146597230094,1147.6073298615047,True,True,float16,291.4894814713116,339.47379777608484
1768628468.6251404,16,433.75,765,156,6940,synthetic-7B,32,4096,32,32000,5273.676201897756,6328.411442277307,3164.2057211386536,True,True,float16,329.9153408353831,120.47136342729853
1768628468.6251981,1,677.0,677,677,677,synthetic-7B,32,4096,32,32000,668.1834352040149,801.8201222448179,400.91006112240893,False,True,float16,234.78920425841582,243.27965407257642
1768628468.6252582,1,971.0,971,971,971,synthetic-7B,32,4096,32,32000,774.4600900499013,929.3521080598815,464.67605402994076,True,False,float16,133.56894946058543,320.0924005750418
1768628468.625314,1,601.0,601,601,601,synthetic-7B,32,4096,32,32000,604.3057452729878,725.1668943275853,362.58344716379264,False,True,float16,327.2582977183363,328.38198389678564
1768628468.625371,32,602.78125,998,51,19289,synthetic-7B,32,4096,32,32000,19112.55464083442,22935.065569001305,11467.532784500652,False,True,float16,362.619680391466,382.6375602405483
1768628468.6254277,16,576.5625,978,176,9225,synthetic-7B,32,4096,32,32000,7281.230722393939,8737.476866872727,4368.738433436363,False,True,float16,437.7830343549261,379.9040947249742
1768628468.6254828,32,537.40625,969,70,17197,synthetic-7B,32,4096,32,32000,18145.670918906024,21774.805102687227,10887.402551343614,False,True,float16,128.07267218493124,292.79796903269573
1768628468.6255393,1,364.0,364,364,364,synthetic-7B,32,4096,32,32000,419.2290929353333,503.07491152239993,251.53745576119996,False,False,float16,340.71823306043416,228.4497356730634
1768628468.625597,4,586.25,960,135,2345,synthetic-7B,32,4096,32,32000,1879.937532247885,2255.925038697462,1127.962519348731,True,True,float16,230.33457554830724,414.5821718558998
1768628468.625654,4,555.0,988,215,2220,synthetic-7B,32,4096,32,32000,2115.8638415718283,2539.0366098861937,1269.5183049430968,False,True,float16,338.1745897931923,15.795535618761228
1768628468.6257098,4,409.5,961,78,1638,synthetic-7B,32,4096,32,32000,1296.3501443223713,1555.6201731868455,777.8100865934227,True,False,float16,242.4482837210894,160.6732526334063
1768628468.6257658,1,472.0,472,472,472,synthetic-7B,32,4096,32,32000,557.9311407695005,669.5173689234006,334.7586844617003,False,True,float16,151.38067653277034,275.6045771520088
1768628468.6258216,8,491.125,781,294,3929,synthetic-7B,32,4096,32,32000,4583.133329547455,5499.759995456946,2749.879997728473,False,True,float16,280.29990316579295,486.1554670100203
1768628468.6258776,8,440.75,780,65,3526,synthetic-7B,32,4096,32,32000,3271.091373517857,3925.3096482214282,1962.6548241107141,False,True,float16,315.6238376810347,363.32339235289635
1768628468.6259413,2,221.0,225,217,442,synthetic-7B,32,4096,32,32000,462.19814112054473,554.6377693446536,277.3188846723268,False,True,float16,305.45123631659123,387.0167157530197
1768628468.6260123,8,612.25,995,215,4898,synthetic-7B,32,4096,32,32000,4483.219533226048,5379.8634398712575,2689.9317199356287,False,True,float16,375.40797681236666,12.996543104496503
1768628468.6260705,8,611.625,964,284,4893,synthetic-7B,32,4096,32,32000,5611.919300314622,6734.303160377546,3367.151580188773,False,False,float16,150.5180656244977,264.45261617139204
1768628468.6261292,2,539.5,711,368,1079,synthetic-7B,32,4096,32,32000,1223.2255891122836,1467.8707069347404,733.9353534673702,False,True,float16,164.65622364640643,458.5728378526816
1768628468.626186,2,486.0,880,92,972,synthetic-7B,32,4096,32,32000,883.8029791760721,1060.5635750112865,530.2817875056433,False,True,float16,258.10561583861335,360.4164464602284
1768628468.6262429,16,457.25,871,177,7316,synthetic-7B,32,4096,32,32000,7586.9099105283685,9104.291892634043,4552.145946317021,False,True,float16,159.00668938665615,92.64707267484633
1768628468.6263049,2,759.0,874,644,1518,synthetic-7B,32,4096,32,32000,1570.353054703645,1884.423665644374,942.211832822187,False,True,float16,447.2193105810815,132.89384970456928
1768628468.6263614,16,570.5625,923,83,9129,synthetic-7B,32,4096,32,32000,7105.482705558106,8526.579246669728,4263.289623334864,False,True,float16,160.64884344150636,151.5885576192225
1768628468.6264176,32,599.15625,963,81,19173,synthetic-7B,32,4096,32,32000,20252.79512272496,24303.354147269954,12151.677073634977,False,True,float16,260.9749068872543,92.59269797002455
1768628468.6264744,4,654.0,971,273,2616,synthetic-7B,32,4096,32,32000,3059.018455018348,3670.8221460220175,1835.4110730110087,False,True,float16,143.89501517531275,403.3907994978017
1768628468.6265295,32,433.25,878,95,13864,synthetic-7B,32,4096,32,32000,14419.52598630206,17303.431183562472,8651.715591781236,False,True,float16,283.42616585249124,196.88909326217282
1768628468.6265864,2,393.0,513,273,786,synthetic-7B,32,4096,32,32000,587.6969152772795,705.2362983327354,352.6181491663677,True,True,float16,460.7715064050847,355.3786717566737
1768628468.6266463,4,434.5,765,138,1738,synthetic-7B,32,4096,32,32000,1743.9497507178103,2092.739700861372,1046.369850430686,False,True,float16,374.2947849184955,29.072012708298214
1768628468.626706,1,448.0,448,448,448,synthetic-7B,32,4096,32,32000,537.8732256736639,645.4478708083967,322.72393540419836,False,True,float16,327.3560983195116,283.4374993215267
1768628468.6267636,2,794.5,990,599,1589,synthetic-7B,32,4096,32,32000,1135.912957679668,1363.0955492156015,681.5477746078008,True,False,float16,270.8796498718855,253.72579389635027
1768628468.6268213,8,651.375,965,207,5211,synthetic-7B,32,4096,32,32000,4102.973466306168,4923.568159567401,2461.7840797837007,True,True,float16,320.4499700666705,197.73194284370786
1768628468.626877,4,342.0,593,208,1368,synthetic-7B,32,4096,32,32000,1097.8812858550777,1317.4575430260932,658.7287715130466,True,True,float16,486.9921706045466,439.3226569633238
1768628468.6269326,2,657.0,923,391,1314,synthetic-7B,32,4096,32,32000,1266.2292422586058,1519.4750907103269,759.7375453551634,False,True,float16,429.83497573207217,108.79421909732072
1768628468.6269877,4,626.75,893,238,2507,synthetic-7B,32,4096,32,32000,2814.0191182017725,3376.822941842127,1688.4114709210635,False,True,float16,283.3793918854789,433.69608895626595
1768628468.627045,32,588.96875,994,195,18847,synthetic-7B,32,4096,32,32000,21349.404853998964,25619.285824798757,12809.642912399378,False,True,float16,259.2050206951992,447.2787845103313
1768628468.627102,16,591.75,979,82,9468,synthetic-7B,32,4096,32,32000,9466.482975456142,11359.779570547369,5679.8897852736845,False,True,float16,494.644052522673,141.2878702268275
1768628468.627158,16,390.125,690,71,6242,synthetic-7B,32,4096,32,32000,5488.718428521364,6586.462114225637,3293.2310571128187,True,False,float16,177.93835269465865,91.28883729415949
1768628468.627215,8,613.75,999,103,4910,synthetic-7B,32,4096,32,32000,4372.831481129949,5247.397777355938,2623.698888677969,False,True,float16,144.10880007682877,306.1965635590195
1768628468.6272714,4,708.0,888,419,2832,synthetic-7B,32,4096,32,32000,3106.977939224596,3728.373527069515,1864.1867635347576,False,True,float16,422.9285969390112,199.6365688095265
1768628468.627328,4,790.25,997,618,3161,synthetic-7B,32,4096,32,32000,3426.1847841582294,4111.421740989875,2055.7108704949374,False,True,float16,137.72963523650543,398.3864025760014
1768628468.6273885,8,583.125,931,262,4665,synthetic-7B,32,4096,32,32000,3431.073697718077,4117.288437261692,2058.644218630846,True,True,float16,134.73194049611843,227.7178813608974
1768628468.627446,1,588.0,588,588,588,synthetic-7B,32,4096,32,32000,514.2340096912494,617.0808116294993,308.54040581474965,False,True,float16,369.445542020697,87.66510862763423
1768628468.627503,16,547.0,916,66,8752,synthetic-7B,32,4096,32,32000,9451.733450937254,11342.080141124705,5671.040070562352,False,True,float16,165.6031856758986,243.1066274474474
1768628468.6275625,16,477.25,969,85,7636,synthetic-7B,32,4096,32,32000,7563.001237028645,9075.601484434374,4537.800742217187,False,True,float16,337.10481976763424,284.40224563437005
1768628468.627619,4,558.0,870,73,2232,synthetic-7B,32,4096,32,32000,1716.1144163168233,2059.337299580188,1029.668649790094,True,False,float16,452.2277353375813,130.6718357847292
1768628468.627676,8,455.25,770,120,3642,synthetic-7B,32,4096,32,32000,3133.326173745741,3759.991408494889,1879.9957042474446,True,True,float16,497.0147202980642,425.57270389929084
1768628468.627732,8,656.25,819,456,5250,synthetic-7B,32,4096,32,32000,5494.963155478037,6593.955786573644,3296.977893286822,False,True,float16,177.36703462192798,172.05718610404256
1768628468.6277897,32,564.1875,964,70,18054,synthetic-7B,32,4096,32,32000,20486.566833612265,24583.88020033472,12291.94010016736,False,True,float16,428.5272117000226,434.7109503721982
1768628468.627846,1,638.0,638,638,638,synthetic-7B,32,4096,32,32000,429.5391304128498,515.4469564954197,257.72347824770986,True,True,float16,300.7953348928179,40.19812779776551
1768628468.6279023,2,430.0,801,59,860,synthetic-7B,32,4096,32,32000,796.8596994371096,956.2316393245314,478.1158196622657,True,True,float16,112.88519637222532,340.79409071094307
1768628468.6279595,8,574.875,877,56,4599,synthetic-7B,32,4096,32,32000,5644.216639479974,6773.059967375969,3386.5299836879844,False,True,float16,445.77365585116587,18.21571993732971
1768628468.6280158,8,394.125,864,103,3153,synthetic-7B,32,4096,32,32000,3147.069910526562,3776.4838926318744,1888.2419463159372,False,True,float16,191.26831538878872,194.742812609843
1768628468.6280754,32,403.28125,968,50,12905,synthetic-7B,32,4096,32,32000,14419.731120849458,17303.677345019347,8651.838672509673,False,True,float16,492.1062504475781,233.75153364436872
1768628468.6281314,2,577.0,691,463,1154,synthetic-7B,32,4096,32,32000,1018.1896136400597,1221.8275363680716,610.9137681840358,False,True,float16,324.2468118187463,486.6531437602997
1768628468.6281877,8,554.375,805,57,4435,synthetic-7B,32,4096,32,32000,5134.527456927356,6161.432948312827,3080.7164741564134,False,True,float16,121.84747474214257,118.55632483164551
1768628468.6282425,4,512.0,836,267,2048,synthetic-7B,32,4096,32,32000,1565.0522716073274,1878.0627259287928,939.0313629643964,True,True,float16,279.9036753761103,318.6694674003285
1768628468.6282988,2,763.5,874,653,1527,synthetic-7B,32,4096,32,32000,1576.4603024180715,1891.7523629016857,945.8761814508429,False,True,float16,426.06875078355006,270.84124185903346
1768628468.6283545,16,503.6875,881,83,8059,synthetic-7B,32,4096,32,32000,9867.917189202048,11841.500627042456,5920.750313521228,False,True,float16,350.8673995769545,189.7938243530702
1768628468.6284115,1,983.0,983,983,983,synthetic-7B,32,4096,32,32000,1034.4776293386478,1241.3731552063773,620.6865776031887,False,True,float16,451.55995817671555,484.57681386657305
1768628468.628472,2,396.5,583,210,793,synthetic-7B,32,4096,32,32000,556.3038245545222,667.5645894654266,333.7822947327133,True,True,float16,209.81951147412926,280.60143851434793
1768628468.6285286,1,579.0,579,579,579,synthetic-7B,32,4096,32,32000,554.1748787043753,665.0098544452503,332.50492722262516,False,True,float16,306.7932713908996,233.56129598142607
1768628468.6285858,4,436.75,752,51,1747,synthetic-7B,32,4096,32,32000,1776.6814567476843,2132.017748097221,1066.0088740486106,False,True,float16,257.81336297242115,229.98084843804077
1768628468.628643,8,468.375,929,58,3747,synthetic-7B,32,4096,32,32000,3566.04397874947,4279.252774499364,2139.626387249682,False,True,float16,346.39410704526824,443.54683614765247
1768628468.6286986,2,452.5,811,94,905,synthetic-7B,32,4096,32,32000,757.4005134884978,908.8806161861974,454.4403080930987,False,True,float16,217.9740619604647,160.9053339852012
1768628468.6287599,32,576.375,995,53,18444,synthetic-7B,32,4096,32,32000,19712.647248553636,23655.176698264364,11827.588349132182,False,True,float16,401.8778157828092,79.63380049341366
1768628468.6288176,32,447.84375,966,62,14331,synthetic-7B,32,4096,32,32000,14559.465154089361,17471.358184907232,8735.679092453616,False,True,float16,325.28693730465346,146.39092644728152
1768628468.6288757,32,591.78125,972,169,18937,synthetic-7B,32,4096,32,32000,19008.529035554122,22810.234842664944,11405.117421332472,False,True,float16,483.45014810824455,34.31852558474476
1768628468.6289356,1,808.0,808,808,808,synthetic-7B,32,4096,32,32000,617.9113539541872,741.4936247450247,370.74681237251235,False,True,float16,220.92197810817675,339.65968811998727
1768628468.6290083,16,521.75,886,80,8348,synthetic-7B,32,4096,32,32000,7363.630261447219,8836.356313736662,4418.178156868331,True,True,float16,446.77759251073604,477.51162890072794
1768628468.6290667,2,582.0,687,477,1164,synthetic-7B,32,4096,32,32000,1045.3307342853236,1254.3968811423883,627.1984405711942,True,False,float16,338.5421670695281,315.6234098328146
1768628468.629122,2,406.5,476,337,813,synthetic-7B,32,4096,32,32000,595.742567613999,714.8910811367988,357.4455405683994,True,False,float16,328.51893428854476,254.96725469368243
1768628468.6291788,2,700.0,797,603,1400,synthetic-7B,32,4096,32,32000,1391.5408504059913,1669.8490204871894,834.9245102435947,False,False,float16,104.75347995130018,221.33114500684715
1768628468.629235,8,348.625,719,76,2789,synthetic-7B,32,4096,32,32000,2969.59868009326,3563.518416111912,1781.759208055956,False,True,float16,149.26172850133966,472.141167299596
1768628468.6292894,1,714.0,714,714,714,synthetic-7B,32,4096,32,32000,674.2898353426842,809.147802411221,404.5739012056105,False,True,float16,314.2484779609424,22.534857372043504
1768628468.629347,32,528.0625,988,52,16898,synthetic-7B,32,4096,32,32000,15630.441407831506,18756.529689397805,9378.264844698902,False,True,float16,134.33909904749655,283.04258176959854
1768628468.6294026,8,476.75,883,68,3814,synthetic-7B,32,4096,32,32000,3624.1944641587793,4349.033356990535,2174.5166784952676,False,True,float16,414.28692565527643,144.82551884068704
1768628468.6294625,16,486.5625,983,71,7785,synthetic-7B,32,4096,32,32000,7546.707545243012,9056.049054291614,4528.024527145807,False,False,float16,361.86523820764364,132.59841449841912
1768628468.62952,32,540.375,987,79,17292,synthetic-7B,32,4096,32,32000,11316.975387370992,13580.370464845191,6790.185232422596,True,True,float16,406.55532750597143,142.81982357528724
1768628468.6295764,8,639.5,961,102,5116,synthetic-7B,32,4096,32,32000,4200.625787992542,5040.75094559105,2520.375472795525,False,True,float16,425.0903592959583,73.07725198133947
1768628468.629633,2,309.5,420,199,619,synthetic-7B,32,4096,32,32000,773.3588415795582,928.0306098954698,464.0153049477349,False,True,float16,318.1527776245409,268.82923680621883
1768628468.629689,32,554.875,994,105,17756,synthetic-7B,32,4096,32,32000,16005.364872450882,19206.43784694106,9603.21892347053,False,True,float16,185.19690296206699,265.9261538011672
1768628468.6297455,4,643.5,918,202,2574,synthetic-7B,32,4096,32,32000,2345.261332054557,2814.313598465468,1407.156799232734,False,True,float16,208.88031559567332,373.1368951036306
1768628468.6298015,32,544.0625,920,58,17410,synthetic-7B,32,4096,32,32000,16062.042747538053,19274.451297045664,9637.225648522832,False,True,float16,134.32447192150562,59.015928595319195
1768628468.6300542,4,622.25,906,356,2489,synthetic-7B,32,4096,32,32000,2278.1873221798996,2733.8247866158795,1366.9123933079397,False,True,float16,401.55991395575535,475.1833864018752
1768628468.6301115,32,546.21875,987,94,17479,synthetic-7B,32,4096,32,32000,13273.156899897134,15927.78827987656,7963.89413993828,True,True,float16,486.8540904223797,366.07448939214845
1768628468.6301677,32,578.5,999,97,18512,synthetic-7B,32,4096,32,32000,21652.72543978499,25983.27052774199,12991.635263870994,False,True,float16,428.13869676436116,53.03663145580362
1768628468.6302233,16,429.75,976,91,6876,synthetic-7B,32,4096,32,32000,5189.1736371724555,6227.008364606946,3113.504182303473,True,True,float16,381.51934746456857,87.74944244678211
1768628468.630279,32,484.65625,950,60,15509,synthetic-7B,32,4096,32,32000,11344.753368437134,13613.70404212456,6806.85202106228,True,True,float16,259.7266939136787,371.56751422702274
1768628468.6303358,8,424.125,874,116,3393,synthetic-7B,32,4096,32,32000,2797.6413888186244,3357.1696665823492,1678.5848332911746,True,True,float16,444.7319374288436,86.15603114895164
1768628468.630397,32,494.5,972,61,15824,synthetic-7B,32,4096,32,32000,16891.172917271037,20269.407500725243,10134.703750362622,False,True,float16,370.57261118084824,479.9522104957726
1768628468.630456,4,375.0,893,101,1500,synthetic-7B,32,4096,32,32000,1399.1910603759861,1679.0292724511833,839.5146362255916,True,False,float16,497.5116499401851,53.920539044939936
1768628468.6305118,16,418.5,853,88,6696,synthetic-7B,32,4096,32,32000,6304.493686663351,7565.392423996021,3782.6962119980103,False,True,float16,313.75848971647736,114.96330395490206
1768628468.6305695,32,521.59375,945,54,16691,synthetic-7B,32,4096,32,32000,13315.805137747058,15978.96616529647,7989.483082648235,True,True,float16,486.6476721509176,51.26693143706872
1768628468.630627,32,598.46875,979,80,19151,synthetic-7B,32,4096,32,32000,13846.876818803403,16616.252182564083,8308.126091282042,False,True,float16,353.86582577844433,453.808846201112
1768628468.6306837,1,457.0,457,457,457,synthetic-7B,32,4096,32,32000,395.27603033396076,474.3312364007529,237.16561820037646,False,True,float16,162.86917950232387,10.92473569980134
1768628468.6307402,4,668.5,888,394,2674,synthetic-7B,32,4096,32,32000,1840.4494830846252,2208.53937970155,1104.269689850775,True,True,float16,246.22482513642936,198.56306887732262
1768628468.6307971,32,446.3125,991,51,14282,synthetic-7B,32,4096,32,32000,16873.8482185475,20248.617862257,10124.3089311285,False,True,float16,399.0938264894774,340.91174192377053
1768628468.6308537,32,535.53125,853,129,17137,synthetic-7B,32,4096,32,32000,14707.076739945205,17648.492087934246,8824.246043967123,True,True,float16,393.6959752033931,65.3778357933546
1768628468.6309114,16,493.1875,949,70,7891,synthetic-7B,32,4096,32,32000,5354.091631032689,6424.909957239227,3212.4549786196135,True,True,float16,193.3223883277871,213.49962544814673
1768628468.6309676,16,589.75,935,189,9436,synthetic-7B,32,4096,32,32000,8527.048161978535,10232.457794374242,5116.228897187121,True,False,float16,158.94893519218715,110.11349003735039
1768628468.6310234,4,336.75,745,96,1347,synthetic-7B,32,4096,32,32000,1516.0739444981998,1819.2887333978397,909.6443666989198,False,False,float16,162.2753680321115,416.3213515829116
1768628468.631079,4,448.5,947,72,1794,synthetic-7B,32,4096,32,32000,2094.0061802780197,2512.8074163336237,1256.4037081668118,False,True,float16,222.13343549491475,104.94000749549063
1768628468.6311393,8,584.75,941,104,4678,synthetic-7B,32,4096,32,32000,5341.55518660982,6409.866223931785,3204.9331119658923,False,True,float16,383.3558429242905,454.49400814724873
1768628468.631196,8,485.125,978,73,3881,synthetic-7B,32,4096,32,32000,4105.150762942464,4926.180915530957,2463.0904577654783,False,True,float16,448.71176458161136,283.79210320113805
1768628468.631252,1,669.0,669,669,669,synthetic-7B,32,4096,32,32000,668.6184124418917,802.34209493027,401.171047465135,False,True,float16,277.163479626914,54.27808123417747
1768628468.6313083,8,558.125,924,84,4465,synthetic-7B,32,4096,32,32000,4760.947249928986,5713.136699914783,2856.5683499573915,False,True,float16,324.5590447300175,259.1458331879187
1768628468.6313648,2,786.0,817,755,1572,synthetic-7B,32,4096,32,32000,1554.7182004755614,1865.6618405706736,932.8309202853368,False,True,float16,333.5761830761716,107.7332676158155
1768628468.6314209,1,145.0,145,145,145,synthetic-7B,32,4096,32,32000,149.24427392311753,179.09312870774104,89.54656435387052,False,True,float16,193.41256798523574,135.54046327920236
1768628468.6314785,32,462.15625,958,70,14789,synthetic-7B,32,4096,32,32000,16616.614932416753,19939.9379189001,9969.96895945005,False,True,float16,218.86856531851737,198.32401017030017
1768628468.6315355,4,395.75,693,82,1583,synthetic-7B,32,4096,32,32000,1213.6256750860953,1456.3508101033142,728.1754050516571,True,True,float16,313.52648140370553,455.1133126790465
1768628468.6315913,1,488.0,488,488,488,synthetic-7B,32,4096,32,32000,511.5282928904571,613.8339514685485,306.9169757342743,False,True,float16,195.27274574931278,156.30885447174748
1768628468.6316462,32,474.6875,984,52,15190,synthetic-7B,32,4096,32,32000,9452.467517848741,11342.961021418489,5671.480510709244,True,True,float16,216.12106966819047,491.56376353507835
1768628468.6317031,8,566.625,976,85,4533,synthetic-7B,32,4096,32,32000,2710.819293422899,3252.983152107479,1626.4915760537394,True,True,float16,283.3868674794196,374.5137034932681
1768628468.6317666,16,508.5625,947,59,8137,synthetic-7B,32,4096,32,32000,7223.76007384552,8668.512088614623,4334.256044307312,True,False,float16,335.78437267998254,268.6333916065212
1768628468.6318252,8,666.875,960,177,5335,synthetic-7B,32,4096,32,32000,5580.796144786454,6696.9553737437445,3348.4776868718723,False,True,float16,470.7257434441807,16.635294956141355
1768628468.6318836,1,656.0,656,656,656,synthetic-7B,32,4096,32,32000,505.0505289417475,606.0606347300969,303.03031736504846,True,True,float16,404.98687078252556,213.83828199569757
1768628468.6319416,32,562.8125,974,81,18010,synthetic-7B,32,4096,32,32000,10982.716640545063,13179.259968654074,6589.629984327037,True,False,float16,266.76848233624446,293.157867777889
1768628468.6319985,32,525.90625,998,90,16829,synthetic-7B,32,4096,32,32000,17786.216911637574,21343.460293965087,10671.730146982543,False,True,float16,292.18851529500955,342.35711450700734
1768628468.6320555,8,545.75,989,53,4366,synthetic-7B,32,4096,32,32000,4046.2921489222927,4855.550578706751,2427.7752893533757,True,False,float16,460.6230297082572,10.934143153784554
1768628468.6321118,16,565.75,902,200,9052,synthetic-7B,32,4096,32,32000,9373.603267524682,11248.323921029618,5624.161960514809,False,True,float16,128.04892461589725,61.29240891722995
1768628468.6321688,1,402.0,402,402,402,synthetic-7B,32,4096,32,32000,391.50791849492674,469.80950219391207,234.90475109695603,False,False,float16,405.6358409297704,378.4580490520923
1768628468.6322253,32,557.46875,956,85,17839,synthetic-7B,32,4096,32,32000,18132.227790605702,21758.673348726843,10879.336674363421,False,True,float16,185.0375737563426,448.4622052036013
1768628468.6322808,4,224.25,353,160,897,synthetic-7B,32,4096,32,32000,758.9882736074172,910.7859283289007,455.39296416445035,False,True,float16,400.30718569889945,177.35611054608916
1768628468.6323407,4,566.0,884,222,2264,synthetic-7B,32,4096,32,32000,2218.6401642102983,2662.368197052358,1331.184098526179,False,True,float16,397.6175451111465,434.55201826297565
1768628468.6323972,32,557.5625,946,155,17842,synthetic-7B,32,4096,32,32000,18472.930659032907,22167.516790839487,11083.758395419743,False,True,float16,187.02004483015594,91.4872093787692
1768628468.632453,2,334.5,349,320,669,synthetic-7B,32,4096,32,32000,624.3616450567833,749.23397406814,374.61698703407,False,False,float16,435.7506940421323,251.28313760607656
1768628468.6325097,16,485.875,944,118,7774,synthetic-7B,32,4096,32,32000,8019.5149907806135,9623.417988936735,4811.708994468368,False,True,float16,213.6116845986971,308.00795161615594
1768628468.63257,1,483.0,483,483,483,synthetic-7B,32,4096,32,32000,371.86820854874793,446.2418502584975,223.12092512924875,True,True,float16,327.8105516118525,142.63735966714043
1768628468.6326277,8,501.375,975,51,4011,synthetic-7B,32,4096,32,32000,4655.897814610857,5587.077377533028,2793.538688766514,False,True,float16,243.10934547706847,85.195502080652
1768628468.6326845,32,538.0,984,60,17216,synthetic-7B,32,4096,32,32000,11842.771878860813,14211.326254632975,7105.663127316488,True,False,float16,130.93393905819215,319.53957687767945
1768628468.6327417,16,551.875,998,73,8830,synthetic-7B,32,4096,32,32000,8451.974475321895,10142.369370386274,5071.184685193137,False,True,float16,256.3252159138533,423.41611363138213
1768628468.6327987,2,738.5,744,733,1477,synthetic-7B,32,4096,32,32000,1146.9414974936785,1376.3297969924142,688.1648984962071,True,True,float16,125.96296058179405,136.55802391623388
1768628468.6328564,4,436.0,835,123,1744,synthetic-7B,32,4096,32,32000,1814.3930345401075,2177.271641448129,1088.6358207240644,False,True,float16,185.14684691036643,42.36149802873855
1768628468.6329126,2,401.5,685,118,803,synthetic-7B,32,4096,32,32000,748.0821431386805,897.6985717664166,448.8492858832083,False,True,float16,350.6580493857364,281.33052248126376
1768628468.6329856,2,116.0,158,74,232,synthetic-7B,32,4096,32,32000,175.49674479026498,210.59609374831797,105.29804687415898,True,True,float16,187.65908875369402,241.03113688134528
1768628468.633048,8,586.375,969,105,4691,synthetic-7B,32,4096,32,32000,4101.417361590629,4921.700833908755,2460.8504169543776,False,True,float16,379.791352078101,252.6286761911457
1768628468.6331065,1,210.0,210,210,210,synthetic-7B,32,4096,32,32000,234.82495487680495,281.78994585216594,140.89497292608297,False,True,float16,379.4092683825021,77.82937508286822
1768628468.6331635,32,493.8125,988,55,15802,synthetic-7B,32,4096,32,32000,16553.53690069286,19864.24428083143,9932.122140415715,False,True,float16,321.38923302829596,120.7093678594062
1768628468.6332204,16,457.6875,984,84,7323,synthetic-7B,32,4096,32,32000,6981.7375377546305,8378.085045305555,4189.042522652778,False,True,float16,353.8005046297957,256.9183718847263
1768628468.633278,4,482.75,662,124,1931,synthetic-7B,32,4096,32,32000,1919.3524509742902,2303.2229411691483,1151.6114705845741,False,False,float16,231.35111946566505,41.54003626592913
1768628468.6333382,16,591.0625,989,79,9457,synthetic-7B,32,4096,32,32000,8768.87763215767,10522.653158589203,5261.326579294601,False,True,float16,370.3592270669087,457.8988874925701
1768628468.6333945,16,445.3125,875,78,7125,synthetic-7B,32,4096,32,32000,4723.960094801811,5668.7521137621725,2834.3760568810862,True,True,float16,290.5800374971054,11.220955237042546
1768628468.6334503,1,393.0,393,393,393,synthetic-7B,32,4096,32,32000,311.07036366954674,373.2844364034561,186.64221820172804,False,True,float16,433.1016502656351,347.85606517249204
1768628468.6335065,1,832.0,832,832,832,synthetic-7B,32,4096,32,32000,578.5569808912448,694.2683770694938,347.1341885347469,True,True,float16,173.78714330848166,102.528752542631
1768628468.6335628,32,554.5625,981,85,17746,synthetic-7B,32,4096,32,32000,14438.718975351232,17326.462770421476,8663.231385210738,True,True,float16,476.83573485023703,333.567171481381
1768628468.6336186,32,525.84375,972,67,16827,synthetic-7B,32,4096,32,32000,16979.73543638462,20375.682523661544,10187.841261830772,False,True,float16,285.8968251442822,14.701297785706618
1768628468.6336763,16,566.5,944,72,9064,synthetic-7B,32,4096,32,32000,9999.151920674967,11998.98230480996,5999.49115240498,False,False,float16,162.60662117112855,125.0278757641067
1768628468.633732,1,855.0,855,855,855,synthetic-7B,32,4096,32,32000,703.1663002910767,843.799560349292,421.899780174646,False,False,float16,453.7899083670058,98.39146351597606
1768628468.6337886,2,427.5,487,368,855,synthetic-7B,32,4096,32,32000,672.9297565779743,807.5157078935691,403.75785394678456,True,True,float16,475.5572279933534,217.74901011299272
1768628468.6338456,1,321.0,321,321,321,synthetic-7B,32,4096,32,32000,332.4578067549907,398.94936810598887,199.47468405299443,False,False,float16,384.72984294643965,100.46938513266234
1768628468.633902,8,589.0,935,266,4712,synthetic-7B,32,4096,32,32000,4683.735147831218,5620.482177397461,2810.2410886987304,False,True,float16,138.7663852932475,134.38439446600262
1768628468.6339583,16,366.8125,848,52,5869,synthetic-7B,32,4096,32,32000,6729.000304096936,8074.800364916323,4037.4001824581615,False,False,float16,282.445082101224,164.46000183964108
1768628468.6340292,4,499.5,795,77,1998,synthetic-7B,32,4096,32,32000,1947.982098942859,2337.578518731431,1168.7892593657155,False,True,float16,282.2072063652592,160.8671495466049
1768628468.6340873,8,405.625,984,145,3245,synthetic-7B,32,4096,32,32000,3069.127759215624,3682.9533110587486,1841.4766555293743,False,True,float16,365.80354466466457,339.4814330194989
1768628468.6341465,2,697.5,840,555,1395,synthetic-7B,32,4096,32,32000,1320.626254195451,1584.7515050345412,792.3757525172706,False,True,float16,119.48625370038522,68.17578206309744
1768628468.6342044,1,713.0,713,713,713,synthetic-7B,32,4096,32,32000,773.5709209129567,928.285105095548,464.142552547774,False,True,float16,206.74513588062587,484.93823367149264
1768628468.6342616,16,373.75,826,51,5980,synthetic-7B,32,4096,32,32000,4651.157529908274,5581.389035889929,2790.6945179449644,True,True,float16,421.58428805555974,398.63019465858423
1768628468.634318,1,725.0,725,725,725,synthetic-7B,32,4096,32,32000,552.7083443149248,663.2500131779098,331.6250065889549,True,True,float16,383.06437735570256,81.6829488491821
1768628468.6343753,8,544.75,987,57,4358,synthetic-7B,32,4096,32,32000,3803.16094218756,4563.793130625072,2281.896565312536,True,False,float16,108.2993240907212,157.84707689494303
1768628468.6344373,32,496.8125,958,131,15898,synthetic-7B,32,4096,32,32000,11332.268380874139,13598.722057048966,6799.361028524483,True,False,float16,109.59963492283546,140.97713871578338
1768628468.634494,16,506.9375,997,85,8111,synthetic-7B,32,4096,32,32000,6825.887946734777,8191.065536081732,4095.532768040866,False,True,float16,203.23385902716126,201.2838118641729
1768628468.6345518,1,785.0,785,785,785,synthetic-7B,32,4096,32,32000,622.5302669188261,747.0363203025913,373.51816015129566,True,False,float16,128.59659079252648,189.62228996992147
1768628468.6346087,16,584.875,967,68,9358,synthetic-7B,32,4096,32,32000,8992.528912260996,10791.034694713195,5395.517347356597,False,True,float16,318.0623502835706,133.83880206859754
1768628468.6346657,32,548.4375,952,82,17550,synthetic-7B,32,4096,32,32000,12465.210155345518,14958.25218641462,7479.12609320731,True,True,float16,314.126859572761,172.17615824813245
1768628468.634727,4,407.25,781,88,1629,synthetic-7B,32,4096,32,32000,1592.4284852009716,1910.914182241166,955.457091120583,False,True,float16,493.41431355137706,238.0235308481239
1768628468.634786,32,606.09375,994,75,19395,synthetic-7B,32,4096,32,32000,20166.126596416714,24199.351915700056,12099.675957850028,False,True,float16,233.7787658784622,213.22311013234165
1768628468.6348412,1,414.0,414,414,414,synthetic-7B,32,4096,32,32000,401.7991450028801,482.1589740034561,241.07948700172804,False,True,float16,331.3393496564362,21.272843617902083
1768628468.6348975,16,474.3125,981,76,7589,synthetic-7B,32,4096,32,32000,6901.164308895234,8281.397170674281,4140.698585337141,False,True,float16,213.8185853669309,364.3426790876051
1768628468.6349523,1,599.0,599,599,599,synthetic-7B,32,4096,32,32000,604.8118993565739,725.7742792278887,362.8871396139443,False,True,float16,291.07296007430614,37.81579349985444
1768628468.6350093,16,587.9375,984,100,9407,synthetic-7B,32,4096,32,32000,10069.692250199176,12083.630700239011,6041.815350119506,False,True,float16,499.71293750253056,170.49663611971278
1768628468.635067,2,197.5,342,53,395,synthetic-7B,32,4096,32,32000,379.64962085644066,455.5795450277288,227.7897725138644,False,False,float16,413.0290045008683,363.67638307973743
1768628468.6351228,2,249.0,374,124,498,synthetic-7B,32,4096,32,32000,571.9268477629574,686.3122173155489,343.15610865777444,False,True,float16,484.4289948235972,433.36560101833305
1768628468.635179,8,363.625,718,79,2909,synthetic-7B,32,4096,32,32000,3406.934003989488,4088.320804787385,2044.1604023936925,False,True,float16,155.78818649639902,483.8866644272674
1768628468.6352355,8,578.0,981,173,4624,synthetic-7B,32,4096,32,32000,4764.164813903077,5716.997776683692,2858.498888341846,False,True,float16,412.353803858056,115.44317660318941
1768628468.6352897,16,571.1875,968,114,9139,synthetic-7B,32,4096,32,32000,7510.736045165014,9012.883254198015,4506.441627099008,False,True,float16,391.5866266071659,173.370475913137
1768628468.635345,32,561.21875,957,95,17959,synthetic-7B,32,4096,32,32000,17476.001446185084,20971.2017354221,10485.60086771105,False,True,float16,377.5345014666833,343.2059585884876
1768628468.6354008,4,542.25,945,75,2169,synthetic-7B,32,4096,32,32000,2522.4919839237223,3026.9903807084665,1513.4951903542333,False,True,float16,416.036635103839,213.83877930087533
1768628468.6354604,16,587.3125,977,191,9397,synthetic-7B,32,4096,32,32000,7525.804014652884,9030.96481758346,4515.48240879173,True,False,float16,161.271901267418,375.55206523603573
1768628468.635517,8,538.875,981,141,4311,synthetic-7B,32,4096,32,32000,3815.1189235075476,4578.142708209057,2289.0713541045284,False,False,float16,238.43772397168377,241.25217727765497
1768628468.6355824,1,602.0,602,602,602,synthetic-7B,32,4096,32,32000,695.8593025500473,835.0311630600568,417.5155815300284,False,True,float16,163.65612062809723,402.33758498660444
1768628468.6356404,32,501.0625,999,81,16034,synthetic-7B,32,4096,32,32000,12090.076186617038,14508.091423940445,7254.045711970222,True,True,float16,261.8938962326975,182.2391850764927
1768628468.6356966,8,453.5,857,120,3628,synthetic-7B,32,4096,32,32000,3193.9926990612826,3832.791238873539,1916.3956194367695,False,True,float16,331.5193534195852,298.4084578253627
1768628468.6357577,8,602.75,996,71,4822,synthetic-7B,32,4096,32,32000,3643.5196532012556,4372.223583841506,2186.111791920753,True,True,float16,133.43303710993166,167.72919178102998
1768628468.6358142,32,523.5,872,54,16752,synthetic-7B,32,4096,32,32000,17954.741015045405,21545.689218054486,10772.844609027243,False,True,float16,338.8343339735336,354.11426552513115
1768628468.6358712,2,413.0,572,254,826,synthetic-7B,32,4096,32,32000,776.6179599776206,931.9415519731447,465.97077598657233,False,True,float16,487.1590857769788,262.10361340347436
1768628468.6359284,8,396.5,829,110,3172,synthetic-7B,32,4096,32,32000,3666.936475184601,4400.323770221521,2200.1618851107605,False,True,float16,151.1855814230641,208.9592139681638
1768628468.6359851,4,605.75,989,227,2423,synthetic-7B,32,4096,32,32000,1625.3487782145367,1950.418533857444,975.209266928722,True,True,float16,186.8555172413763,58.84454561415442
1768628468.6360455,32,542.90625,965,83,17373,synthetic-7B,32,4096,32,32000,13109.858928891019,15731.830714669222,7865.915357334611,True,True,float16,159.9310437525461,388.82026754396344
1768628468.6361039,1,398.0,398,398,398,synthetic-7B,32,4096,32,32000,281.22184275954095,337.4662113114491,168.73310565572456,True,True,float16,192.36805706806845,267.14236265251685
1768628468.6361632,8,361.75,660,205,2894,synthetic-7B,32,4096,32,32000,3184.025846007574,3820.8310152090885,1910.4155076045442,False,True,float16,170.3341615204065,214.20282859890497
1768628468.636221,16,511.625,937,52,8186,synthetic-7B,32,4096,32,32000,7628.2033325867515,9153.843999104101,4576.921999552051,False,False,float16,155.92487075560626,107.825769916491
1768628468.6362784,8,507.125,836,64,4057,synthetic-7B,32,4096,32,32000,3199.732991073869,3839.6795892886425,1919.8397946443213,True,True,float16,448.0413990088369,99.71749762515346
1768628468.6363347,16,540.625,999,50,8650,synthetic-7B,32,4096,32,32000,9161.425682151516,10993.710818581818,5496.855409290909,False,True,float16,354.0555934967762,114.59916383358103
1768628468.6363912,16,603.0,963,104,9648,synthetic-7B,32,4096,32,32000,8454.309746466386,10145.171695759664,5072.585847879832,False,True,float16,125.55062246677039,308.0880747195937
1768628468.6364472,2,220.0,300,140,440,synthetic-7B,32,4096,32,32000,339.44942296860205,407.33930756232246,203.66965378116123,True,True,float16,334.38333730076624,326.6032125867506
1768628468.6365047,32,517.5625,997,83,16562,synthetic-7B,32,4096,32,32000,11679.277082676594,14015.132499211912,7007.566249605956,True,True,float16,440.7157209428552,39.260678852447136
1768628468.6365592,1,617.0,617,617,617,synthetic-7B,32,4096,32,32000,542.5231387162044,651.0277664594452,325.5138832297226,False,True,float16,395.67635289823147,67.31882785272815
1768628468.6366167,32,501.96875,940,68,16063,synthetic-7B,32,4096,32,32000,13877.828613846576,16653.39433661589,8326.697168307945,False,True,float16,243.0190036435145,235.32039866883036
1768628468.6366742,2,607.5,914,301,1215,synthetic-7B,32,4096,32,32000,952.9411774145277,1143.5294128974333,571.7647064487167,True,True,float16,480.5754284488205,99.1831883836479
1768628468.6367357,2,677.0,794,560,1354,synthetic-7B,32,4096,32,32000,1461.7566984808836,1754.1080381770603,877.0540190885301,False,True,float16,113.00817864905967,286.62515976912516
1768628468.6367948,4,639.25,882,237,2557,synthetic-7B,32,4096,32,32000,2838.5668475720117,3406.280217086414,1703.140108543207,False,True,float16,340.3613621313374,222.02703918508314
1768628468.6368532,16,582.125,953,144,9314,synthetic-7B,32,4096,32,32000,10493.740336204413,12592.488403445295,6296.244201722648,False,True,float16,323.7235065853894,425.03572745732845
1768628468.6369145,32,524.5,979,57,16784,synthetic-7B,32,4096,32,32000,15970.021018511832,19164.025222214197,9582.012611107099,False,False,float16,262.36765049724875,310.09922731478383
1768628468.636988,2,937.0,940,934,1874,synthetic-7B,32,4096,32,32000,1371.5684999217253,1645.8821999060704,822.9410999530352,True,False,float16,234.42535288666056,189.37681833591878
1768628468.6370478,8,500.875,990,136,4007,synthetic-7B,32,4096,32,32000,4140.624046665102,4968.748855998122,2484.374427999061,False,True,float16,403.75765879016876,159.39905235540954
1768628468.6371093,1,538.0,538,538,538,synthetic-7B,32,4096,32,32000,521.7079568571937,626.0495482286325,313.02477411431624,False,True,float16,143.18743635033604,87.62762926060338
1768628468.637166,2,466.0,669,263,932,synthetic-7B,32,4096,32,32000,1059.817259919627,1271.7807119035524,635.8903559517762,False,True,float16,467.0329435871829,447.65503902689545
1768628468.6372235,32,506.5,988,89,16208,synthetic-7B,32,4096,32,32000,12760.111181336048,15312.133417603256,7656.066708801628,True,True,float16,477.2586663267858,188.3722276540443
1768628468.6372795,4,571.5,999,213,2286,synthetic-7B,32,4096,32,32000,1806.2424607432436,2167.490952891892,1083.745476445946,True,True,float16,216.7965276434456,278.6142193668573
1768628468.637335,16,469.3125,938,58,7509,synthetic-7B,32,4096,32,32000,7765.1535258910435,9318.184231069252,4659.092115534626,False,True,float16,357.67098357192407,201.99513956039007
1768628468.6373916,8,576.75,921,335,4614,synthetic-7B,32,4096,32,32000,4749.226165697636,5699.0713988371635,2849.5356994185818,False,False,float16,290.7931391950675,287.02443315735525
1768628468.6374476,2,509.0,733,285,1018,synthetic-7B,32,4096,32,32000,727.7297131137119,873.2756557364543,436.63782786822713,True,True,float16,220.46498642959278,128.11566630527574
1768628468.6375048,1,329.0,329,329,329,synthetic-7B,32,4096,32,32000,232.4524064258632,278.94288771103584,139.47144385551792,True,True,float16,235.91459982071154,60.62231247446832
1768628468.63756,4,675.75,882,403,2703,synthetic-7B,32,4096,32,32000,2707.997496783531,3249.596996140237,1624.7984980701185,False,True,float16,174.719317086352,354.7439449409218
1768628468.6376207,8,424.375,964,140,3395,synthetic-7B,32,4096,32,32000,2453.114389741048,2943.7372676892574,1471.8686338446287,True,True,float16,122.54937382174438,405.1085942540457
1768628468.6376789,4,597.75,995,139,2391,synthetic-7B,32,4096,32,32000,2087.068988781559,2504.4827865378707,1252.2413932689353,True,True,float16,139.22160661659336,366.5928937401899
1768628468.6377356,1,230.0,230,230,230,synthetic-7B,32,4096,32,32000,240.4716062060788,288.56592744729454,144.28296372364727,False,True,float16,437.22725337273135,104.9055923868813
1768628468.6377926,2,625.5,661,590,1251,synthetic-7B,32,4096,32,32000,1196.3812029930841,1435.657443591701,717.8287217958505,False,False,float16,112.0060778317511,436.3145010487855
1768628468.637849,2,457.5,662,253,915,synthetic-7B,32,4096,32,32000,1051.1734921842808,1261.408190621137,630.7040953105685,False,False,float16,298.0771760494098,466.70324876773026
1768628468.6379051,8,581.5,905,61,4652,synthetic-7B,32,4096,32,32000,5084.149833959246,6100.979800751095,3050.4899003755477,False,True,float16,106.24521931485616,398.4195826385182
1768628468.6379626,16,752.375,999,126,12038,synthetic-7B,32,4096,32,32000,12542.926816513369,15051.512179816042,7525.756089908021,False,False,float16,238.79995187762609,242.57628387752115
1768628468.63803,8,438.375,930,134,3507,synthetic-7B,32,4096,32,32000,3113.1647887333934,3735.797746480072,1867.898873240036,False,True,float16,485.9572884735772,162.21115066804535
1768628468.6380887,32,511.03125,976,82,16353,synthetic-7B,32,4096,32,32000,12497.28872711938,14996.746472543255,7498.373236271627,True,False,float16,172.458735904531,367.7873380466853
1768628468.6381462,16,565.1875,962,139,9043,synthetic-7B,32,4096,32,32000,11123.5704119848,13348.28449438176,6674.14224719088,False,True,float16,287.7462398696719,249.9165815532502
1768628468.6382031,32,464.28125,991,72,14857,synthetic-7B,32,4096,32,32000,17953.106412775647,21543.727695330777,10771.863847665389,False,True,float16,404.7592627710891,130.5630595527349
1768628468.6382596,2,688.5,943,434,1377,synthetic-7B,32,4096,32,32000,1340.338104114,1608.4057249368,804.2028624684,False,True,float16,127.70524325011627,255.09186601707927
1768628468.6383193,8,546.25,979,212,4370,synthetic-7B,32,4096,32,32000,4195.414387126619,5034.497264551942,2517.248632275971,False,True,float16,329.25694344843004,363.27921738464477
1768628468.6383796,2,551.5,790,313,1103,synthetic-7B,32,4096,32,32000,1359.41999550088,1631.303994601056,815.651997300528,False,True,float16,391.6043067869076,160.75777828916836
1768628468.6384377,16,548.5625,998,203,8777,synthetic-7B,32,4096,32,32000,9386.241280689464,11263.489536827357,5631.744768413679,False,True,float16,444.88984635426124,71.05971396003494
1768628468.6384954,8,498.375,915,130,3987,synthetic-7B,32,4096,32,32000,3456.1326674007423,4147.359200880891,2073.6796004404455,True,False,float16,256.3405818487579,101.3001462900509
1768628468.6385531,32,472.0,900,126,15104,synthetic-7B,32,4096,32,32000,15171.706071010361,18206.047285212433,9103.023642606217,False,True,float16,286.81034712666394,81.34295970199976
1768628468.6386094,32,559.71875,960,112,17911,synthetic-7B,32,4096,32,32000,22162.868865873654,26595.442639048382,13297.721319524191,False,False,float16,493.72869513447705,314.52857840813294
1768628468.6386652,4,666.0,992,50,2664,synthetic-7B,32,4096,32,32000,2007.8615642973405,2409.4338771568086,1204.7169385784043,True,False,float16,152.97341591269338,302.9901612562355
1768628468.6387205,4,449.0,639,334,1796,synthetic-7B,32,4096,32,32000,1589.370953213869,1907.2451438566427,953.6225719283213,False,True,float16,300.6892930598306,332.38768932952564
1768628468.6387775,8,427.0,704,113,3416,synthetic-7B,32,4096,32,32000,3044.5955017874326,3653.514602144919,1826.7573010724595,True,False,float16,414.3532689896862,224.36380567200314
1768628468.638834,32,543.6875,948,54,17398,synthetic-7B,32,4096,32,32000,19278.845051181142,23134.61406141737,11567.307030708685,False,True,float16,306.5904729563231,359.5583106771708
1768628468.6388903,2,297.5,456,139,595,synthetic-7B,32,4096,32,32000,657.0572507774586,788.4687009329504,394.2343504664752,False,True,float16,443.19327129703294,441.96591842343236
1768628468.638947,32,595.84375,988,140,19067,synthetic-7B,32,4096,32,32000,21737.43555498351,26084.92266598021,13042.461332990106,False,True,float16,164.54565281183253,115.64191288878571
1768628468.6390028,1,605.0,605,605,605,synthetic-7B,32,4096,32,32000,567.9840095642976,681.5808114771571,340.79040573857856,False,True,float16,300.06841033217063,76.77879154924291
1768628468.639063,16,456.625,952,50,7306,synthetic-7B,32,4096,32,32000,6385.07888641323,7662.094663695876,3831.047331847938,False,True,float16,335.5886935278072,159.64708935275075
1768628468.639119,8,644.25,941,339,5154,synthetic-7B,32,4096,32,32000,5197.076654819615,6236.491985783538,3118.245992891769,False,True,float16,259.9156960610046,340.0040402010834
1768628468.639176,4,255.75,370,76,1023,synthetic-7B,32,4096,32,32000,941.0440544287333,1129.2528653144798,564.6264326572399,False,True,float16,299.1621626329286,432.24299482757687
1768628468.639231,8,602.75,878,212,4822,synthetic-7B,32,4096,32,32000,5781.682541447516,6938.0190497370195,3469.0095248685097,False,True,float16,362.75240272151564,201.39639339373883
1768628468.6392875,8,730.125,997,260,5841,synthetic-7B,32,4096,32,32000,6119.875151635175,7343.85018196221,3671.925090981105,False,True,float16,111.78889542442074,12.108722696049544
1768628468.639345,4,704.0,876,323,2816,synthetic-7B,32,4096,32,32000,2159.069037121149,2590.8828445453787,1295.4414222726894,True,True,float16,214.70115979013747,356.08564550169075
1768628468.6394029,32,603.84375,967,103,19323,synthetic-7B,32,4096,32,32000,18888.07744439252,22665.69293327102,11332.84646663551,False,True,float16,345.98068619978096,16.722129871753104
1768628468.6394591,16,518.0,876,156,8288,synthetic-7B,32,4096,32,32000,5678.379946085652,6814.055935302782,3407.027967651391,True,True,float16,476.9023157233107,412.78635012985075
1768628468.6395156,2,504.5,777,232,1009,synthetic-7B,32,4096,32,32000,778.5803954428541,934.2964745314248,467.1482372657124,True,True,float16,438.073985478604,192.6428940549123
1768628468.639572,16,467.0,800,61,7472,synthetic-7B,32,4096,32,32000,7966.746922825271,9560.096307390326,4780.048153695163,False,False,float16,242.63896724066703,190.98085147360013
1768628468.6396275,16,458.75,971,186,7340,synthetic-7B,32,4096,32,32000,8434.376355627986,10121.251626753583,5060.6258133767915,False,True,float16,310.0926235563751,344.3604978462949
1768628468.639688,1,875.0,875,875,875,synthetic-7B,32,4096,32,32000,941.4936441839931,1129.7923730207917,564.8961865103959,False,False,float16,214.69023361080946,444.9700520812796
1768628468.6397502,2,482.5,797,168,965,synthetic-7B,32,4096,32,32000,1085.3965330646652,1302.475839677598,651.237919838799,False,True,float16,292.6772390751369,153.7178029840424
1768628468.639807,2,820.0,937,703,1640,synthetic-7B,32,4096,32,32000,1729.1230700418632,2074.9476840502357,1037.4738420251178,False,True,float16,382.5149846480276,329.08541967160664
1768628468.639864,8,539.125,947,123,4313,synthetic-7B,32,4096,32,32000,4644.888920665204,5573.866704798244,2786.933352399122,False,False,float16,222.73368444009395,235.01774403037462
1768628468.6399198,32,570.53125,986,54,18257,synthetic-7B,32,4096,32,32000,19847.60777597829,23817.129331173946,11908.564665586973,False,True,float16,180.0965184137541,196.07245044099616
1768628468.6399758,2,830.0,925,735,1660,synthetic-7B,32,4096,32,32000,1658.3161028384548,1989.9793234061456,994.9896617030728,False,True,float16,356.1967963723988,15.381056815913992
1768628468.640032,32,551.34375,982,89,17643,synthetic-7B,32,4096,32,32000,18264.123912975072,21916.948695570085,10958.474347785042,False,True,float16,451.68723317210595,220.86239986538072
1768628468.6400883,2,170.0,264,76,340,synthetic-7B,32,4096,32,32000,349.950346565652,419.9404158787824,209.9702079393912,False,False,float16,289.7597874851353,402.6811513922817
1768628468.6401434,16,551.4375,926,57,8823,synthetic-7B,32,4096,32,32000,9398.050735660645,11277.660882792774,5638.830441396387,False,True,float16,353.82341139239264,312.5537457734062
1768628468.6401994,16,593.3125,986,55,9493,synthetic-7B,32,4096,32,32000,10602.688146032122,12723.225775238547,6361.612887619273,False,True,float16,406.8795854339404,204.10409282543688
1768628468.640257,4,463.0,945,90,1852,synthetic-7B,32,4096,32,32000,1218.8726269358729,1462.6471523230473,731.3235761615236,True,True,float16,380.131598119402,167.59900748634197
1768628468.640312,8,466.375,880,240,3731,synthetic-7B,32,4096,32,32000,2786.9223694652896,3344.3068433583476,1672.1534216791738,True,True,float16,151.66076035437942,103.53313764054722
1768628468.640369,1,976.0,976,976,976,synthetic-7B,32,4096,32,32000,818.1112144307444,981.7334573168932,490.8667286584466,True,True,float16,211.78482545612684,32.7103963027193
1768628468.6404257,4,422.5,712,60,1690,synthetic-7B,32,4096,32,32000,1590.5365296505352,1908.6438355806422,954.3219177903211,False,True,float16,190.538975559989,122.37898592757605
1768628468.640488,2,462.0,697,227,924,synthetic-7B,32,4096,32,32000,683.5786901279783,820.294428153574,410.147214076787,False,True,float16,273.72176355729164,169.58863060824484
1768628468.6405463,32,470.8125,954,106,15066,synthetic-7B,32,4096,32,32000,14413.225805815087,17295.870966978106,8647.935483489053,False,True,float16,307.6746392092107,200.33118971229095
1768628468.640604,1,640.0,640,640,640,synthetic-7B,32,4096,32,32000,724.9058044352977,869.8869653223572,434.9434826611786,False,True,float16,477.31249685082946,498.1612718549009
1768628468.640661,1,124.0,124,124,124,synthetic-7B,32,4096,32,32000,99.7164693065071,119.6597631678085,59.82988158390425,True,False,float16,276.7393243965853,248.9225397800261
1768628468.6407173,16,514.3125,912,87,8229,synthetic-7B,32,4096,32,32000,7940.477218458008,9528.572662149609,4764.286331074804,False,True,float16,280.37003857167576,105.42034919618972
1768628468.6407738,32,503.1875,983,88,16102,synthetic-7B,32,4096,32,32000,12265.41048601699,14718.492583220388,7359.246291610194,True,True,float16,426.746073408126,433.7179682316628
1768628468.6408308,4,661.0,929,407,2644,synthetic-7B,32,4096,32,32000,2800.5035494517774,3360.604259342133,1680.3021296710665,False,True,float16,462.15898973632613,257.04693066155136
1768628468.6408877,2,220.5,241,200,441,synthetic-7B,32,4096,32,32000,297.5239443880397,357.02873326564765,178.51436663282382,True,True,float16,319.47847592763867,272.1644814211467
1768628468.640957,1,816.0,816,816,816,synthetic-7B,32,4096,32,32000,640.6869825066326,768.8243790079591,384.41218950397956,True,True,float16,186.79517250313418,107.18936134015176
1768628468.6410182,32,522.34375,999,69,16715,synthetic-7B,32,4096,32,32000,17757.065119572464,21308.478143486955,10654.239071743477,False,True,float16,460.64271354880384,297.5540336806647
1768628468.6410809,32,567.59375,997,59,18163,synthetic-7B,32,4096,32,32000,14329.59194618515,17195.51033542218,8597.75516771109,True,True,float16,205.3889853117883,172.1473447351308
1768628468.6411378,2,490.0,911,69,980,synthetic-7B,32,4096,32,32000,1028.8203665427357,1234.5844398512827,617.2922199256413,False,True,float16,230.55184127004935,394.9695319957885
1768628468.641197,2,478.5,661,296,957,synthetic-7B,32,4096,32,32000,788.4803074834203,946.1763689801044,473.0881844900522,True,True,float16,321.78641965344264,342.78787873855913
1768628468.641255,8,485.125,738,57,3881,synthetic-7B,32,4096,32,32000,3818.91202773218,4582.694433278616,2291.347216639308,False,True,float16,199.69884749405887,64.48667138114749
1768628468.641313,8,506.125,933,72,4049,synthetic-7B,32,4096,32,32000,3942.0479945370316,4730.457593444437,2365.2287967222187,False,True,float16,496.79508416671655,262.98718979806256
1768628468.641369,1,381.0,381,381,381,synthetic-7B,32,4096,32,32000,399.1491116497439,478.9789339796926,239.4894669898463,False,False,float16,299.69670374237796,224.27517419441372
1768628468.641426,4,507.75,709,165,2031,synthetic-7B,32,4096,32,32000,1386.8411608644228,1664.2093930373073,832.1046965186537,True,True,float16,230.70878080849923,147.58876278179474
1768628468.6414814,2,275.5,377,174,551,synthetic-7B,32,4096,32,32000,394.67228470953825,473.6067416514459,236.80337082572294,True,True,float16,449.1379272231986,96.94286769765647
1768628468.641537,1,809.0,809,809,809,synthetic-7B,32,4096,32,32000,548.108698250219,657.7304379002628,328.8652189501314,True,True,float16,255.7064400298008,31.773324886209434
1768628468.6415977,1,467.0,467,467,467,synthetic-7B,32,4096,32,32000,393.05671345163466,471.6680561419616,235.8340280709808,False,True,float16,102.0945132806153,277.4684883354131
1768628468.641654,32,470.25,989,80,15048,synthetic-7B,32,4096,32,32000,11840.856619546841,14209.027943456209,7104.5139717281045,True,True,float16,139.64506499441973,238.25923263556945
1768628468.64171,2,372.0,429,315,744,synthetic-7B,32,4096,32,32000,563.2430637147837,675.8916764577405,337.94583822887023,True,True,float16,227.59342617967135,124.83443286035141
1768628468.6417663,16,602.5,987,103,9640,synthetic-7B,32,4096,32,32000,10336.757421915532,12404.108906298638,6202.054453149319,False,False,float16,183.39884271373103,274.05355062187226
1768628468.641822,1,160.0,160,160,160,synthetic-7B,32,4096,32,32000,158.09807503956657,189.71769004747986,94.85884502373993,False,True,float16,371.3597795099896,191.11271975553396
1768628468.6418777,2,528.5,713,344,1057,synthetic-7B,32,4096,32,32000,899.0197435622019,1078.8236922746423,539.4118461373212,False,True,float16,129.4637108293038,201.21121821009967
1768628468.641939,2,513.0,597,429,1026,synthetic-7B,32,4096,32,32000,1244.642287149626,1493.5707445795513,746.7853722897756,False,False,float16,433.64384242241323,298.2932856873385
1768628468.6420193,2,695.0,942,448,1390,synthetic-7B,32,4096,32,32000,1093.0018511851208,1311.602221422145,655.8011107110725,True,True,float16,416.3280514178838,232.27630942586586
1768628468.6420784,16,525.875,722,125,8414,synthetic-7B,32,4096,32,32000,7451.122375858066,8941.346851029679,4470.673425514839,False,True,float16,296.89529287097605,73.68626315437068
1768628468.6421356,16,476.9375,813,75,7631,synthetic-7B,32,4096,32,32000,7027.334388490657,8432.801266188788,4216.400633094394,False,True,float16,390.4257800777398,35.18729928773686
1768628468.6421924,1,650.0,650,650,650,synthetic-7B,32,4096,32,32000,698.6291767454551,838.355012094546,419.177506047273,False,True,float16,419.75942359872636,15.858234399243383
1768628468.6422496,4,426.0,802,114,1704,synthetic-7B,32,4096,32,32000,1345.737977317736,1614.8855727812831,807.4427863906416,True,True,float16,457.78089726914584,177.8797706853556
1768628468.6423056,2,653.5,679,628,1307,synthetic-7B,32,4096,32,32000,1219.544839340559,1463.453807208671,731.7269036043355,False,True,float16,299.1419338718124,436.878797888142
1768628468.6423624,16,521.75,983,60,8348,synthetic-7B,32,4096,32,32000,9569.65547592393,11483.586571108715,5741.793285554358,False,True,float16,221.60976062501737,226.04217732438255
1768628468.6424234,4,730.5,996,219,2922,synthetic-7B,32,4096,32,32000,3420.757226646966,4104.908671976359,2052.4543359881795,False,True,float16,470.5131239444332,422.5978970815161
1768628468.6424806,8,546.375,966,90,4371,synthetic-7B,32,4096,32,32000,4908.833201211332,5890.599841453599,2945.2999207267994,False,True,float16,157.97147218699385,133.13338425483153
1768628468.6425364,1,457.0,457,457,457,synthetic-7B,32,4096,32,32000,435.36219554066076,522.4346346487929,261.21731732439645,False,True,float16,387.0089548305606,339.02795870695707
1768628468.6425936,4,742.75,969,471,2971,synthetic-7B,32,4096,32,32000,2991.980636057839,3590.3767632694066,1795.1883816347033,False,True,float16,163.84652146235993,183.34841183546345
1768628468.6426542,8,581.75,942,256,4654,synthetic-7B,32,4096,32,32000,3943.78720063441,4732.544640761292,2366.272320380646,False,True,float16,425.0346857284131,259.50106693775626
1768628468.6427119,1,517.0,517,517,517,synthetic-7B,32,4096,32,32000,543.1405903578444,651.7687084294133,325.88435421470666,False,True,float16,413.3194345534318,345.7717550943011
1768628468.6427686,8,457.25,807,100,3658,synthetic-7B,32,4096,32,32000,3634.9532705102697,4361.943924612324,2180.971962306162,False,True,float16,483.64974858585634,152.97383597285688
1768628468.6428244,4,516.5,931,152,2066,synthetic-7B,32,4096,32,32000,1576.1927229368143,1891.4312675241772,945.7156337620886,False,True,float16,371.9338729896081,151.17081526610693
1768628468.6428816,32,526.75,964,142,16856,synthetic-7B,32,4096,32,32000,16990.471244099816,20388.565492919777,10194.282746459889,False,True,float16,435.28488849073256,10.695579733302429
1768628468.6429389,32,501.90625,998,85,16061,synthetic-7B,32,4096,32,32000,12684.768534281793,15221.722241138152,7610.861120569076,True,True,float16,139.7385415199934,10.317799826163908
1768628468.6429944,32,500.75,987,110,16024,synthetic-7B,32,4096,32,32000,15882.59324483085,19059.11189379702,9529.55594689851,False,True,float16,355.54927907893455,352.30069108831225
1768628468.6430502,2,497.0,750,244,994,synthetic-7B,32,4096,32,32000,855.3088034897379,1026.3705641876854,513.1852820938427,False,True,float16,435.2923594163511,232.17072366661898
1768628468.6431053,8,495.875,919,215,3967,synthetic-7B,32,4096,32,32000,3107.648874347602,3729.1786492171223,1864.5893246085611,True,True,float16,267.43267280566533,57.42056267418448
1768628468.643162,8,495.5,714,58,3964,synthetic-7B,32,4096,32,32000,4089.1972884466363,4907.036746135964,2453.518373067982,False,True,float16,156.97616900576213,195.00891172205962
1768628468.6432183,16,470.6875,830,67,7531,synthetic-7B,32,4096,32,32000,6590.227405481582,7908.272886577897,3954.1364432889486,True,True,float16,317.3744647779504,88.12089668494309
1768628468.6432734,16,655.3125,992,161,10485,synthetic-7B,32,4096,32,32000,12928.681001102643,15514.417201323171,7757.2086006615855,False,True,float16,159.05987465349824,104.98801299490339
1768628468.6433296,2,227.0,346,108,454,synthetic-7B,32,4096,32,32000,393.4145608832513,472.0974730599015,236.04873652995076,True,True,float16,383.70208086378886,315.7497854642212
1768628468.6433933,32,550.65625,985,99,17621,synthetic-7B,32,4096,32,32000,18201.085780694848,21841.302936833818,10920.651468416909,False,True,float16,167.33075650186345,240.83595686001223
1768628468.64345,2,592.0,679,505,1184,synthetic-7B,32,4096,32,32000,1198.0195803437039,1437.6234964124446,718.8117482062223,False,True,float16,187.99236394999608,318.7498491431171
1768628468.643507,1,631.0,631,631,631,synthetic-7B,32,4096,32,32000,663.2832889620562,795.9399467544674,397.9699733772337,False,True,float16,266.27219553016664,299.6333070858384
1768628468.6435633,4,587.75,851,240,2351,synthetic-7B,32,4096,32,32000,2709.3929740318636,3251.2715688382364,1625.6357844191182,False,True,float16,246.29883834655652,317.3549195023518
1768628468.6436198,8,358.75,688,69,2870,synthetic-7B,32,4096,32,32000,2959.4048682705456,3551.2858419246545,1775.6429209623273,False,True,float16,475.1254383033836,482.2875964607703
1768628468.6436803,2,243.5,313,174,487,synthetic-7B,32,4096,32,32000,551.5248762650965,661.8298515181158,330.9149257590579,False,False,float16,270.96830035634304,308.8396645034853
1768628468.6437366,16,453.25,843,76,7252,synthetic-7B,32,4096,32,32000,5844.527749293634,7013.433299152361,3506.7166495761803,True,True,float16,479.02217238038867,478.1825839138282
1768628468.6437926,2,923.5,929,918,1847,synthetic-7B,32,4096,32,32000,1905.6459922014067,2286.775190641688,1143.387595320844,False,True,float16,202.10552148052648,36.54179808387955
1768628468.6438506,4,398.0,723,109,1592,synthetic-7B,32,4096,32,32000,1523.9271974245687,1828.7126369094824,914.3563184547412,False,True,float16,136.74295450548397,265.99310277863844
1768628468.643907,2,764.0,863,665,1528,synthetic-7B,32,4096,32,32000,1395.4721792427804,1674.5666150913364,837.2833075456682,False,True,float16,479.74004874542817,218.9046583762295
1768628468.6439648,2,471.5,573,370,943,synthetic-7B,32,4096,32,32000,781.994276942127,938.3931323305524,469.1965661652762,True,True,float16,492.2569965709679,191.495287523452
1768628468.6440215,8,578.625,968,290,4629,synthetic-7B,32,4096,32,32000,4156.245016181269,4987.494019417523,2493.7470097087617,False,True,float16,100.54308334216357,103.1867286961671
1768628468.644082,32,540.09375,921,77,17283,synthetic-7B,32,4096,32,32000,14239.052210255944,17086.862652307133,8543.431326153566,True,True,float16,424.7521702906031,85.02050054878319
1768628468.644139,1,262.0,262,262,262,synthetic-7B,32,4096,32,32000,277.9282655958461,333.5139187150153,166.75695935750764,False,False,float16,336.03820713472606,74.57301275643991
1768628468.644196,32,523.46875,997,84,16751,synthetic-7B,32,4096,32,32000,18495.1996903031,22194.239628363717,11097.119814181859,False,True,float16,105.91158605398405,368.45898209518026
1768628468.644252,1,728.0,728,728,728,synthetic-7B,32,4096,32,32000,635.3786754376067,762.4544105251281,381.22720526256404,False,False,float16,140.21290817203962,431.09079307179536
1768628468.6443095,8,622.875,956,401,4983,synthetic-7B,32,4096,32,32000,5836.86242820451,7004.234913845412,3502.117456922706,False,True,float16,263.5869807799704,90.9792209242529
1768628468.6443665,4,424.5,781,194,1698,synthetic-7B,32,4096,32,32000,1830.0558608715198,2196.067033045824,1098.033516522912,False,True,float16,324.07283855979017,233.4842303226548
1768628468.6444228,4,452.75,834,192,1811,synthetic-7B,32,4096,32,32000,1368.9614245221392,1642.753709426567,821.3768547132835,True,True,float16,367.3908048342336,189.40677398913442
1768628468.6444786,4,610.75,968,223,2443,synthetic-7B,32,4096,32,32000,1902.7605695287552,2283.312683434506,1141.656341717253,True,True,float16,274.44650043260117,325.9995217358622
1768628468.6445353,4,525.0,969,98,2100,synthetic-7B,32,4096,32,32000,2313.787167583355,2776.544601100026,1388.272300550013,False,True,float16,397.1593035644655,151.19604928117144
1768628468.6445906,4,350.5,745,51,1402,synthetic-7B,32,4096,32,32000,1483.9706913775838,1780.7648296531004,890.3824148265502,False,True,float16,119.7804568206775,215.23468205815283
1768628468.6446471,16,533.75,984,59,8540,synthetic-7B,32,4096,32,32000,8587.473020462021,10304.967624554425,5152.483812277213,False,True,float16,463.0750800537582,464.6704901401547
1768628468.6447022,4,636.25,982,232,2545,synthetic-7B,32,4096,32,32000,2531.235079891771,3037.4820958701252,1518.7410479350626,False,True,float16,274.06865465402734,141.55211821503494
1768628468.6447616,8,496.5,965,82,3972,synthetic-7B,32,4096,32,32000,3155.1977080566417,3786.23724966797,1893.118624833985,True,True,float16,119.46654764821915,22.724896763594806
1768628468.6448197,8,597.0,965,136,4776,synthetic-7B,32,4096,32,32000,5682.9613710102985,6819.553645212358,3409.776822606179,False,True,float16,393.9103843923639,384.2489797545655
1768628468.6448762,2,841.0,863,819,1682,synthetic-7B,32,4096,32,32000,2052.3871696911124,2462.864603629335,1231.4323018146674,False,True,float16,379.0354967661718,376.010868866582
1768628468.6449337,32,506.28125,922,56,16201,synthetic-7B,32,4096,32,32000,15517.789445150322,18621.347334180384,9310.673667090192,False,True,float16,167.02487268249303,419.35966466592276
1768628468.645007,1,183.0,183,183,183,synthetic-7B,32,4096,32,32000,218.89003310879377,262.6680397305525,131.33401986527625,False,True,float16,268.45243524649584,329.32006691623644
1768628468.6450684,8,656.25,992,270,5250,synthetic-7B,32,4096,32,32000,6581.468522565134,7897.76222707816,3948.88111353908,False,True,float16,141.38492518884834,397.0985787457388
1768628468.6451247,4,333.75,384,216,1335,synthetic-7B,32,4096,32,32000,1378.2234595635018,1653.8681514762022,826.9340757381011,False,True,float16,125.06849139107263,133.30315863505228
1768628468.6451821,2,661.0,844,478,1322,synthetic-7B,32,4096,32,32000,1339.174275827583,1607.0091309930995,803.5045654965497,False,False,float16,394.1456844430214,237.3487297548294
1768628468.645239,2,215.5,365,66,431,synthetic-7B,32,4096,32,32000,400.6028530821303,480.72342369855636,240.36171184927818,False,False,float16,181.04424615121468,139.7978185102891
1768628468.6452956,1,798.0,798,798,798,synthetic-7B,32,4096,32,32000,857.1036204751553,1028.5243445701863,514.2621722850931,False,False,float16,378.55423809127313,173.5367206826104
1768628468.6453521,2,720.0,758,682,1440,synthetic-7B,32,4096,32,32000,1610.8614593560117,1933.033751227214,966.516875613607,False,True,float16,414.12750165002444,386.4562773689284
1768628468.6454086,4,409.75,933,76,1639,synthetic-7B,32,4096,32,32000,1276.6860051324338,1532.0232061589206,766.0116030794603,True,False,float16,196.10631605217662,424.8137889049757
1768628468.6454656,32,542.46875,981,125,17359,synthetic-7B,32,4096,32,32000,10281.066749353125,12337.28009922375,6168.640049611875,True,True,float16,204.95711988304825,445.71479968715414
1768628468.645527,4,544.5,772,253,2178,synthetic-7B,32,4096,32,32000,2761.4564366825866,3313.7477240191038,1656.8738620095519,False,False,float16,464.58237078559415,364.75792802174874
1768628468.6455836,16,367.375,947,56,5878,synthetic-7B,32,4096,32,32000,6025.711194773812,7230.853433728575,3615.4267168642873,False,True,float16,462.88892267269176,38.57753379157555
1768628468.6456392,32,680.34375,985,103,21771,synthetic-7B,32,4096,32,32000,20838.4567241581,25006.148068989718,12503.074034494859,False,True,float16,458.1337173859934,291.9304063531625
1768628468.6456952,1,142.0,142,142,142,synthetic-7B,32,4096,32,32000,141.18037812631368,169.41645375157643,84.70822687578821,False,True,float16,395.0806009543843,448.40718370624586
1768628468.6457517,8,581.125,895,72,4649,synthetic-7B,32,4096,32,32000,4331.187972812801,5197.4255673753605,2598.7127836876803,False,True,float16,240.3285536620259,299.03712629274133
1768628468.6458073,16,617.6875,978,106,9883,synthetic-7B,32,4096,32,32000,9245.286305503289,11094.343566603946,5547.171783301973,False,True,float16,184.07628085958603,420.6918512062602
1768628468.6458645,2,154.0,206,102,308,synthetic-7B,32,4096,32,32000,211.66977022095438,254.00372426514525,127.00186213257263,True,True,float16,371.1441394678291,481.6917377830408
1768628468.6459203,8,485.625,987,134,3885,synthetic-7B,32,4096,32,32000,3991.6001762952797,4789.920211554336,2394.960105777168,False,False,float16,416.03666751500975,24.211081524495338
1768628468.6459765,8,321.5,846,50,2572,synthetic-7B,32,4096,32,32000,2527.0937561419664,3032.51250737036,1516.25625368518,False,True,float16,197.0300869506949,230.68428668957355
1768628468.6460454,16,588.6875,986,100,9419,synthetic-7B,32,4096,32,32000,8853.633564180778,10624.360277016933,5312.180138508466,False,True,float16,246.7950128281783,440.1763998501009
1768628468.6461017,8,548.875,920,116,4391,synthetic-7B,32,4096,32,32000,2966.5286375870655,3559.8343651044784,1779.9171825522392,True,True,float16,494.13680661151164,298.25106231757707
1768628468.6461575,4,645.0,880,398,2580,synthetic-7B,32,4096,32,32000,2936.3984760513526,3523.678171261623,1761.8390856308115,False,True,float16,251.551291259761,485.1360607802883
1768628468.6462138,8,515.5,870,200,4124,synthetic-7B,32,4096,32,32000,3983.237421292614,4779.884905551136,2389.942452775568,False,True,float16,400.4849072064769,176.78506391426177
1768628468.646275,1,103.0,103,103,103,synthetic-7B,32,4096,32,32000,92.47013414586894,110.96416097504273,55.482080487521365,True,False,float16,156.16921676908805,303.5710215909654
1768628468.6463327,4,771.5,947,643,3086,synthetic-7B,32,4096,32,32000,3361.5016244405724,4033.8019493286865,2016.9009746643433,False,True,float16,386.6396889461835,375.1846517806735
1768628468.6463938,32,572.28125,987,123,18313,synthetic-7B,32,4096,32,32000,15542.379859587845,18650.855831505414,9325.427915752707,False,True,float16,423.2922013311851,371.7305135578941
1768628468.6464503,16,550.1875,994,134,8803,synthetic-7B,32,4096,32,32000,6681.0541777190865,8017.265013262903,4008.6325066314516,True,True,float16,108.99041859855805,386.84049634958933
1768628468.6465135,4,677.5,836,615,2710,synthetic-7B,32,4096,32,32000,3240.6092890068894,3888.731146808267,1944.3655734041336,False,True,float16,356.2805056550379,94.18798256894479
1768628468.6465716,2,781.5,814,749,1563,synthetic-7B,32,4096,32,32000,1344.1436224864162,1612.9723469836995,806.4861734918497,True,True,float16,339.4279537050165,216.4518510586284
1768628468.6466274,1,820.0,820,820,820,synthetic-7B,32,4096,32,32000,852.7746607788212,1023.3295929345853,511.66479646729266,False,False,float16,262.16368439029134,414.22119907560983
1768628468.6466832,8,467.75,877,81,3742,synthetic-7B,32,4096,32,32000,3862.5705888500793,4635.084706620095,2317.5423533100475,False,True,float16,201.60523356254163,299.23686381802196
1768628468.64674,16,447.4375,820,110,7159,synthetic-7B,32,4096,32,32000,6314.587740888504,7577.505289066205,3788.7526445331023,True,False,float16,174.1548152167943,99.78809798934539
1768628468.6467962,1,378.0,378,378,378,synthetic-7B,32,4096,32,32000,340.94560337135465,409.13472404562555,204.56736202281277,False,True,float16,445.93671076881066,338.6337712398669
1768628468.6468537,4,708.0,932,453,2832,synthetic-7B,32,4096,32,32000,2229.1437888111477,2674.9725465733773,1337.4862732866886,True,False,float16,322.93407166416296,44.218200887760936
1768628468.6469107,8,665.625,998,204,5325,synthetic-7B,32,4096,32,32000,5502.445928202186,6602.935113842624,3301.467556921312,False,True,float16,341.965946900054,157.4711762788158
1768628468.6469715,32,536.78125,998,63,17177,synthetic-7B,32,4096,32,32000,15867.845904963327,19041.415085955992,9520.707542977996,False,True,float16,456.12661223431144,203.97065164864534
1768628468.6470287,4,316.25,605,98,1265,synthetic-7B,32,4096,32,32000,1367.360297267286,1640.832356720743,820.4161783603715,False,True,float16,411.8495339562128,478.1018687120337
1768628468.64709,1,418.0,418,418,418,synthetic-7B,32,4096,32,32000,372.4304968362535,446.9165962035042,223.4582981017521,False,True,float16,414.9213478143481,10.354509489849386
1768628468.6471472,4,530.5,914,122,2122,synthetic-7B,32,4096,32,32000,1541.3851328833898,1849.6621594600676,924.8310797300338,True,True,float16,277.32887032896974,365.2582711760745
1768628468.6472025,1,880.0,880,880,880,synthetic-7B,32,4096,32,32000,727.0977866680555,872.5173440016666,436.2586720008333,True,True,float16,397.72528860717534,341.0495868444107
1768628468.6472585,4,629.5,769,523,2518,synthetic-7B,32,4096,32,32000,2588.381412804141,3106.057695364969,1553.0288476824844,False,True,float16,140.93518917639014,465.68610433688093
1768628468.6473145,2,351.5,444,259,703,synthetic-7B,32,4096,32,32000,743.9922095918317,892.790651510198,446.395325755099,False,True,float16,304.35922670795094,327.129916414366
1768628468.6473708,1,271.0,271,271,271,synthetic-7B,32,4096,32,32000,257.1014848973587,308.52178187683046,154.26089093841523,False,False,float16,442.0765708894971,470.0293353145947
1768628468.6474276,2,455.5,713,198,911,synthetic-7B,32,4096,32,32000,687.2069455170298,824.6483346204358,412.3241673102179,True,True,float16,275.48094348123163,268.88040987940536
1768628468.6474836,8,374.875,567,64,2999,synthetic-7B,32,4096,32,32000,2660.920774576625,3193.10492949195,1596.552464745975,False,True,float16,175.53827194549535,198.98283362560838
1768628468.6475403,32,524.15625,996,95,16773,synthetic-7B,32,4096,32,32000,13724.474353516334,16469.3692242196,8234.6846121098,False,True,float16,400.12452296417774,136.8684790021776
1768628468.6475961,16,495.4375,919,80,7927,synthetic-7B,32,4096,32,32000,7640.73537905652,9168.882454867824,4584.441227433912,False,True,float16,370.8720270836589,95.29050123716317
1768628468.647656,16,625.125,989,84,10002,synthetic-7B,32,4096,32,32000,11542.2421377877,13850.69056534524,6925.34528267262,False,True,float16,320.6066408179231,396.39011636587276
1768628468.6477144,4,539.25,897,195,2157,synthetic-7B,32,4096,32,32000,2134.044307917097,2560.8531695005163,1280.4265847502581,False,False,float16,129.73172166350548,427.54909812796774
1768628468.6477706,4,579.0,763,376,2316,synthetic-7B,32,4096,32,32000,2611.462107568443,3133.7545290821317,1566.8772645410659,False,False,float16,250.17944750393312,220.06055263514153
1768628468.6478262,32,577.3125,964,74,18474,synthetic-7B,32,4096,32,32000,20457.98074134632,24549.576889615582,12274.788444807791,False,True,float16,174.4588762612658,349.34368365747787
1768628468.6478822,32,576.125,989,53,18436,synthetic-7B,32,4096,32,32000,17469.530789863904,20963.436947836683,10481.718473918341,False,True,float16,120.80724574376949,171.76480457009117
1768628468.6479383,1,758.0,758,758,758,synthetic-7B,32,4096,32,32000,682.4666828269017,818.960019392282,409.480009696141,False,True,float16,375.5273987648065,363.9329490874842
1768628468.6479952,2,771.5,841,702,1543,synthetic-7B,32,4096,32,32000,1292.109444572077,1550.5313334864925,775.2656667432462,True,True,float16,192.3877179852247,167.61871791728086
1768628468.64805,1,808.0,808,808,808,synthetic-7B,32,4096,32,32000,913.6497707792304,1096.3797249350764,548.1898624675382,False,True,float16,144.58347253597447,390.12687486914217
1768628468.6481054,4,588.0,926,309,2352,synthetic-7B,32,4096,32,32000,2326.8223549207737,2792.1868259049284,1396.0934129524642,False,True,float16,453.14176576106667,184.34466219663693
1768628468.6481621,2,602.5,883,322,1205,synthetic-7B,32,4096,32,32000,1127.948690543742,1353.5384286524904,676.7692143262452,False,False,float16,315.4615601853597,106.80537714093066
1768628468.6482184,2,465.5,620,311,931,synthetic-7B,32,4096,32,32000,833.6965202475337,1000.4358242970404,500.2179121485202,False,True,float16,354.0624451880917,326.11403765392237
1768628468.6482742,32,597.21875,981,101,19111,synthetic-7B,32,4096,32,32000,20515.532919246918,24618.6395030963,12309.31975154815,False,True,float16,402.9198375695418,309.5235428675681
1768628468.648333,4,625.5,923,102,2502,synthetic-7B,32,4096,32,32000,2125.1861014852707,2550.2233217823245,1275.1116608911623,True,True,float16,307.82241484825397,456.13303103393696
1768628468.6483912,32,521.96875,875,85,16703,synthetic-7B,32,4096,32,32000,17768.13696650627,21321.764359807523,10660.882179903761,False,True,float16,393.24806501069355,156.95696296587752
1768628468.648449,32,586.90625,974,71,18781,synthetic-7B,32,4096,32,32000,16037.148697770046,19244.578437324053,9622.289218662027,True,False,float16,161.03894082116202,318.8337313024632
1768628468.6485062,4,504.25,879,230,2017,synthetic-7B,32,4096,32,32000,1562.5805469369361,1875.0966563243232,937.5483281621616,True,True,float16,284.25840861561505,258.2110219443267
1768628468.648562,2,524.5,680,369,1049,synthetic-7B,32,4096,32,32000,975.7179448998089,1170.8615338797706,585.4307669398853,False,True,float16,343.7133353210885,20.94381285258042
1768628468.6486187,16,538.75,912,66,8620,synthetic-7B,32,4096,32,32000,8096.252930559305,9715.503516671166,4857.751758335583,False,False,float16,399.1648700549963,126.70080596209962
1768628468.648675,32,490.78125,948,75,15705,synthetic-7B,32,4096,32,32000,17408.02898137247,20889.634777646963,10444.817388823481,False,True,float16,486.85110352435316,267.10075415368607
1768628468.6487322,8,556.625,909,149,4453,synthetic-7B,32,4096,32,32000,3899.669591927834,4679.603510313401,2339.8017551567004,False,False,float16,126.99643809421484,37.79337489365625
1768628468.6487882,2,713.5,764,663,1427,synthetic-7B,32,4096,32,32000,1118.6616883368342,1342.3940260042011,671.1970130021006,True,True,float16,305.2264785377705,425.29607390466686
1768628468.6488442,4,507.75,998,227,2031,synthetic-7B,32,4096,32,32000,2331.733872639966,2798.0806471679593,1399.0403235839797,False,False,float16,475.6607094971147,201.61353471379226
1768628468.6489015,32,476.125,961,84,15236,synthetic-7B,32,4096,32,32000,13260.049020207429,15912.058824248914,7956.029412124457,True,True,float16,353.86563327375165,120.87985249351118
1768628468.6489782,32,525.5,974,61,16816,synthetic-7B,32,4096,32,32000,18686.370907676308,22423.645089211568,11211.822544605784,False,True,float16,384.3766384376855,58.52009764188962
1768628468.6490355,1,481.0,481,481,481,synthetic-7B,32,4096,32,32000,462.59512603353926,555.1141512402471,277.55707562012356,False,True,float16,311.3943498468551,286.6468576771769
1768628468.6490974,16,559.3125,988,153,8949,synthetic-7B,32,4096,32,32000,9419.824205960009,11303.78904715201,5651.894523576005,False,True,float16,135.16628143733342,109.96035008913937
1768628468.6491568,32,554.59375,976,77,17747,synthetic-7B,32,4096,32,32000,14290.89668561847,17149.076022742163,8574.538011371082,True,True,float16,212.08051864780379,450.5438115118116
1768628468.6492136,32,547.15625,975,90,17509,synthetic-7B,32,4096,32,32000,17966.56534946468,21559.878419357614,10779.939209678807,False,True,float16,251.4503346562976,140.5033615866213
1768628468.64927,1,669.0,669,669,669,synthetic-7B,32,4096,32,32000,645.0776691263586,774.0932029516304,387.0466014758152,False,True,float16,231.95028334369817,334.725106249474
1768628468.6493266,4,318.5,484,60,1274,synthetic-7B,32,4096,32,32000,1390.9601204150968,1669.152144498116,834.576072249058,False,True,float16,204.68442165805817,424.63916109097596
1768628468.649384,1,135.0,135,135,135,synthetic-7B,32,4096,32,32000,115.90587382042689,139.08704858451227,69.54352429225614,True,True,float16,309.209161621978,336.81340513428665
1768628468.6494408,2,283.5,323,244,567,synthetic-7B,32,4096,32,32000,594.7390408637615,713.6868490365138,356.8434245182569,False,True,float16,493.6918317132033,147.8823526462218
1768628468.6494973,1,699.0,699,699,699,synthetic-7B,32,4096,32,32000,719.2658869966709,863.1190643960051,431.55953219800256,False,True,float16,358.9872238208676,345.44908596212
1768628468.6495538,16,381.25,868,54,6100,synthetic-7B,32,4096,32,32000,6758.62426918412,8110.349123020944,4055.174561510472,False,True,float16,295.73596245593103,461.6109820050111
1768628468.6496096,8,364.0,749,214,2912,synthetic-7B,32,4096,32,32000,3270.580581769716,3924.696698123659,1962.3483490618296,False,True,float16,109.56595697496377,141.51107625174967
1768628468.649666,8,557.875,870,275,4463,synthetic-7B,32,4096,32,32000,3404.305270192677,4085.1663242312125,2042.5831621156062,True,True,float16,270.19332050171147,81.9091825412724
1768628468.6497228,4,618.25,861,235,2473,synthetic-7B,32,4096,32,32000,1687.4223830664182,2024.9068596797017,1012.4534298398509,True,True,float16,229.81785434088113,78.9793849223462
1768628468.649782,8,657.75,827,364,5262,synthetic-7B,32,4096,32,32000,5285.410929853992,6342.49311582479,3171.246557912395,False,True,float16,163.57860553798832,408.43872801193766
1768628468.6498394,8,534.75,987,248,4278,synthetic-7B,32,4096,32,32000,3101.9857483842775,3722.382898061133,1861.1914490305664,True,True,float16,456.5387685782956,438.0313151895695
1768628468.649896,16,470.0625,953,76,7521,synthetic-7B,32,4096,32,32000,7543.238479275476,9051.88617513057,4525.943087565285,False,True,float16,257.8038899573992,364.85373650254775
1768628468.649951,4,484.0,894,128,1936,synthetic-7B,32,4096,32,32000,1756.4239867417223,2107.7087840900667,1053.8543920450334,False,True,float16,246.9086645266412,443.0818986675208
1768628468.650032,4,718.0,857,536,2872,synthetic-7B,32,4096,32,32000,3265.78065760686,3918.936789128232,1959.468394564116,False,True,float16,154.97383378073604,210.10610619070994
1768628468.6500893,1,474.0,474,474,474,synthetic-7B,32,4096,32,32000,488.94489762251874,586.7338771470224,293.3669385735112,False,False,float16,170.80738724329154,229.278440589491
1768628468.6501453,2,446.0,684,208,892,synthetic-7B,32,4096,32,32000,649.8703214684996,779.8443857621995,389.92219288109976,True,True,float16,498.7663897234059,92.01019439062797
1768628468.6502023,4,623.25,958,330,2493,synthetic-7B,32,4096,32,32000,2392.5510013353264,2871.0612016023915,1435.5306008011958,False,True,float16,331.35031677205734,286.4061552369241
1768628468.650259,16,517.75,911,92,8284,synthetic-7B,32,4096,32,32000,5916.866900425828,7100.240280510993,3550.1201402554966,True,True,float16,179.41835319635936,232.55842475169078
1768628468.6503158,4,597.75,966,176,2391,synthetic-7B,32,4096,32,32000,2148.506169930898,2578.2074039170775,1289.1037019585387,False,True,float16,463.2773058777286,103.07966906916154
1768628468.6503756,8,478.375,866,182,3827,synthetic-7B,32,4096,32,32000,3229.8063509120584,3875.76762109447,1937.883810547235,True,True,float16,265.5661478743524,353.93696174667843
1768628468.6504326,32,519.34375,980,104,16619,synthetic-7B,32,4096,32,32000,16945.764944203675,20334.91793304441,10167.458966522205,False,True,float16,419.07207468547256,412.23655593085385
1768628468.650489,32,491.59375,954,109,15731,synthetic-7B,32,4096,32,32000,11164.981847900523,13397.978217480626,6698.989108740313,True,True,float16,132.2250585889078,320.15992870422735
1768628468.6505501,16,530.4375,835,62,8487,synthetic-7B,32,4096,32,32000,6222.177171198029,7466.612605437635,3733.3063027188173,True,True,float16,120.70034331940116,201.98293394417885
1768628468.650606,2,398.5,403,394,797,synthetic-7B,32,4096,32,32000,881.2078447052489,1057.4494136462986,528.7247068231493,False,True,float16,118.27022302691566,405.65308209870005
1768628468.6506615,32,514.1875,992,79,16454,synthetic-7B,32,4096,32,32000,16097.076467205792,19316.49176064695,9658.245880323475,False,True,float16,331.7156307981281,306.222856717749
1768628468.650717,2,696.0,799,593,1392,synthetic-7B,32,4096,32,32000,1394.557465848127,1673.4689590177525,836.7344795088762,False,True,float16,286.3671652366213,196.87416189152114
1768628468.6507764,2,582.0,749,415,1164,synthetic-7B,32,4096,32,32000,1392.8992825351856,1671.4791390422226,835.7395695211113,False,True,float16,406.9060996642907,472.20441841628474
1768628468.6508334,32,632.8125,944,57,20250,synthetic-7B,32,4096,32,32000,20185.275322780668,24222.330387336802,12111.165193668401,False,False,float16,209.60107387728942,287.4976128718428
1768628468.6508887,1,493.0,493,493,493,synthetic-7B,32,4096,32,32000,342.4234592205676,410.90815106468114,205.45407553234057,True,True,float16,333.22288670727977,205.89949576318864
1768628468.6509438,8,566.875,854,136,4535,synthetic-7B,32,4096,32,32000,3615.596937726924,4338.7163252723085,2169.3581626361542,True,True,float16,221.64698096691677,391.0545458132483
1768628468.6509986,1,966.0,966,966,966,synthetic-7B,32,4096,32,32000,1078.8081429174579,1294.5697715009494,647.2848857504747,False,True,float16,244.60170296555953,375.8309366112988
1768628468.651054,16,505.6875,971,112,8091,synthetic-7B,32,4096,32,32000,6610.102535001835,7932.123042002202,3966.061521001101,True,True,float16,160.51043544586832,347.0686536316705
1768628468.6511097,16,492.125,960,103,7874,synthetic-7B,32,4096,32,32000,8554.649817099922,10265.579780519905,5132.789890259953,False,True,float16,297.64079711054603,256.78528745735576
1768628468.6511638,8,470.75,648,213,3766,synthetic-7B,32,4096,32,32000,3519.3563443909748,4223.2276132691695,2111.6138066345848,False,False,float16,205.49591970571623,227.45302611189345
1768628468.6512232,16,550.5,923,156,8808,synthetic-7B,32,4096,32,32000,9663.414100951137,11596.096921141363,5798.0484605706815,False,True,float16,111.89871019300317,12.114714530833165
1768628468.6512802,2,164.5,241,88,329,synthetic-7B,32,4096,32,32000,317.196498023933,380.63579762871956,190.31789881435978,False,True,float16,443.9531002075207,285.2730618991688
1768628468.6513367,16,560.6875,982,94,8971,synthetic-7B,32,4096,32,32000,8858.850643584006,10630.620772300806,5315.310386150403,False,True,float16,128.38192171985293,10.182746526744967
1768628468.651396,1,470.0,470,470,470,synthetic-7B,32,4096,32,32000,577.1312607801041,692.5575129361249,346.27875646806245,False,False,float16,255.85060845319725,163.95440001306568
1768628468.6514535,8,624.375,987,81,4995,synthetic-7B,32,4096,32,32000,5096.41735352396,6115.700824228751,3057.8504121143756,False,True,float16,260.2470689463298,242.57005552134743
1768628468.6515095,2,289.0,330,248,578,synthetic-7B,32,4096,32,32000,606.3118627609406,727.5742353131287,363.78711765656436,False,True,float16,447.83329952380734,134.09432600932917
1768628468.6515648,8,556.375,888,85,4451,synthetic-7B,32,4096,32,32000,3515.0862582228497,4218.103509867419,2109.0517549337096,True,True,float16,436.9813228087359,139.66954773231882
1768628468.6516197,1,998.0,998,998,998,synthetic-7B,32,4096,32,32000,879.9510524023084,1055.94126288277,527.970631441385,False,True,float16,285.34530151875003,320.2610579060234
1768628468.6516807,32,553.15625,978,53,17701,synthetic-7B,32,4096,32,32000,18410.360328930063,22092.432394716074,11046.216197358037,False,True,float16,313.9084495550286,126.62282012353248
1768628468.6517363,1,679.0,679,679,679,synthetic-7B,32,4096,32,32000,581.2595634328579,697.5114761194295,348.75573805971476,False,True,float16,335.57565566238225,14.38440870684071
1768628468.651792,16,405.6875,763,91,6491,synthetic-7B,32,4096,32,32000,5320.263473235038,6384.316167882045,3192.1580839410226,True,True,float16,225.9882732937215,450.26489775876087
1768628468.6518486,4,760.75,978,300,3043,synthetic-7B,32,4096,32,32000,3209.345544304582,3851.214653165498,1925.607326582749,False,False,float16,250.31817543992236,95.24160619227365
1768628468.6519043,16,423.375,815,80,6774,synthetic-7B,32,4096,32,32000,6686.734412353541,8024.081294824249,4012.0406474121246,False,True,float16,346.3759672495055,256.0516352106931
1768628468.6519644,4,652.0,978,290,2608,synthetic-7B,32,4096,32,32000,2901.6205941194366,3481.944712943324,1740.972356471662,False,True,float16,402.486460719182,161.2827297394363
1768628468.6520205,8,400.75,951,61,3206,synthetic-7B,32,4096,32,32000,2430.700542081344,2916.8406504976124,1458.4203252488062,True,False,float16,312.30272373858656,140.56340865399707
1768628468.6520762,1,655.0,655,655,655,synthetic-7B,32,4096,32,32000,689.6134567729683,827.536148127562,413.768074063781,False,False,float16,368.5714666728905,368.4606730113862
1768628468.652132,2,548.0,712,384,1096,synthetic-7B,32,4096,32,32000,1032.735550453462,1239.2826605441544,619.6413302720772,False,True,float16,480.237197953083,436.1819246885669
1768628468.6521873,2,584.5,631,538,1169,synthetic-7B,32,4096,32,32000,1055.7103500950273,1266.8524201140326,633.4262100570163,False,True,float16,379.3722293605984,436.2226255855963
1768628468.6522424,32,436.75,964,103,13976,synthetic-7B,32,4096,32,32000,16695.70636658737,20034.84763990484,10017.42381995242,False,True,float16,467.52700986593516,450.086611709655
1768628468.6522985,1,233.0,233,233,233,synthetic-7B,32,4096,32,32000,227.46735989987633,272.9608318798516,136.4804159399258,False,True,float16,387.9840320158813,119.79041003168136
1768628468.652354,16,513.1875,930,63,8211,synthetic-7B,32,4096,32,32000,7015.793489222345,8418.952187066814,4209.476093533407,False,False,float16,429.4424212201959,179.2140689292204
1768628468.652411,32,581.375,985,120,18604,synthetic-7B,32,4096,32,32000,20185.51247556231,24222.61497067477,12111.307485337386,False,True,float16,159.89512260838586,248.60500198597637
1768628468.652466,16,525.125,985,255,8402,synthetic-7B,32,4096,32,32000,8062.8346422244,9675.40157066928,4837.70078533464,False,True,float16,458.22642542088494,180.2300963821875
1768628468.652524,8,705.25,950,431,5642,synthetic-7B,32,4096,32,32000,4926.549156846049,5911.858988215259,2955.9294941076296,False,True,float16,295.7650957063094,372.6940255005371
1768628468.6525805,16,509.5625,995,68,8153,synthetic-7B,32,4096,32,32000,9489.799852759379,11387.759823311255,5693.879911655627,False,False,float16,260.067868408682,491.17755387345244
1768628468.65264,1,145.0,145,145,145,synthetic-7B,32,4096,32,32000,134.74232474462153,161.69078969354584,80.84539484677292,False,True,float16,460.01389723183297,476.79581215219577
1768628468.652697,32,552.6875,998,118,17686,synthetic-7B,32,4096,32,32000,19208.341220957223,23050.00946514867,11525.004732574334,False,True,float16,238.33066822572425,430.1676207079192
1768628468.6527538,16,584.1875,988,81,9347,synthetic-7B,32,4096,32,32000,6107.957834667879,7329.5494016014545,3664.7747008007273,True,True,float16,293.4956521808409,155.6557939150898
1768628468.6528108,32,471.78125,952,72,15097,synthetic-7B,32,4096,32,32000,18416.78594740212,22100.143136882543,11050.071568441272,False,True,float16,248.79727758137213,488.9120173563296
1768628468.6528673,4,788.0,963,533,3152,synthetic-7B,32,4096,32,32000,2212.8635344418685,2655.436241330242,1327.718120665121,True,False,float16,444.281620531926,140.22819009954205
1768628468.6529248,32,585.3125,976,63,18730,synthetic-7B,32,4096,32,32000,12438.499196355966,14926.199035627158,7463.099517813579,True,True,float16,159.76168792425443,381.71963089160766
1768628468.6530042,2,537.0,730,344,1074,synthetic-7B,32,4096,32,32000,1035.251708388607,1242.3020500663285,621.1510250331643,False,False,float16,282.4058256031719,227.3207281328449
1768628468.6530614,4,567.25,813,299,2269,synthetic-7B,32,4096,32,32000,2340.5686838621605,2808.6824206345923,1404.3412103172961,False,True,float16,251.87985958996217,134.7042553034981
1768628468.6531174,2,482.0,490,474,964,synthetic-7B,32,4096,32,32000,1074.1454700865484,1288.974564103858,644.487282051929,False,True,float16,352.66249884530214,382.5560264466267
1768628468.6531732,16,529.5625,903,64,8473,synthetic-7B,32,4096,32,32000,7577.187210770674,9092.62465292481,4546.312326462405,False,True,float16,312.16253509486285,158.66454691070518
1768628468.6532295,32,535.25,953,84,17128,synthetic-7B,32,4096,32,32000,17163.193507539334,20595.8322090472,10297.9161045236,False,True,float16,322.74540810233543,36.74419933380654
1768628468.653286,32,480.625,883,69,15380,synthetic-7B,32,4096,32,32000,12549.820492127263,15059.784590552714,7529.892295276357,True,False,float16,223.0762873756455,228.1227145558185
1768628468.6533408,1,218.0,218,218,218,synthetic-7B,32,4096,32,32000,202.65096812316708,243.18116174780047,121.59058087390024,False,True,float16,149.41072056375248,433.79258036833795
1768628468.653401,32,516.1875,968,56,16518,synthetic-7B,32,4096,32,32000,14553.328571924825,17463.99428630979,8731.997143154895,False,True,float16,230.85819598839993,494.61748097857264
1768628468.6534586,16,548.5,982,59,8776,synthetic-7B,32,4096,32,32000,5611.051066756951,6733.2612801083405,3366.6306400541703,True,True,float16,196.20336604652016,63.49933565016754
1768628468.653516,1,791.0,791,791,791,synthetic-7B,32,4096,32,32000,790.5405447881461,948.6486537457753,474.32432687288764,False,True,float16,497.432915534525,60.731365696055434
1768628468.6535726,1,730.0,730,730,730,synthetic-7B,32,4096,32,32000,569.5418018178407,683.4501621814088,341.7250810907044,True,True,float16,126.63486392059822,124.1241922464632
1768628468.653628,4,576.75,976,174,2307,synthetic-7B,32,4096,32,32000,1455.9639899084514,1747.1567878901417,873.5783939450708,True,True,float16,167.36000366021938,365.716006554881
1768628468.6536849,2,461.5,587,336,923,synthetic-7B,32,4096,32,32000,980.2983434808266,1176.358012176992,588.179006088496,False,False,float16,381.69252630684383,325.5718585947436
1768628468.6537414,32,569.75,949,75,18232,synthetic-7B,32,4096,32,32000,19336.36985923879,23203.643831086545,11601.821915543273,False,False,float16,203.0432698668455,153.13303978102473
1768628468.6537971,4,666.5,889,347,2666,synthetic-7B,32,4096,32,32000,2139.3249772054874,2567.189972646585,1283.5949863232925,True,False,float16,114.11356416765344,425.2899987736187
1768628468.6538534,8,434.375,780,115,3475,synthetic-7B,32,4096,32,32000,3724.8765221433823,4469.851826572059,2234.9259132860293,False,True,float16,371.6209654702165,147.42464197281134
1768628468.6539092,8,441.375,702,273,3531,synthetic-7B,32,4096,32,32000,3833.607361850413,4600.328834220495,2300.1644171102475,False,True,float16,281.044705048087,59.66862383976887
1768628468.6539645,8,473.875,924,116,3791,synthetic-7B,32,4096,32,32000,4129.6395329189245,4955.567439502709,2477.7837197513545,False,True,float16,192.59571399905735,204.25707636569834
1768628468.6540349,16,515.6875,968,145,8251,synthetic-7B,32,4096,32,32000,7463.235843573315,8955.883012287977,4477.941506143989,False,True,float16,425.629744781564,54.21307551998363
1768628468.6540956,32,577.84375,969,105,18491,synthetic-7B,32,4096,32,32000,17917.162305647842,21500.59476677741,10750.297383388704,False,True,float16,476.2605896590443,465.757761019545
1768628468.654152,16,484.3125,809,55,7749,synthetic-7B,32,4096,32,32000,7959.42658582584,9551.311902991009,4775.655951495504,False,True,float16,146.35903611043437,235.87751607303235
1768628468.6542087,4,642.25,988,437,2569,synthetic-7B,32,4096,32,32000,2988.1602941241485,3585.792352948978,1792.896176474489,False,False,float16,273.6000733976756,157.96541286494607
1768628468.6542687,4,708.75,983,444,2835,synthetic-7B,32,4096,32,32000,3057.349822528867,3668.8197870346407,1834.4098935173204,False,True,float16,213.93905132721179,17.8742216879842
1768628468.654324,16,485.25,931,56,7764,synthetic-7B,32,4096,32,32000,9498.649097758502,11398.378917310201,5699.189458655101,False,True,float16,314.72598168782895,92.18140072572619
1768628468.6543832,16,466.5,998,100,7464,synthetic-7B,32,4096,32,32000,6958.617951137201,8350.341541364642,4175.170770682321,False,False,float16,490.7353934476806,395.59979910449056
1768628468.6544402,1,178.0,178,178,178,synthetic-7B,32,4096,32,32000,230.04651062648665,276.05581275178395,138.02790637589197,False,True,float16,370.8715853024454,125.71322492312474
1768628468.6544967,1,261.0,261,261,261,synthetic-7B,32,4096,32,32000,213.76263797177842,256.5151655661341,128.25758278306705,True,True,float16,428.3413756091643,330.62798665113894
1768628468.654552,2,397.0,703,91,794,synthetic-7B,32,4096,32,32000,627.3316580026468,752.7979896031761,376.39899480158806,True,True,float16,482.4600066510467,370.8712930349801
1768628468.6546085,8,472.25,900,121,3778,synthetic-7B,32,4096,32,32000,3239.089783853949,3886.907740624739,1943.4538703123694,True,True,float16,188.5892369109145,269.5065135133611
1768628468.6546645,32,574.9375,981,50,18398,synthetic-7B,32,4096,32,32000,17385.555154974536,20862.666185969443,10431.333092984722,False,False,float16,165.39543744660375,141.22207660933586
1768628468.6547196,8,566.75,906,115,4534,synthetic-7B,32,4096,32,32000,4642.003786293792,5570.4045435525495,2785.2022717762748,False,True,float16,157.82114302806258,34.23249392468599
1768628468.6547751,8,607.5,851,55,4860,synthetic-7B,32,4096,32,32000,5335.854455291789,6403.025346350147,3201.5126731750734,False,False,float16,220.37256680882726,80.95902860332633
1768628468.6548355,8,403.25,922,78,3226,synthetic-7B,32,4096,32,32000,2676.0413434008265,3211.2496120809915,1605.6248060404957,True,False,float16,445.75679446698314,488.5522778542755
1768628468.6548927,16,521.1875,950,82,8339,synthetic-7B,32,4096,32,32000,7557.304767922149,9068.76572150658,4534.38286075329,True,True,float16,361.2719333910929,409.9117694195117
1768628468.6549494,1,305.0,305,305,305,synthetic-7B,32,4096,32,32000,338.1514414054962,405.78172968659544,202.89086484329772,False,True,float16,138.95802632470944,410.75548848333216
1768628468.6550064,8,269.25,513,112,2154,synthetic-7B,32,4096,32,32000,1209.5359312481694,1451.4431174978033,725.7215587489017,True,True,float16,138.26915462383243,364.52301701819476
1768628468.6550617,16,449.75,894,60,7196,synthetic-7B,32,4096,32,32000,6561.917206431013,7874.300647717216,3937.150323858608,False,False,float16,174.60805005248392,465.2642011540985
1768628468.6551178,32,497.96875,969,56,15935,synthetic-7B,32,4096,32,32000,18226.950878636748,21872.341054364097,10936.170527182048,False,True,float16,357.2760793211877,172.13786276136295
1768628468.6551735,32,629.625,958,140,20148,synthetic-7B,32,4096,32,32000,12778.926720471729,15334.712064566074,7667.356032283037,True,True,float16,237.48219874851804,329.5464623837319
1768628468.6552289,32,493.96875,963,62,15807,synthetic-7B,32,4096,32,32000,14804.608794632853,17765.530553559423,8882.765276779712,True,True,float16,389.88358038928135,462.5496528974952
1768628468.655285,2,531.5,933,130,1063,synthetic-7B,32,4096,32,32000,1065.8149210029524,1278.9779052035428,639.4889526017714,False,True,float16,278.7015807367992,318.9311604290296
1768628468.655341,4,465.75,819,204,1863,synthetic-7B,32,4096,32,32000,1343.2407385666688,1611.8888862800025,805.9444431400012,True,True,float16,186.3084773003366,342.32042683223005
1768628468.6553965,4,416.25,575,265,1665,synthetic-7B,32,4096,32,32000,1566.5165527261736,1879.8198632714082,939.9099316357041,False,True,float16,310.5071621566468,378.3838911733032
1768628468.6554508,2,889.0,983,795,1778,synthetic-7B,32,4096,32,32000,1723.524772196513,2068.2297266358155,1034.1148633179077,False,True,float16,495.0388778945906,486.5194651250559
1768628468.6555085,2,619.5,881,358,1239,synthetic-7B,32,4096,32,32000,1233.8535581645683,1480.624269797482,740.312134898741,False,True,float16,124.69381939915718,183.35004593609182
1768628468.655564,8,573.125,910,252,4585,synthetic-7B,32,4096,32,32000,5048.910433548788,6058.692520258545,3029.3462601292727,False,True,float16,491.0341089267962,380.6478833725272
1768628468.6556227,32,537.28125,993,163,17193,synthetic-7B,32,4096,32,32000,15479.683775537314,18575.620530644777,9287.810265322389,False,True,float16,347.7456126552641,385.6281850565727
1768628468.6556866,4,488.0,605,176,1952,synthetic-7B,32,4096,32,32000,1857.868414595119,2229.442097514143,1114.7210487570715,False,True,float16,458.9232260240118,188.55942917575726
1768628468.6557446,32,528.25,952,70,16904,synthetic-7B,32,4096,32,32000,14710.565471486432,17652.678565783717,8826.339282891859,True,True,float16,454.81298228510127,263.9806462419293
1768628468.6558,2,565.5,988,143,1131,synthetic-7B,32,4096,32,32000,1038.3849705561795,1246.0619646674154,623.0309823337077,False,True,float16,219.7920921199007,34.76294707788916
1768628468.655855,1,744.0,744,744,744,synthetic-7B,32,4096,32,32000,654.6461868910388,785.5754242692466,392.7877121346233,False,True,float16,110.48903157833543,233.5947594265015
1768628468.6559105,8,569.875,990,65,4559,synthetic-7B,32,4096,32,32000,5530.9251958513405,6637.110235021609,3318.5551175108044,False,True,float16,227.59920516759576,59.235723111174806
1768628468.6559663,32,517.75,974,71,16568,synthetic-7B,32,4096,32,32000,14992.944648011904,17991.533577614286,8995.766788807143,False,True,float16,404.91020657772293,301.2226872271924
1768628468.6560214,2,725.0,731,719,1450,synthetic-7B,32,4096,32,32000,1406.2251500043858,1687.4701800052628,843.7350900026314,False,False,float16,483.50112527731875,253.06279917411072
1768628468.656077,2,441.5,637,246,883,synthetic-7B,32,4096,32,32000,710.1949619070992,852.233954288519,426.1169771442595,True,True,float16,279.02725929103235,318.45504966298824
1768628468.6561327,16,413.125,841,72,6610,synthetic-7B,32,4096,32,32000,7380.392311914664,8856.470774297597,4428.2353871487985,False,False,float16,393.0402280245831,446.29414613338486
1768628468.6561933,8,613.125,781,120,4905,synthetic-7B,32,4096,32,32000,4613.471208853552,5536.165450624262,2768.082725312131,False,True,float16,102.56060022229825,277.2442149614311
1768628468.6562507,32,480.53125,996,103,15377,synthetic-7B,32,4096,32,32000,10678.90328767037,12814.683945204442,6407.341972602221,True,True,float16,111.6044944558083,67.18990075815364
1768628468.656309,8,450.75,906,92,3606,synthetic-7B,32,4096,32,32000,3591.9800617216174,4310.376074065941,2155.1880370329704,False,True,float16,133.96673135801473,10.631656914320494
1768628468.6563663,2,520.5,669,372,1041,synthetic-7B,32,4096,32,32000,1291.1185332514615,1549.3422399017538,774.6711199508769,False,True,float16,421.86893776610634,33.547970343438955
1768628468.6564226,2,461.0,524,398,922,synthetic-7B,32,4096,32,32000,1095.341347507328,1314.4096170087935,657.2048085043967,False,False,float16,393.161852728821,367.1663590244274
1768628468.656479,2,491.0,695,287,982,synthetic-7B,32,4096,32,32000,907.2515800948988,1088.7018961138785,544.3509480569393,True,True,float16,407.87506366310123,68.99645077317197
1768628468.6565344,2,558.0,896,220,1116,synthetic-7B,32,4096,32,32000,948.4551127355296,1138.1461352826354,569.0730676413177,True,True,float16,264.50986841572706,482.0174943073417
1768628468.656592,16,502.1875,885,89,8035,synthetic-7B,32,4096,32,32000,8695.8026140892,10434.96313690704,5217.48156845352,False,True,float16,120.92103226444081,407.17130846605795
1768628468.6566474,1,65.0,65,65,65,synthetic-7B,32,4096,32,32000,72.84017456096004,87.40820947315204,43.70410473657602,False,True,float16,390.7503960516882,417.35970687933934
1768628468.6567037,2,674.0,892,456,1348,synthetic-7B,32,4096,32,32000,896.1974254552603,1075.4369105463122,537.7184552731561,True,True,float16,264.30637728785524,487.6623371142687
1768628468.656759,1,585.0,585,585,585,synthetic-7B,32,4096,32,32000,547.342169610153,656.8106035321836,328.4053017660918,False,False,float16,180.29678956134822,377.1240982740794
1768628468.6568124,32,577.34375,987,55,18475,synthetic-7B,32,4096,32,32000,19731.612995033833,23677.9355940406,11838.9677970203,False,True,float16,468.3593814253983,397.8282116432973
1768628468.6568677,4,872.5,990,760,3490,synthetic-7B,32,4096,32,32000,2847.490648467236,3416.988778160683,1708.4943890803415,True,True,float16,199.80995927274049,432.6017529237368
1768628468.6569295,32,523.1875,987,61,16742,synthetic-7B,32,4096,32,32000,15036.697542621316,18044.037051145577,9022.018525572788,False,True,float16,124.69205799512628,292.80061143174663
1768628468.6570027,32,438.53125,972,62,14033,synthetic-7B,32,4096,32,32000,13523.268871371789,16227.922645646146,8113.961322823073,False,True,float16,348.4173189159212,270.7969326055877
1768628468.6570597,32,511.125,994,70,16356,synthetic-7B,32,4096,32,32000,16518.82358261993,19822.588299143918,9911.294149571959,False,True,float16,279.391712869257,51.524029082656405
1768628468.657116,4,544.5,963,102,2178,synthetic-7B,32,4096,32,32000,1665.1362752381779,1998.1635302858133,999.0817651429066,True,True,float16,467.68795931293124,473.993613840206
1768628468.657172,32,527.90625,986,77,16893,synthetic-7B,32,4096,32,32000,15869.098642126542,19042.91837055185,9521.459185275926,False,True,float16,432.83309392658674,250.95927808800798
1768628468.6572282,2,617.0,929,305,1234,synthetic-7B,32,4096,32,32000,924.9734066093092,1109.968087931171,554.9840439655856,True,True,float16,427.36664262779647,142.32129193133224
1768628468.6572852,8,776.25,979,215,6210,synthetic-7B,32,4096,32,32000,7128.870633897982,8554.644760677578,4277.322380338789,False,True,float16,307.7523899485085,436.62196985239484
1768628468.6573424,1,199.0,199,199,199,synthetic-7B,32,4096,32,32000,175.5127313154613,210.61527757855356,105.30763878927678,False,True,float16,128.52526956596307,85.95825275340708
1768628468.657398,8,486.25,900,72,3890,synthetic-7B,32,4096,32,32000,2781.0289552724726,3337.234746326967,1668.6173731634835,True,True,float16,142.18961727882785,477.78646442131725
1768628468.657453,32,554.875,962,106,17756,synthetic-7B,32,4096,32,32000,17231.89008930617,20678.2681071674,10339.1340535837,False,True,float16,211.45481598030443,14.586768705004946
1768628468.6575084,4,407.0,593,246,1628,synthetic-7B,32,4096,32,32000,1622.739043466295,1947.286852159554,973.643426079777,False,True,float16,461.23197003113165,370.5393051935096
1768628468.6575644,2,822.0,837,807,1644,synthetic-7B,32,4096,32,32000,1627.0103940788485,1952.412472894618,976.206236447309,False,True,float16,241.78649636495888,160.6986371667489
1768628468.6576204,4,477.25,857,228,1909,synthetic-7B,32,4096,32,32000,1664.6801407839876,1997.616168940785,998.8080844703925,False,True,float16,242.42948573323403,114.03634301348444
1768628468.6576834,16,594.6875,969,149,9515,synthetic-7B,32,4096,32,32000,9113.001765046623,10935.602118055947,5467.801059027974,False,False,float16,422.2121924830498,32.50372198860978
1768628468.65774,16,432.0625,873,72,6913,synthetic-7B,32,4096,32,32000,6423.352006378072,7708.022407653685,3854.0112038268426,False,False,float16,305.9740984009691,220.36116111242094
1768628468.657796,32,510.25,952,52,16328,synthetic-7B,32,4096,32,32000,16640.66562695539,19968.798752346465,9984.399376173233,False,True,float16,173.38827793156997,287.26983195595767
1768628468.657852,1,979.0,979,979,979,synthetic-7B,32,4096,32,32000,563.6731838523318,676.4078206227981,338.20391031139906,True,True,float16,461.7002104197297,326.7467333040677
1768628468.657907,16,508.4375,921,71,8135,synthetic-7B,32,4096,32,32000,6784.921371991794,8141.9056463901525,4070.9528231950762,False,False,float16,319.58011941544754,422.6592158292705
1768628468.657962,16,493.625,867,54,7898,synthetic-7B,32,4096,32,32000,6407.991117700056,7689.5893412400665,3844.7946706200332,True,True,float16,487.659488974021,135.38588537070876
1768628468.6580343,16,564.0,987,74,9024,synthetic-7B,32,4096,32,32000,7379.160687289603,8854.992824747524,4427.496412373762,True,True,float16,122.01684313100883,201.12944811985176
1768628468.658091,4,255.25,322,122,1021,synthetic-7B,32,4096,32,32000,992.5457969356797,1191.0549563228155,595.5274781614078,False,True,float16,404.9043904534532,17.278378123161662
1768628468.658147,16,586.75,893,116,9388,synthetic-7B,32,4096,32,32000,10251.020312941453,12301.224375529744,6150.612187764872,False,True,float16,368.6893315694908,12.691031703270282
1768628468.6582034,2,313.5,538,89,627,synthetic-7B,32,4096,32,32000,621.9437357447308,746.3324828936769,373.16624144683846,False,True,float16,395.2667751839384,317.507676810409
1768628468.658262,4,780.25,956,520,3121,synthetic-7B,32,4096,32,32000,3544.198718168803,4253.038461802564,2126.519230901282,False,True,float16,269.2952524308189,120.19842840845264
1768628468.658317,4,340.5,971,74,1362,synthetic-7B,32,4096,32,32000,1463.7597120840194,1756.5116545008232,878.2558272504116,False,True,float16,400.61994908735016,338.0562402177572
1768628468.6583743,4,511.5,784,221,2046,synthetic-7B,32,4096,32,32000,2295.8256808389683,2754.990817006762,1377.495408503381,False,False,float16,435.0781882775906,423.5600578837404
1768628468.6584308,32,536.96875,956,64,17183,synthetic-7B,32,4096,32,32000,16854.047753911895,20224.857304694273,10112.428652347136,False,True,float16,298.3140751400884,151.42656834033005
1768628468.6584861,2,516.5,712,321,1033,synthetic-7B,32,4096,32,32000,762.0824250770833,914.4989100924998,457.2494550462499,True,True,float16,254.3835622000877,239.12438985162837
1768628468.6585422,32,583.09375,997,65,18659,synthetic-7B,32,4096,32,32000,19934.693800992532,23921.63256119104,11960.81628059552,False,False,float16,233.22467604767726,354.31431232825554
1768628468.6585975,8,443.75,733,94,3550,synthetic-7B,32,4096,32,32000,2823.605905104373,3388.3270861252477,1694.1635430626238,True,True,float16,489.63656705893237,85.6176727180227
1768628468.6586533,1,383.0,383,383,383,synthetic-7B,32,4096,32,32000,390.13676308680454,468.1641157041654,234.0820578520827,False,True,float16,279.18032072370784,379.9974543199356
1768628468.6587083,1,320.0,320,320,320,synthetic-7B,32,4096,32,32000,288.70330404262876,346.4439648511545,173.22198242557724,False,True,float16,449.8229198609358,40.84602838215491
1768628468.658764,4,657.75,822,397,2631,synthetic-7B,32,4096,32,32000,2097.5242350152434,2517.0290820182922,1258.5145410091461,True,False,float16,323.3595593829266,123.9381277819586
1768628468.6588204,16,384.4375,989,65,6151,synthetic-7B,32,4096,32,32000,6345.5469680291135,7614.656361634936,3807.328180817468,False,False,float16,264.736296936267,374.8465131222442
1768628468.6588752,16,527.0625,973,149,8433,synthetic-7B,32,4096,32,32000,7262.8295835900035,8715.395500308005,4357.697750154002,True,True,float16,458.0790858438328,239.3806933850379
1768628468.6589317,8,602.25,869,318,4818,synthetic-7B,32,4096,32,32000,4271.02994472566,5125.235933670792,2562.617966835396,True,True,float16,290.73105902976465,446.96043597480485
1768628468.6589873,2,432.5,784,81,865,synthetic-7B,32,4096,32,32000,882.6735267021802,1059.2082320426161,529.6041160213081,False,True,float16,451.5450969161227,369.07957588904253
1768628468.6590452,2,299.0,504,94,598,synthetic-7B,32,4096,32,32000,599.669614129044,719.6035369548528,359.8017684774264,False,True,float16,389.1115411568997,109.49761369118299
1768628468.6591015,2,457.0,833,81,914,synthetic-7B,32,4096,32,32000,786.6431833547294,943.9718200256752,471.9859100128376,True,True,float16,107.64023712961439,326.33699514695337
1768628468.659157,2,248.0,421,75,496,synthetic-7B,32,4096,32,32000,408.4751521468048,490.17018257616576,245.08509128808288,True,True,float16,323.0380494455071,334.0746084257934
1768628468.6592126,2,647.5,931,364,1295,synthetic-7B,32,4096,32,32000,1292.06036836925,1550.4724420431,775.23622102155,False,True,float16,129.06425099630837,194.9683673685574
1768628468.6592672,2,706.5,918,495,1413,synthetic-7B,32,4096,32,32000,1363.3050059335087,1635.9660071202104,817.9830035601052,False,True,float16,213.33928292803708,64.82596399422982
1768628468.6593232,4,493.5,986,52,1974,synthetic-7B,32,4096,32,32000,2342.2067874050717,2810.648144886086,1405.324072443043,False,True,float16,377.02562267281337,243.37382312655174
1768628468.6593797,1,927.0,927,927,927,synthetic-7B,32,4096,32,32000,1016.3856241897157,1219.6627490276587,609.8313745138294,False,True,float16,261.67989066948564,357.6571369734692
1768628468.6594355,16,532.125,831,169,8514,synthetic-7B,32,4096,32,32000,9917.758046032615,11901.309655239138,5950.654827619569,False,True,float16,114.6140018254067,215.67172759478814
1768628468.6594949,32,502.59375,933,69,16083,synthetic-7B,32,4096,32,32000,16617.869823131718,19941.44378775806,9970.72189387903,False,True,float16,314.5838270984142,66.69626506994473
1768628468.6595502,1,587.0,587,587,587,synthetic-7B,32,4096,32,32000,588.712531637714,706.4550379652568,353.2275189826284,False,True,float16,460.9118994265628,115.6362992116578
1768628468.659607,16,463.625,865,112,7418,synthetic-7B,32,4096,32,32000,8996.13727572457,10795.364730869484,5397.682365434742,False,True,float16,449.322720803308,402.5668342682301
1768628468.6596622,8,564.875,877,169,4519,synthetic-7B,32,4096,32,32000,3950.5541231912966,4740.664947829556,2370.332473914778,False,False,float16,310.2143918831707,389.13610666613624
1768628468.6597188,32,515.15625,995,108,16485,synthetic-7B,32,4096,32,32000,15873.387320980786,19048.064785176943,9524.032392588471,False,True,float16,458.7882866000904,121.16006167581419
1768628468.659778,16,662.875,988,101,10606,synthetic-7B,32,4096,32,32000,10861.746485681084,13034.0957828173,6517.04789140865,False,True,float16,352.9395740912081,215.53920218919453
1768628468.6598346,2,814.0,925,703,1628,synthetic-7B,32,4096,32,32000,1575.3939657215128,1890.4727588658152,945.2363794329076,False,False,float16,149.9183957121402,137.03495880033344
1768628468.6598895,2,551.5,993,110,1103,synthetic-7B,32,4096,32,32000,1083.6642128764624,1300.3970554517548,650.1985277258774,False,True,float16,262.0014775830747,93.93427016591829
1768628468.6599455,4,383.5,848,222,1534,synthetic-7B,32,4096,32,32000,1484.342106973385,1781.210528368062,890.605264184031,False,True,float16,441.7672602128834,202.80584545028242
1768628468.6600008,32,517.8125,950,162,16570,synthetic-7B,32,4096,32,32000,21372.320837555468,25646.785005066562,12823.392502533281,False,True,float16,106.58054557290795,28.821933983700127
1768628468.660056,8,391.875,851,65,3135,synthetic-7B,32,4096,32,32000,3657.049923621076,4388.45990834529,2194.229954172645,False,True,float16,140.69477115470886,360.7217303806202
1768628468.6601129,8,486.625,964,67,3893,synthetic-7B,32,4096,32,32000,3590.644260469276,4308.773112563131,2154.3865562815654,False,True,float16,480.66734568087134,21.186689639201845
1768628468.660168,2,418.5,475,362,837,synthetic-7B,32,4096,32,32000,869.7099239354359,1043.651908722523,521.8259543612616,False,True,float16,377.8453962359948,415.35993680435365
1768628468.6602235,8,608.375,908,100,4867,synthetic-7B,32,4096,32,32000,5713.362485277083,6856.034982332499,3428.0174911662493,False,False,float16,455.53302578563313,63.172764121671044
1768628468.6602793,16,507.9375,965,116,8127,synthetic-7B,32,4096,32,32000,10245.296805474323,12294.356166569187,6147.178083284593,False,True,float16,388.2412058458358,170.74794959372372
1768628468.6603353,16,554.6875,912,136,8875,synthetic-7B,32,4096,32,32000,9044.022464932312,10852.826957918774,5426.413478959387,False,True,float16,465.8250298535067,19.03531318247137
1768628468.6603906,8,589.5,958,79,4716,synthetic-7B,32,4096,32,32000,4853.483316200569,5824.1799794406825,2912.0899897203412,False,True,float16,108.1744803375352,301.66197773384175
1768628468.6604488,1,507.0,507,507,507,synthetic-7B,32,4096,32,32000,512.1112800218858,614.5335360262629,307.26676801313147,False,True,float16,397.70837019525567,321.2566894037715
1768628468.660507,4,488.75,835,84,1955,synthetic-7B,32,4096,32,32000,1645.4112532988856,1974.4935039586626,987.2467519793313,True,True,float16,406.8777456547747,462.1763131615208
1768628468.6605642,2,130.0,177,83,260,synthetic-7B,32,4096,32,32000,272.33317679644153,326.79981215572985,163.39990607786493,False,True,float16,386.49865087586335,419.1744759969643
1768628468.6606212,4,575.5,794,90,2302,synthetic-7B,32,4096,32,32000,2402.0226971968045,2882.427236636165,1441.2136183180826,False,True,float16,145.60692963033497,146.1662022136184
1768628468.660677,8,530.0,959,278,4240,synthetic-7B,32,4096,32,32000,4478.456910623332,5374.148292747998,2687.074146373999,False,True,float16,143.80845080838034,120.82715808793661
1768628468.6607332,2,675.5,783,568,1351,synthetic-7B,32,4096,32,32000,1442.8283349941303,1731.3940019929562,865.6970009964781,False,True,float16,482.7733942434796,243.08315868306514
1768628468.6607897,4,547.0,889,253,2188,synthetic-7B,32,4096,32,32000,2187.52588299528,2625.031059594336,1312.515529797168,False,True,float16,273.6502367959809,457.6179630523779
1768628468.6608505,16,495.25,967,50,7924,synthetic-7B,32,4096,32,32000,5881.508309983841,7057.80997198061,3528.904985990305,True,True,float16,440.50920579360474,58.17447970289025
1768628468.6609068,8,559.875,969,72,4479,synthetic-7B,32,4096,32,32000,4302.053756297278,5162.464507556733,2581.2322537783666,False,False,float16,246.80049078961437,44.66228025641571
1768628468.6609893,2,260.5,435,86,521,synthetic-7B,32,4096,32,32000,504.2241982382945,605.0690378859533,302.53451894297666,False,True,float16,144.33716240323471,483.6818289659708
1768628468.661049,2,697.5,703,692,1395,synthetic-7B,32,4096,32,32000,1438.7471336429314,1726.4965603715177,863.2482801857589,False,True,float16,129.20727827308446,19.441018947190162
1768628468.6611092,8,280.25,512,142,2242,synthetic-7B,32,4096,32,32000,2596.015043668289,3115.2180524019464,1557.6090262009732,False,True,float16,486.4214694001943,492.786595640954
1768628468.6611664,2,409.5,557,262,819,synthetic-7B,32,4096,32,32000,793.9143441868815,952.6972130242577,476.34860651212887,False,False,float16,198.04228948293553,164.0173913594625
1768628468.6612258,8,477.25,858,126,3818,synthetic-7B,32,4096,32,32000,3599.307552209481,4319.169062651377,2159.5845313256887,False,True,float16,314.1636510404467,51.31456612610322
1768628468.6612828,16,576.25,963,68,9220,synthetic-7B,32,4096,32,32000,7486.102617865622,8983.323141438746,4491.661570719373,False,True,float16,143.49949599633374,19.649893915095433
1768628468.66134,8,613.375,931,174,4907,synthetic-7B,32,4096,32,32000,4873.2616836217885,5847.914020346146,2923.957010173073,False,False,float16,163.8559397220566,282.61765620947233
1768628468.661397,4,688.25,994,150,2753,synthetic-7B,32,4096,32,32000,2311.5454701222397,2773.8545641466876,1386.9272820733438,True,True,float16,458.12197067475324,349.22833195823495
1768628468.6614535,16,473.0,887,80,7568,synthetic-7B,32,4096,32,32000,8534.686209492715,10241.623451391257,5120.811725695628,False,True,float16,372.8805188011921,109.05024438291323
1768628468.6615105,16,566.6875,993,92,9067,synthetic-7B,32,4096,32,32000,8719.4979050237,10463.39748602844,5231.69874301422,False,True,float16,394.3677845661448,318.0652394518841
1768628468.6615665,4,275.5,358,172,1102,synthetic-7B,32,4096,32,32000,1145.9737085959555,1375.1684503151466,687.5842251575733,False,True,float16,495.76305513229596,276.5469970219411
1768628468.661622,16,579.1875,955,62,9267,synthetic-7B,32,4096,32,32000,9199.507283713201,11039.408740455841,5519.704370227921,False,True,float16,162.31767164119208,296.707928055782
1768628468.6616817,4,780.5,912,649,3122,synthetic-7B,32,4096,32,32000,3336.9474129596815,4004.3368955516175,2002.1684477758088,False,True,float16,106.37213888738448,344.0002509278562
1768628468.6617403,2,391.0,732,50,782,synthetic-7B,32,4096,32,32000,617.7915351059265,741.3498421271119,370.6749210635559,False,True,float16,126.14253103335375,289.60620267918773
1768628468.661796,1,437.0,437,437,437,synthetic-7B,32,4096,32,32000,391.4289502437118,469.71474029245417,234.85737014622708,True,True,float16,241.61981349442132,339.141984536269
1768628468.6618526,16,485.125,978,78,7762,synthetic-7B,32,4096,32,32000,7697.463316611395,9236.955979933675,4618.477989966837,False,False,float16,197.62825177694756,27.020008549840007
1768628468.6619122,4,276.5,326,169,1106,synthetic-7B,32,4096,32,32000,930.8370247184098,1117.0044296620918,558.5022148310459,True,True,float16,463.3268884699132,273.8546987623252
1768628468.66197,16,429.0,720,65,6864,synthetic-7B,32,4096,32,32000,5934.722538435751,7121.6670461229005,3560.8335230614503,False,True,float16,176.08818913768647,316.8471258603866
1768628468.6620557,16,564.125,977,122,9026,synthetic-7B,32,4096,32,32000,9173.351765796042,11008.02211895525,5504.011059477625,False,True,float16,489.6223131527212,380.24498722091096
1768628468.662113,4,240.5,595,96,962,synthetic-7B,32,4096,32,32000,921.341902060092,1105.6102824721104,552.8051412360552,False,False,float16,163.0727825594704,256.16865102090344
1768628468.6621683,1,448.0,448,448,448,synthetic-7B,32,4096,32,32000,506.36421638895683,607.6370596667482,303.8185298333741,False,False,float16,184.79209826616474,383.98865422937905
1768628468.6622305,16,551.375,899,226,8822,synthetic-7B,32,4096,32,32000,5968.195675040841,7161.834810049008,3580.917405024504,True,True,float16,451.54005835241315,313.2718918189431
1768628468.6622865,8,406.125,901,114,3249,synthetic-7B,32,4096,32,32000,2854.0205046755027,3424.824605610603,1712.4123028053016,True,True,float16,423.61749339021924,47.43352428471034
1768628468.6623425,4,550.5,760,204,2202,synthetic-7B,32,4096,32,32000,2159.014751891058,2590.8177022692694,1295.4088511346347,False,False,float16,323.7019162156089,191.49434245411678
1768628468.6623988,32,526.03125,982,57,16833,synthetic-7B,32,4096,32,32000,18796.73284014489,22556.079408173868,11278.039704086934,False,True,float16,201.19765673683082,120.75892947235931
1768628468.662456,8,418.75,935,143,3350,synthetic-7B,32,4096,32,32000,3457.7341751291165,4149.281010154939,2074.6405050774697,False,True,float16,129.04187243569018,53.79855462908503
1768628468.6625128,2,242.0,253,231,484,synthetic-7B,32,4096,32,32000,364.31359065272744,437.17630878327293,218.58815439163646,True,False,float16,391.5814665000571,238.73432569550042
1768628468.6625698,32,562.46875,999,110,17999,synthetic-7B,32,4096,32,32000,15590.21073448793,18708.252881385513,9354.126440692757,True,True,float16,194.26112624674158,210.88389594126414
1768628468.6626248,16,615.0,899,170,9840,synthetic-7B,32,4096,32,32000,10068.228093299096,12081.873711958915,6040.9368559794575,False,True,float16,305.3716782760267,195.0276466644708
1768628468.662685,32,608.28125,986,77,19465,synthetic-7B,32,4096,32,32000,22294.413859593777,26753.29663151253,13376.648315756265,False,True,float16,224.25473047408025,307.0653932838908
1768628468.6627414,8,623.5,979,271,4988,synthetic-7B,32,4096,32,32000,4599.389722728414,5519.267667274097,2759.6338336370486,False,True,float16,112.88956715521543,471.7443309783547
1768628468.662797,32,445.0,923,65,14240,synthetic-7B,32,4096,32,32000,12196.287878140885,14635.545453769062,7317.772726884531,False,True,float16,226.13426154279318,109.56660897201363
1768628468.6628523,4,754.25,907,339,3017,synthetic-7B,32,4096,32,32000,2859.0066164357318,3430.807939722878,1715.403969861439,False,True,float16,369.6688675243153,296.5394518377863
1768628468.6629074,4,360.25,894,54,1441,synthetic-7B,32,4096,32,32000,1456.3267181073957,1747.5920617288748,873.7960308644374,False,False,float16,217.64462065055045,359.4642418568285
1768628468.662963,1,483.0,483,483,483,synthetic-7B,32,4096,32,32000,441.2257353510325,529.4708824212389,264.73544121061946,False,True,float16,460.424699140524,101.753422257345
1768628468.6630192,16,510.875,980,100,8174,synthetic-7B,32,4096,32,32000,5546.758823788134,6656.11058854576,3328.05529427288,True,False,float16,270.0404186753508,51.02784489649848
1768628468.663076,8,645.125,993,207,5161,synthetic-7B,32,4096,32,32000,4182.473063460682,5018.967676152818,2509.483838076409,True,True,float16,499.28235446992517,460.727983428121
1768628468.6631312,4,615.75,769,477,2463,synthetic-7B,32,4096,32,32000,2067.3832716739275,2480.859926008713,1240.4299630043565,True,True,float16,243.22692773644596,313.03698601559927
1768628468.6631875,16,533.125,958,136,8530,synthetic-7B,32,4096,32,32000,7476.971107995849,8972.365329595019,4486.1826647975095,True,True,float16,136.68298617590295,233.03808081072347
1768628468.6632435,8,459.875,878,102,3679,synthetic-7B,32,4096,32,32000,3695.3993538498553,4434.479224619826,2217.239612309913,False,True,float16,165.17905384832113,472.7967012030089
1768628468.6633,16,510.3125,997,60,8165,synthetic-7B,32,4096,32,32000,8248.3892275944,9898.06707311328,4949.03353655664,False,False,float16,311.09675541099614,89.07701885239499
1768628468.6633606,2,301.0,384,218,602,synthetic-7B,32,4096,32,32000,463.55876016497604,556.2705121979712,278.1352560989856,False,True,float16,100.09529792501613,312.474026212267
1768628468.6634188,8,686.625,941,210,5493,synthetic-7B,32,4096,32,32000,5548.671805206587,6658.406166247904,3329.203083123952,False,False,float16,207.51104513285338,166.00610800772466
1768628468.6634748,8,383.125,999,138,3065,synthetic-7B,32,4096,32,32000,2572.494566222203,3086.9934794666437,1543.4967397333219,False,True,float16,491.71213519697676,54.96100197171884
1768628468.663535,4,658.75,901,508,2635,synthetic-7B,32,4096,32,32000,1701.5705950428196,2041.8847140513835,1020.9423570256918,True,True,float16,410.91150910180045,115.0836055788088
1768628468.6635914,8,624.25,964,223,4994,synthetic-7B,32,4096,32,32000,5298.603005669657,6358.3236068035885,3179.1618034017943,False,True,float16,402.03098124809856,24.28269913600943
1768628468.663648,8,702.625,984,286,5621,synthetic-7B,32,4096,32,32000,5962.706270544465,7155.247524653358,3577.623762326679,False,True,float16,211.0671066235485,269.0586951421273
1768628468.6637044,1,621.0,621,621,621,synthetic-7B,32,4096,32,32000,476.5244931312703,571.8293917575243,285.91469587876213,True,True,float16,481.7047290004313,420.6018736006852
1768628468.6637604,16,716.5625,944,165,11465,synthetic-7B,32,4096,32,32000,11392.897754261487,13671.477305113784,6835.738652556892,False,True,float16,304.37021488551915,50.141079027956614
1768628468.6638167,16,544.75,955,84,8716,synthetic-7B,32,4096,32,32000,9741.709900121974,11690.051880146368,5845.025940073184,False,True,float16,344.3833165864003,139.2093197220886
1768628468.6638734,32,479.0625,985,62,15330,synthetic-7B,32,4096,32,32000,16680.665835106673,20016.799002128006,10008.399501064003,False,True,float16,118.15845690895452,484.94905230809053
1768628468.6639307,16,456.125,965,74,7298,synthetic-7B,32,4096,32,32000,7809.568301345426,9371.48196161451,4685.740980807255,False,True,float16,353.10130837047643,445.07414648653605
1768628468.663988,2,625.0,838,412,1250,synthetic-7B,32,4096,32,32000,1026.4329874370087,1231.7195849244104,615.8597924622052,True,False,float16,102.2367580447194,462.7790305082774
1768628468.6640449,8,552.25,998,159,4418,synthetic-7B,32,4096,32,32000,3609.7278795477387,4331.673455457286,2165.836727728643,True,True,float16,499.1318424797258,271.7766377532281
1768628468.6641068,32,496.75,986,51,15896,synthetic-7B,32,4096,32,32000,11013.037270683526,13215.644724820231,6607.822362410116,True,True,float16,485.222587503067,70.01008685678931
1768628468.6641638,4,541.0,731,312,2164,synthetic-7B,32,4096,32,32000,2307.3775530240982,2768.853063628918,1384.426531814459,False,True,float16,480.4746228718934,66.9254359030743
1768628468.6642206,2,540.0,754,326,1080,synthetic-7B,32,4096,32,32000,1028.1043548373716,1233.7252258048459,616.8626129024229,False,True,float16,351.9200463056169,136.81131313926363
1768628468.664277,4,520.75,799,52,2083,synthetic-7B,32,4096,32,32000,2157.917614427011,2589.501137312413,1294.7505686562065,False,True,float16,434.2958902725181,378.60230053850825
1768628468.6643338,32,501.59375,997,54,16051,synthetic-7B,32,4096,32,32000,16052.440427600684,19262.92851312082,9631.46425656041,False,False,float16,326.68318636762547,155.07419291946704
1768628468.6643903,8,480.25,987,124,3842,synthetic-7B,32,4096,32,32000,3573.5396017328985,4288.247522079478,2144.123761039739,False,True,float16,211.61865887052596,279.386775708461
1768628468.6644468,4,597.0,755,451,2388,synthetic-7B,32,4096,32,32000,2757.7654167352684,3309.318500082322,1654.659250041161,False,True,float16,343.10049139569,437.5684107194622
1768628468.6645026,1,686.0,686,686,686,synthetic-7B,32,4096,32,32000,670.8963626344769,805.0756351613722,402.5378175806861,False,True,float16,494.589051289529,123.1392217885171
1768628468.6645598,32,553.09375,955,78,17699,synthetic-7B,32,4096,32,32000,17077.691738527803,20493.23008623336,10246.61504311668,False,True,float16,177.07924013358382,485.9687854753417
1768628468.6646168,1,196.0,196,196,196,synthetic-7B,32,4096,32,32000,206.17906103027016,247.41487323632418,123.70743661816209,False,True,float16,194.77107128042508,14.921387510150774
1768628468.6646745,16,588.0,964,60,9408,synthetic-7B,32,4096,32,32000,9625.4288315269,11550.51459783228,5775.25729891614,True,False,float16,264.0504568260709,146.28342423560755
1768628468.6647308,8,598.125,963,240,4785,synthetic-7B,32,4096,32,32000,5369.5722220833895,6443.486666500067,3221.7433332500336,False,True,float16,139.28299461259073,449.10510380844323
1768628468.6647942,4,486.0,637,301,1944,synthetic-7B,32,4096,32,32000,1677.1693958421547,2012.6032750105855,1006.3016375052928,True,True,float16,271.3668710226483,101.41802697057722
1768628468.6648502,8,444.75,967,58,3558,synthetic-7B,32,4096,32,32000,3529.0188379128467,4234.822605495416,2117.411302747708,False,True,float16,215.01652180479533,209.67681018482395
1768628468.6649075,16,513.75,898,72,8220,synthetic-7B,32,4096,32,32000,8386.22286776118,10063.467441313416,5031.733720656708,False,True,float16,185.9002833812778,143.68094484687145
1768628468.6649785,2,424.5,575,274,849,synthetic-7B,32,4096,32,32000,635.9336025763785,763.1203230916541,381.56016154582704,True,True,float16,156.71443375231775,116.09489129338625
1768628468.665037,4,491.25,595,411,1965,synthetic-7B,32,4096,32,32000,1520.697068666303,1824.8364823995637,912.4182411997818,False,True,float16,311.8814098909472,51.66778089027639
1768628468.6650949,4,621.5,863,54,2486,synthetic-7B,32,4096,32,32000,2749.4330171061542,3299.319620527385,1649.6598102636924,False,False,float16,163.5447416928761,495.7140338416051
1768628468.6651511,2,112.0,141,83,224,synthetic-7B,32,4096,32,32000,243.29034552124764,291.94841462549715,145.97420731274858,False,True,float16,138.7388558406204,494.00347293714896
1768628468.6652076,8,587.375,858,201,4699,synthetic-7B,32,4096,32,32000,5184.25701822478,6221.108421869736,3110.554210934868,False,True,float16,340.7662289083996,438.062039438489
1768628468.665264,1,497.0,497,497,497,synthetic-7B,32,4096,32,32000,389.6823134652401,467.6187761582881,233.80938807914404,True,True,float16,412.3498131645713,303.9693459150396
1768628468.665319,1,951.0,951,951,951,synthetic-7B,32,4096,32,32000,746.0579424995481,895.2695309994576,447.6347654997288,True,True,float16,471.6533184680603,11.228362686117531
1768628468.6653793,1,668.0,668,668,668,synthetic-7B,32,4096,32,32000,718.9908983823605,862.7890780588325,431.39453902941625,False,False,float16,197.18175216895457,458.8730327166768
1768628468.6654367,2,607.0,807,407,1214,synthetic-7B,32,4096,32,32000,1251.4512540365783,1501.741504843894,750.870752421947,False,True,float16,303.55379802669677,353.5013438618823
1768628468.6654963,32,471.21875,961,56,15079,synthetic-7B,32,4096,32,32000,13865.578457807538,16638.694149369046,8319.347074684523,False,True,float16,131.0496419971875,395.58712987115774
1768628468.665555,8,620.5,959,189,4964,synthetic-7B,32,4096,32,32000,5628.3709163808335,6754.045099657,3377.0225498285,False,True,float16,228.223938469933,83.44023605702696
1768628468.6656122,8,629.375,893,92,5035,synthetic-7B,32,4096,32,32000,5212.580363343734,6255.09643601248,3127.54821800624,False,True,float16,353.3355481280109,381.8097270078749
1768628468.6656694,2,726.0,824,628,1452,synthetic-7B,32,4096,32,32000,1659.0007448072229,1990.8008937686673,995.4004468843336,False,True,float16,392.28111776579965,383.3244108903402
1768628468.665727,8,517.375,961,94,4139,synthetic-7B,32,4096,32,32000,4673.914107906299,5608.696929487559,2804.3484647437795,False,False,float16,497.64153974499015,376.6585551779072
1768628468.6657836,4,777.0,968,566,3108,synthetic-7B,32,4096,32,32000,3014.126115820694,3616.9513389848325,1808.4756694924163,False,False,float16,223.77615323190878,274.36779920224194
1768628468.6658409,1,711.0,711,711,711,synthetic-7B,32,4096,32,32000,778.5477887478373,934.2573464974048,467.1286732487024,False,True,float16,439.4478363752586,28.426033617822156
1768628468.6658974,32,593.5625,965,191,18994,synthetic-7B,32,4096,32,32000,20422.434865930227,24506.921839116272,12253.460919558136,False,True,float16,310.01845040225055,494.46976766695155
1768628468.6659544,16,450.5625,864,110,7209,synthetic-7B,32,4096,32,32000,6103.572112100481,7324.286534520576,3662.143267260288,False,False,float16,140.34523273797492,447.2706765899921
1768628468.6660295,32,589.75,995,69,18872,synthetic-7B,32,4096,32,32000,16874.874124553295,20249.848949463954,10124.924474731977,True,True,float16,387.69458526892896,236.86180428404361
1768628468.6660874,4,408.25,873,180,1633,synthetic-7B,32,4096,32,32000,1647.5581584054673,1977.0697900865607,988.5348950432804,False,False,float16,182.92018952693155,121.36265973082999
1768628468.6661432,4,377.5,739,102,1510,synthetic-7B,32,4096,32,32000,1401.5452378567966,1681.854285428156,840.927142714078,False,True,float16,189.03912087828832,363.2978163911068
1768628468.6662037,2,573.0,974,172,1146,synthetic-7B,32,4096,32,32000,814.4557777805976,977.346933336717,488.6734666683585,True,True,float16,170.17314436531353,312.38367832804124
1768628468.666263,2,836.0,928,744,1672,synthetic-7B,32,4096,32,32000,1784.467683328603,2141.3612199943236,1070.6806099971618,False,False,float16,153.324856112727,278.5643177696739
1768628468.666322,16,509.4375,967,94,8151,synthetic-7B,32,4096,32,32000,6020.757134545597,7224.908561454717,3612.4542807273583,True,True,float16,408.2218900740281,385.4119270915954
1768628468.6663795,32,628.375,999,52,20108,synthetic-7B,32,4096,32,32000,17022.322262509966,20426.78671501196,10213.39335750598,True,True,float16,224.11064221369688,242.97040843243872
1768628468.6664362,2,539.5,721,358,1079,synthetic-7B,32,4096,32,32000,1043.206356299464,1251.8476275593569,625.9238137796784,False,False,float16,251.1713976885197,32.174574633885186
1768628468.6664915,2,898.5,937,860,1797,synthetic-7B,32,4096,32,32000,2021.1081410159295,2425.3297692191154,1212.6648846095577,False,True,float16,400.2954465712924,191.27689951689624
1768628468.666548,4,471.25,563,417,1885,synthetic-7B,32,4096,32,32000,1347.0738431280347,1616.4886117536416,808.2443058768208,True,False,float16,476.122678101814,464.23927763185424
1768628468.6666038,8,562.625,832,138,4501,synthetic-7B,32,4096,32,32000,3336.4355726250124,4003.7226871500147,2001.8613435750074,True,True,float16,392.9944024973142,211.7389134850817
1768628468.66666,8,357.0,686,130,2856,synthetic-7B,32,4096,32,32000,2542.3529485844692,3050.823538301363,1525.4117691506815,True,True,float16,386.98650812819756,472.20774999840216
1768628468.6667156,8,612.5,986,313,4900,synthetic-7B,32,4096,32,32000,5583.835975591119,6700.6031707093425,3350.3015853546713,False,True,float16,254.39550556113,469.8752535723346
1768628468.6667707,16,410.125,858,50,6562,synthetic-7B,32,4096,32,32000,6714.719254058498,8057.6631048701975,4028.8315524350987,False,True,float16,126.3614354407057,131.169699232736
1768628468.6668267,8,609.25,997,316,4874,synthetic-7B,32,4096,32,32000,5491.251088830618,6589.501306596741,3294.7506532983707,False,True,float16,286.31545962951833,174.4761801390456
1768628468.666883,32,564.78125,990,69,18073,synthetic-7B,32,4096,32,32000,16543.81894359003,19852.582732308038,9926.291366154019,False,True,float16,479.32174034404983,390.00364939574837
1768628468.6669438,4,506.75,938,286,2027,synthetic-7B,32,4096,32,32000,1506.4408582538745,1807.7290299046492,903.8645149523246,True,True,float16,105.40846313819378,159.6428175730544
1768628468.6670012,16,564.375,997,84,9030,synthetic-7B,32,4096,32,32000,9378.21461293294,11253.857535519526,5626.928767759763,False,True,float16,242.2659901084967,37.52997052261412
1768628468.667058,4,640.25,897,303,2561,synthetic-7B,32,4096,32,32000,1760.1591389688147,2112.1909667625773,1056.0954833812887,True,False,float16,256.12249766990317,339.68220943670667
1768628468.667114,1,166.0,166,166,166,synthetic-7B,32,4096,32,32000,187.08635792423556,224.50362950908266,112.25181475454133,False,True,float16,376.9447927550125,279.2392634654588
1768628468.6671705,32,553.96875,988,93,17727,synthetic-7B,32,4096,32,32000,12297.188681352554,14756.626417623065,7378.313208811533,True,True,float16,310.37200346260045,358.0851090778878
1768628468.667227,2,351.5,608,95,703,synthetic-7B,32,4096,32,32000,509.31915807242194,611.1829896869064,305.5914948434532,True,True,float16,253.15843578948534,300.7981858326802
1768628468.6672823,4,305.75,621,182,1223,synthetic-7B,32,4096,32,32000,1233.8651442233743,1480.6381730680491,740.3190865340246,False,True,float16,239.59549727148274,45.66968986439819
1768628468.6673388,32,524.5625,998,70,16786,synthetic-7B,32,4096,32,32000,12991.688976901667,15590.026772281999,7795.0133861409995,True,True,float16,238.18434891407213,409.82381842816756
1768628468.6673958,4,273.25,447,108,1093,synthetic-7B,32,4096,32,32000,721.189360755804,865.4272329069648,432.7136164534824,True,False,float16,476.7139223109092,182.01620352013944
1768628468.6674533,32,586.34375,969,85,18763,synthetic-7B,32,4096,32,32000,15338.79802030853,18406.557624370234,9203.278812185117,True,True,float16,344.2825341771721,397.2256803639968
1768628468.6675131,16,596.3125,957,91,9541,synthetic-7B,32,4096,32,32000,6177.985952121093,7413.583142545311,3706.7915712726553,True,True,float16,490.43722570651954,461.34128194630983
1768628468.66757,4,653.75,856,573,2615,synthetic-7B,32,4096,32,32000,1910.4739658406156,2292.5687590087387,1146.2843795043693,True,True,float16,173.15205403430832,281.6534558961665
1768628468.6676276,1,461.0,461,461,461,synthetic-7B,32,4096,32,32000,433.9511274229338,520.7413529075205,260.37067645376027,False,False,float16,234.3694534509646,425.83001320927315
1768628468.6676853,4,345.25,517,140,1381,synthetic-7B,32,4096,32,32000,1434.048020927088,1720.8576251125055,860.4288125562528,False,True,float16,111.4010681438621,224.08285055588078
1768628468.6677418,32,597.75,959,103,19128,synthetic-7B,32,4096,32,32000,15852.874200262448,19023.449040314936,9511.724520157468,True,True,float16,122.79939237660851,493.1597585381956
1768628468.6677983,16,544.6875,964,168,8715,synthetic-7B,32,4096,32,32000,6841.951060785232,8210.341272942278,4105.170636471139,True,False,float16,435.15841663413397,443.1416383812162
1768628468.6678543,16,615.9375,870,301,9855,synthetic-7B,32,4096,32,32000,8329.883037160304,9995.859644592363,4997.929822296182,True,True,float16,250.78866543202648,195.41927890922378
1768628468.6679103,4,460.75,958,84,1843,synthetic-7B,32,4096,32,32000,2094.8716400502567,2513.8459680603078,1256.9229840301539,False,False,float16,149.8772911094598,211.72516306408247
1768628468.667966,4,674.5,942,501,2698,synthetic-7B,32,4096,32,32000,2248.9409430924775,2698.729131710973,1349.3645658554865,True,True,float16,367.61329868254955,473.87977419343287
1768628468.668021,4,382.25,753,68,1529,synthetic-7B,32,4096,32,32000,1513.888007868422,1816.6656094421062,908.3328047210531,False,True,float16,266.51161439382633,225.1503624646053
1768628468.6680765,1,319.0,319,319,319,synthetic-7B,32,4096,32,32000,331.0997553857262,397.31970646287147,198.65985323143573,False,True,float16,291.49731239520986,389.95554051575357
1768628468.668133,4,420.0,550,356,1680,synthetic-7B,32,4096,32,32000,1741.2507444713135,2089.5008933655763,1044.7504466827882,False,True,float16,455.7791968540681,175.05842779038406
1768628468.6681902,16,601.5,889,143,9624,synthetic-7B,32,4096,32,32000,9863.363696865865,11836.036436239037,5918.018218119519,False,True,float16,251.6070915736318,345.72250334326213
1768628468.6682467,16,531.5625,964,157,8505,synthetic-7B,32,4096,32,32000,8773.126062865691,10527.751275438828,5263.875637719414,False,True,float16,187.13740393261963,66.09831907573391
1768628468.6683016,16,442.75,829,100,7084,synthetic-7B,32,4096,32,32000,5097.176795964033,6116.612155156839,3058.3060775784197,True,True,float16,225.19423762076002,16.35179399203472
1768628468.6683607,4,691.25,927,140,2765,synthetic-7B,32,4096,32,32000,1975.66061348732,2370.7927361847837,1185.3963680923919,True,True,float16,239.63933064990078,25.302744822191357
1768628468.6684167,4,567.0,965,155,2268,synthetic-7B,32,4096,32,32000,2000.4612655323147,2400.5535186387774,1200.2767593193887,True,True,float16,120.96422947557869,293.2082211497408
1768628468.6684744,8,561.0,974,156,4488,synthetic-7B,32,4096,32,32000,3461.8861879660562,4154.2634255592675,2077.1317127796337,True,True,float16,212.0936243303106,49.82258159767654
1768628468.6685312,2,524.0,558,490,1048,synthetic-7B,32,4096,32,32000,1046.6042532760443,1255.9251039312533,627.9625519656266,False,True,float16,423.1199090904056,85.48574076533282
1768628468.6685884,4,558.25,922,170,2233,synthetic-7B,32,4096,32,32000,1612.2751937128082,1934.7302324553698,967.3651162276849,True,True,float16,210.06371941548937,50.89680449874233
1768628468.6686447,2,604.0,687,521,1208,synthetic-7B,32,4096,32,32000,903.369605296368,1084.0435263556417,542.0217631778208,True,True,float16,474.1703736092478,245.6547942768972
1768628468.668701,2,631.0,959,303,1262,synthetic-7B,32,4096,32,32000,1081.1021518609134,1297.322582233096,648.661291116548,False,True,float16,358.9519663013457,41.2483614131129
1768628468.6687574,32,565.78125,999,77,18105,synthetic-7B,32,4096,32,32000,22000.19680142161,26400.236161705932,13200.118080852966,False,True,float16,194.96633022718345,364.4788022108756
1768628468.6688187,2,483.0,755,211,966,synthetic-7B,32,4096,32,32000,1071.9552054124492,1286.3462464949391,643.1731232474696,False,True,float16,389.750828101092,154.7610037254668
1768628468.6688755,8,418.375,793,72,3347,synthetic-7B,32,4096,32,32000,2149.289292724157,2579.147151268988,1289.573575634494,True,True,float16,132.64811238262837,346.6472600867868
1768628468.6689317,8,440.625,944,54,3525,synthetic-7B,32,4096,32,32000,2714.1653053508658,3256.998366421039,1628.4991832105195,True,True,float16,388.13199373946054,353.29252643976247
1768628468.669009,8,664.875,945,196,5319,synthetic-7B,32,4096,32,32000,4108.990087719825,4930.78810526379,2465.394052631895,True,True,float16,123.75862632833932,367.96817011982324
1768628468.66907,2,601.0,637,565,1202,synthetic-7B,32,4096,32,32000,1250.509317927998,1500.6111815135976,750.3055907567988,False,True,float16,282.73770057362265,89.63468784855979
1768628468.6691275,8,372.75,718,80,2982,synthetic-7B,32,4096,32,32000,1993.1924877750707,2391.830985330085,1195.9154926650424,True,True,float16,227.03435085076595,413.4365140318196
1768628468.6691847,4,400.0,754,77,1600,synthetic-7B,32,4096,32,32000,1428.4223708737115,1714.1068450484538,857.0534225242269,False,True,float16,480.94167553410676,375.54370917211344
1768628468.6692412,2,482.0,748,216,964,synthetic-7B,32,4096,32,32000,931.4510529330188,1117.7412635196224,558.8706317598112,False,False,float16,316.6170233560337,94.67349180318723
1768628468.6692975,4,668.25,951,235,2673,synthetic-7B,32,4096,32,32000,2053.537444115025,2464.24493293803,1232.122466469015,True,False,float16,467.67204711392617,414.63838059456424
1768628468.6693523,1,762.0,762,762,762,synthetic-7B,32,4096,32,32000,905.3292852634744,1086.3951423161693,543.1975711580847,False,True,float16,128.46537932654263,310.3253883770176
1768628468.669409,16,510.0,933,110,8160,synthetic-7B,32,4096,32,32000,9440.844541712886,11329.013450055463,5664.506725027732,False,True,float16,233.8524744435803,101.78803304428857
1768628468.6694655,16,447.125,926,50,7154,synthetic-7B,32,4096,32,32000,7108.230281004729,8529.876337205675,4264.938168602837,False,False,float16,449.2285671143693,379.9634156261264
1768628468.6695216,8,442.5,730,96,3540,synthetic-7B,32,4096,32,32000,2793.4377469897154,3352.125296387658,1676.062648193829,True,True,float16,104.54723070774304,360.4269349045205
1768628468.6695788,1,920.0,920,920,920,synthetic-7B,32,4096,32,32000,1086.8032081583474,1304.163849790017,652.0819248950085,False,True,float16,398.2481713473505,400.01292296243986
1768628468.6696355,16,458.8125,757,104,7341,synthetic-7B,32,4096,32,32000,6219.579132899666,7463.494959479598,3731.747479739799,True,True,float16,437.4574080323734,233.77586200022557
1768628468.6696913,8,479.5,683,128,3836,synthetic-7B,32,4096,32,32000,3171.7251219557456,3806.0701463468945,1903.0350731734472,True,True,float16,340.6979997199083,463.7022272443822
1768628468.6697474,32,541.03125,953,58,17313,synthetic-7B,32,4096,32,32000,13704.37944873084,16445.255338477007,8222.627669238504,True,True,float16,472.98714867256996,283.80165740109226
1768628468.6698077,8,556.625,973,78,4453,synthetic-7B,32,4096,32,32000,4179.674716331291,5015.60965959755,2507.804829798775,False,True,float16,206.31173813270047,177.87208951277879
1768628468.6698642,8,343.0,989,117,2744,synthetic-7B,32,4096,32,32000,2234.9847759765776,2681.981731171893,1340.9908655859465,True,True,float16,337.9832152471047,352.47170806331116
1768628468.6699214,8,522.25,964,135,4178,synthetic-7B,32,4096,32,32000,4426.006527130422,5311.207832556506,2655.603916278253,False,False,float16,123.19055361553501,156.1947916195678
1768628468.6699762,1,863.0,863,863,863,synthetic-7B,32,4096,32,32000,618.4805795562156,742.1766954674587,371.08834773372934,True,True,float16,429.03202489821564,97.45802861783245
1768628468.670045,8,707.5,908,272,5660,synthetic-7B,32,4096,32,32000,5462.643418263376,6555.17210191605,3277.586050958025,False,True,float16,226.67284819652605,11.785060226271986
1768628468.6701047,4,837.5,929,792,3350,synthetic-7B,32,4096,32,32000,3944.197106549783,4733.036527859739,2366.5182639298696,False,True,float16,375.3958319224295,416.0515225764645
1768628468.6701605,2,522.0,662,382,1044,synthetic-7B,32,4096,32,32000,766.4216743411339,919.7060092093607,459.85300460468034,True,True,float16,234.13347656954065,497.6978453851692
1768628468.6702168,4,732.75,931,263,2931,synthetic-7B,32,4096,32,32000,2174.668158866163,2609.601790639396,1304.800895319698,True,True,float16,279.83663847408707,266.2349109089478
1768628468.6702728,2,887.0,926,848,1774,synthetic-7B,32,4096,32,32000,1346.555425386948,1615.8665104643376,807.9332552321688,True,True,float16,279.4545535929976,212.10214812658344
1768628468.6703286,1,450.0,450,450,450,synthetic-7B,32,4096,32,32000,325.2354932387512,390.2825918865014,195.1412959432507,True,True,float16,303.3180753323763,171.10647985434258
1768628468.6703854,8,520.75,959,181,4166,synthetic-7B,32,4096,32,32000,4995.874172901518,5995.049007481822,2997.524503740911,False,True,float16,255.38723483839027,400.24620421640213
1768628468.670443,32,543.8125,941,59,17402,synthetic-7B,32,4096,32,32000,16733.31801739487,20079.981620873845,10039.990810436922,False,False,float16,106.5646434386017,408.331155647884
1768628468.6705058,8,431.75,860,58,3454,synthetic-7B,32,4096,32,32000,3085.0621416301497,3702.0745699561794,1851.0372849780897,False,True,float16,328.56602030203334,84.54051336000681
1768628468.6705627,1,549.0,549,549,549,synthetic-7B,32,4096,32,32000,521.760356855362,626.1124282264344,313.0562141132172,False,True,float16,394.2683437873843,248.2124406845376
1768628468.670618,2,413.5,692,135,827,synthetic-7B,32,4096,32,32000,825.3282720648674,990.3939264778409,495.19696323892043,False,True,float16,455.1175141613996,268.81417701804116
1768628468.670676,2,876.5,961,792,1753,synthetic-7B,32,4096,32,32000,1268.8013905058183,1522.5616686069818,761.2808343034909,True,True,float16,227.70104212441134,255.59960484443275
1768628468.6707342,32,527.3125,984,74,16874,synthetic-7B,32,4096,32,32000,15685.486065507506,18822.583278609007,9411.291639304503,False,True,float16,496.6970951399003,338.78036699688295
1768628468.6707904,8,704.0,990,383,5632,synthetic-7B,32,4096,32,32000,4008.9695344916363,4810.763441389963,2405.3817206949816,True,True,float16,116.6206605092488,450.0169993139142
1768628468.6708453,4,581.25,970,82,2325,synthetic-7B,32,4096,32,32000,2579.9031256674475,3095.883750800937,1547.9418754004685,False,True,float16,230.7173079023365,234.35535613139416
1768628468.6709058,2,531.0,531,531,1062,synthetic-7B,32,4096,32,32000,995.6705070464118,1194.804608455694,597.402304227847,False,True,float16,220.438347952719,265.0480295856398
1768628468.670963,16,500.0,910,141,8000,synthetic-7B,32,4096,32,32000,5883.322811758353,7059.987374110024,3529.993687055012,True,True,float16,429.70463125263973,291.3731799061138
1768628468.6710196,4,663.0,934,156,2652,synthetic-7B,32,4096,32,32000,2224.508276231559,2669.409931477871,1334.7049657389355,True,True,float16,487.47012145714723,247.45844238852274
1768628468.6710758,1,407.0,407,407,407,synthetic-7B,32,4096,32,32000,287.05479492450957,344.4657539094115,172.23287695470574,True,True,float16,460.72365018284967,24.706707183342882
1768628468.6711316,8,662.375,899,424,5299,synthetic-7B,32,4096,32,32000,5380.642430518937,6456.770916622724,3228.385458311362,False,True,float16,450.63550464138604,407.82747805785397
1768628468.6711905,8,549.75,969,101,4398,synthetic-7B,32,4096,32,32000,4048.0068902247544,4857.608268269705,2428.8041341348526,False,True,float16,301.8565725936438,331.16047929745525
1768628468.671247,2,837.5,864,811,1675,synthetic-7B,32,4096,32,32000,1510.0778225983486,1812.0933871180182,906.0466935590091,True,True,float16,166.07607437836052,262.7146050048617
1768628468.6713045,32,500.90625,974,65,16029,synthetic-7B,32,4096,32,32000,18750.46372539187,22500.556470470245,11250.278235235122,False,True,float16,400.7010994803,257.06287883670456
1768628468.6713612,16,429.125,918,75,6866,synthetic-7B,32,4096,32,32000,5671.50770494383,6805.809245932595,3402.9046229662977,True,False,float16,228.99757977655693,459.33570294105135
1768628468.6714168,4,728.5,852,558,2914,synthetic-7B,32,4096,32,32000,2830.086071037663,3396.1032852451954,1698.0516426225977,False,True,float16,162.31853839238215,101.34395569486911
1768628468.671478,4,715.75,978,156,2863,synthetic-7B,32,4096,32,32000,2143.3988128123096,2572.0785753747714,1286.0392876873857,True,False,float16,158.72552888462343,360.19895206724954
1768628468.6715333,2,958.0,983,933,1916,synthetic-7B,32,4096,32,32000,2122.4742587268006,2546.9691104721605,1273.4845552360803,False,True,float16,138.0699679471271,30.714003492116575
1768628468.6715891,4,455.25,783,236,1821,synthetic-7B,32,4096,32,32000,1845.65664367961,2214.787972415532,1107.393986207766,False,True,float16,314.2046569759708,248.17032086184153
1768628468.6716447,2,713.0,735,691,1426,synthetic-7B,32,4096,32,32000,982.8728925526293,1179.447471063155,589.7237355315775,True,True,float16,234.35235024259003,410.3634401157599
1768628468.6717005,16,428.25,962,90,6852,synthetic-7B,32,4096,32,32000,7372.0609468805005,8846.4731362566,4423.2365681283,False,False,float16,353.16158401807,285.4957523386858
1768628468.671756,8,601.625,981,83,4813,synthetic-7B,32,4096,32,32000,4676.156853924283,5611.388224709139,2805.6941123545694,False,True,float16,180.1904198702877,414.5161273883426
1768628468.6718123,2,395.5,512,279,791,synthetic-7B,32,4096,32,32000,801.5637351343406,961.8764821612087,480.93824108060437,False,True,float16,125.9174179512478,109.20419052133221
1768628468.6718712,2,502.5,654,351,1005,synthetic-7B,32,4096,32,32000,931.6067269376667,1117.9280723252,558.9640361626,False,True,float16,426.8548143869961,474.712384228347
1768628468.6719282,16,412.25,946,53,6596,synthetic-7B,32,4096,32,32000,6362.9684632148355,7635.562155857802,3817.781077928901,False,True,float16,165.50720751231546,173.64953828444854
1768628468.6719856,4,596.0,849,242,2384,synthetic-7B,32,4096,32,32000,2026.4759678911867,2431.771161469424,1215.885580734712,True,True,float16,496.92424530321705,483.73107509335443
1768628468.6720438,1,352.0,352,352,352,synthetic-7B,32,4096,32,32000,333.35652255039497,400.02782706047395,200.01391353023698,False,False,float16,441.20058697536035,462.9622482604109
1768628468.6720996,8,580.25,973,167,4642,synthetic-7B,32,4096,32,32000,3547.6704162869364,4257.204499544324,2128.602249772162,True,True,float16,397.61037575673186,114.21384593160671
1768628468.672156,32,546.65625,996,102,17493,synthetic-7B,32,4096,32,32000,20925.058662630436,25110.070395156523,12555.035197578261,False,True,float16,485.11293013051994,168.2473754844835
1768628468.6722121,16,589.875,964,77,9438,synthetic-7B,32,4096,32,32000,9741.541764036743,11689.85011684409,5844.925058422045,False,True,float16,302.9576077169937,24.588151004295895
1768628468.6722686,1,88.0,88,88,88,synthetic-7B,32,4096,32,32000,101.97605962872402,122.37127155446882,61.18563577723441,False,True,float16,206.22863856980334,495.3351759007564
1768628468.6723251,2,666.5,752,581,1333,synthetic-7B,32,4096,32,32000,1518.8395110458866,1822.6074132550639,911.3037066275319,False,True,float16,227.9210435421737,458.67726507349647
1768628468.6723814,8,648.25,964,352,5186,synthetic-7B,32,4096,32,32000,4333.128654463236,5199.754385355883,2599.8771926779414,False,False,float16,351.80699667500744,27.252720691983225
1768628468.6724374,8,701.125,982,404,5609,synthetic-7B,32,4096,32,32000,5604.335039635853,6725.202047563023,3362.6010237815117,False,True,float16,212.81256751440299,441.34948794578906
1768628468.6724946,16,653.9375,860,373,10463,synthetic-7B,32,4096,32,32000,9934.053107581669,11920.863729098002,5960.431864549001,False,True,float16,271.25147275441844,88.45525997334344
1768628468.672551,32,550.34375,981,87,17611,synthetic-7B,32,4096,32,32000,15112.852635113317,18135.42316213598,9067.71158106799,False,True,float16,364.254841534602,441.4978749494177
1768628468.6726105,1,609.0,609,609,609,synthetic-7B,32,4096,32,32000,599.5872727648077,719.5047273177693,359.75236365888463,False,True,float16,450.3689674415661,73.88446270829525
1768628468.6726694,8,531.75,881,194,4254,synthetic-7B,32,4096,32,32000,3752.100056069926,4502.520067283911,2251.2600336419555,True,True,float16,499.7896129357407,491.9491202844713
1768628468.6727262,32,450.8125,881,122,14426,synthetic-7B,32,4096,32,32000,16397.404506082366,19676.88540729884,9838.44270364942,False,True,float16,220.13537970109613,76.56762518132466
1768628468.6727858,2,543.0,590,496,1086,synthetic-7B,32,4096,32,32000,817.6088632874328,981.1306359449193,490.56531797245964,True,True,float16,322.1891861885632,413.7619507792068
1768628468.6728418,16,497.8125,955,129,7965,synthetic-7B,32,4096,32,32000,6133.154091477616,7359.784909773139,3679.8924548865693,True,True,float16,332.28705275464995,193.00684141340983
1768628468.6728978,2,470.5,844,97,941,synthetic-7B,32,4096,32,32000,875.8182101050579,1050.9818521260695,525.4909260630347,False,True,float16,387.71896924973345,211.74132075921773
1768628468.6729684,8,555.75,866,174,4446,synthetic-7B,32,4096,32,32000,3724.2672291691615,4469.120675002993,2234.5603375014966,False,True,float16,176.9469449685488,61.36110802621268
1768628468.6730273,4,467.0,905,114,1868,synthetic-7B,32,4096,32,32000,1813.3873955847378,2176.0648747016853,1088.0324373508427,False,True,float16,121.81247166519525,391.3718293935055
1768628468.673083,32,513.3125,956,107,16426,synthetic-7B,32,4096,32,32000,14987.292229343351,17984.75067521202,8992.37533760601,False,True,float16,220.16068435416352,372.23426509995176
1768628468.6731381,1,702.0,702,702,702,synthetic-7B,32,4096,32,32000,671.8711617142922,806.2453940571505,403.12269702857526,False,True,float16,112.20447433501408,373.92084607963915
1768628468.6731937,1,849.0,849,849,849,synthetic-7B,32,4096,32,32000,804.2633639819874,965.1160367783848,482.5580183891924,False,True,float16,165.25913657437542,452.36162094734385
1768628468.6732507,1,117.0,117,117,117,synthetic-7B,32,4096,32,32000,84.1848145366138,101.02177744393656,50.51088872196828,True,True,float16,105.57074525224905,491.1011109626395
1768628468.6733098,16,439.9375,979,86,7039,synthetic-7B,32,4096,32,32000,6543.475931658545,7852.171117990254,3926.085558995127,False,True,float16,266.1637782377795,475.3594102809165
1768628468.6733663,2,674.5,883,466,1349,synthetic-7B,32,4096,32,32000,1327.9683982057784,1593.562077846934,796.781038923467,False,True,float16,302.3261857095616,369.56828642885876
1768628468.6734223,8,601.75,956,184,4814,synthetic-7B,32,4096,32,32000,4771.34016499208,5725.608197990496,2862.804098995248,False,False,float16,304.54158869843644,475.4066369443406
1768628468.6734786,4,734.75,997,280,2939,synthetic-7B,32,4096,32,32000,3086.7939365918373,3704.1527239102047,1852.0763619551024,False,True,float16,430.46023377693774,305.2525111242333
1768628468.6735356,8,770.875,968,357,6167,synthetic-7B,32,4096,32,32000,4570.641896431465,5484.7702757177585,2742.3851378588793,True,True,float16,217.94877678434756,374.8391149294451
1768628468.6735916,1,536.0,536,536,536,synthetic-7B,32,4096,32,32000,538.9763269269766,646.7715923123719,323.38579615618596,False,True,float16,346.18046482871375,330.8716217501053
1768628468.6736476,2,781.0,860,702,1562,synthetic-7B,32,4096,32,32000,1793.5928422655165,2152.3114107186198,1076.1557053593099,False,True,float16,246.32859114413378,394.16446054934573
1768628468.673704,4,671.5,852,515,2686,synthetic-7B,32,4096,32,32000,1963.946354587125,2356.7356255045497,1178.3678127522749,True,True,float16,472.89487490785757,468.57414515999443
1768628468.6737614,1,855.0,855,855,855,synthetic-7B,32,4096,32,32000,824.4969189897436,989.3963027876922,494.6981513938461,False,True,float16,220.33564336092326,154.49037914802213
1768628468.6738179,1,330.0,330,330,330,synthetic-7B,32,4096,32,32000,347.0182185358924,416.42186224307085,208.21093112153542,False,True,float16,315.0693641626499,269.9784010087106
1768628468.6738749,4,488.0,742,293,1952,synthetic-7B,32,4096,32,32000,2305.907052498329,2767.0884629979946,1383.5442314989973,False,True,float16,185.51970741263636,442.0623081385673
1768628468.6739311,4,523.25,819,219,2093,synthetic-7B,32,4096,32,32000,2361.1696093904316,2833.403531268518,1416.701765634259,False,True,float16,419.0624106365929,379.6423735136479
1768628468.6740148,16,548.6875,945,128,8779,synthetic-7B,32,4096,32,32000,7966.158451195112,9559.390141434134,4779.695070717067,False,False,float16,389.83542795985716,28.017623475398032
1768628468.6740746,8,522.375,918,87,4179,synthetic-7B,32,4096,32,32000,4390.234173955105,5268.281008746126,2634.140504373063,False,True,float16,361.0049136374458,286.1148256900599
1768628468.674134,8,495.375,946,155,3963,synthetic-7B,32,4096,32,32000,4821.055843005885,5785.267011607062,2892.633505803531,False,True,float16,169.52344668292136,310.4232476591073
1768628468.6741903,4,375.0,732,210,1500,synthetic-7B,32,4096,32,32000,1036.9061267774268,1244.2873521329122,622.1436760664561,True,True,float16,285.3274260655903,259.2526665030417
1768628468.674246,2,666.0,856,476,1332,synthetic-7B,32,4096,32,32000,1485.661662849366,1782.793995419239,891.3969977096195,False,True,float16,419.78042682027115,273.62952024852416
1768628468.6743014,16,673.375,993,143,10774,synthetic-7B,32,4096,32,32000,7307.736417286418,8769.283700743701,4384.6418503718505,True,True,float16,340.43409943592087,193.77457728075913
1768628468.6743577,2,530.0,572,488,1060,synthetic-7B,32,4096,32,32000,1265.5703205884172,1518.6843847061007,759.3421923530503,False,True,float16,313.3075197666699,78.68366323964496
1768628468.6744125,8,465.0,812,102,3720,synthetic-7B,32,4096,32,32000,3942.9013315776288,4731.481597893155,2365.7407989465773,False,True,float16,497.44281727272767,305.54685232003595
1768628468.6744673,4,363.0,871,60,1452,synthetic-7B,32,4096,32,32000,1500.6049114850412,1800.7258937820493,900.3629468910246,False,True,float16,404.86353013827994,104.15715960466085
1768628468.6745236,32,526.0,962,52,16832,synthetic-7B,32,4096,32,32000,18515.516717346076,22218.62006081529,11109.310030407645,False,True,float16,102.62773381808148,167.24190969788646
1768628468.6745794,1,704.0,704,704,704,synthetic-7B,32,4096,32,32000,640.5873646167049,768.7048375400459,384.35241877002295,True,True,float16,384.0523133619926,40.51609441298686
1768628468.6746352,32,550.6875,993,56,17622,synthetic-7B,32,4096,32,32000,17893.999282257377,21472.79913870885,10736.399569354426,False,False,float16,353.9926496832801,358.83428893616167
1768628468.6746905,2,370.5,592,149,741,synthetic-7B,32,4096,32,32000,797.5082175309603,957.0098610371524,478.5049305185762,False,False,float16,319.4934023641957,483.86602923674405
1768628468.6747518,16,465.5625,870,73,7449,synthetic-7B,32,4096,32,32000,8152.939999865435,9783.527999838521,4891.763999919261,False,False,float16,138.04412024117178,40.742318976087105
1768628468.674807,4,401.5,537,229,1606,synthetic-7B,32,4096,32,32000,1764.0252849843432,2116.830341981212,1058.415170990606,False,True,float16,186.8576595258041,337.7751108859947
1768628468.6748621,32,517.34375,992,56,16555,synthetic-7B,32,4096,32,32000,19145.513714015844,22974.61645681901,11487.308228409505,False,True,float16,108.28375419219283,273.2554030914694
1768628468.6749177,16,609.1875,980,196,9747,synthetic-7B,32,4096,32,32000,10570.15917209935,12684.191006519219,6342.095503259609,False,True,float16,122.54597210942934,174.25488105123137
1768628468.6749735,8,417.625,895,51,3341,synthetic-7B,32,4096,32,32000,3778.3136192127668,4533.97634305532,2266.98817152766,False,True,float16,318.1460581203321,89.39420922015148
1768628468.6750302,8,474.0,675,146,3792,synthetic-7B,32,4096,32,32000,4174.291492790538,5009.149791348645,2504.5748956743223,False,True,float16,319.6687397587988,87.54716680683505
1768628468.6750872,16,446.5,942,63,7144,synthetic-7B,32,4096,32,32000,5999.358969149858,7199.23076297983,3599.615381489915,True,True,float16,392.02124515653367,169.5539644831517
1768628468.6751423,32,533.375,961,52,17068,synthetic-7B,32,4096,32,32000,19800.673512793222,23760.808215351866,11880.404107675933,False,True,float16,371.60518093346764,236.1306811186742
1768628468.6751978,4,461.0,767,92,1844,synthetic-7B,32,4096,32,32000,2127.7900906389386,2553.3481087667265,1276.6740543833632,False,False,float16,439.29361271275076,33.12029219485488
1768628468.675254,1,949.0,949,949,949,synthetic-7B,32,4096,32,32000,596.7626163933444,716.1151396720132,358.0575698360066,True,True,float16,174.32821199117097,106.79172924137146
1768628468.67531,1,128.0,128,128,128,synthetic-7B,32,4096,32,32000,101.28397652802856,121.54077183363427,60.77038591681713,True,True,float16,443.1206178162306,287.10769896367646
1768628468.6753697,8,497.0,995,51,3976,synthetic-7B,32,4096,32,32000,4013.6830938124567,4816.419712574948,2408.209856287474,False,True,float16,247.98257662225973,102.04485575706767
1768628468.6754286,4,470.25,831,67,1881,synthetic-7B,32,4096,32,32000,1746.8119441084646,2096.1743329301576,1048.0871664650788,False,True,float16,328.9221692462386,127.14956011116423
1768628468.6754856,16,516.3125,993,66,8261,synthetic-7B,32,4096,32,32000,5007.746915293739,6009.296298352487,3004.6481491762434,True,True,float16,415.04021987529916,369.1577778240035
1768628468.6755404,1,185.0,185,185,185,synthetic-7B,32,4096,32,32000,217.94835673083355,261.53802807700026,130.76901403850013,False,True,float16,243.2833852997856,124.84037771239252
1768628468.675597,2,420.0,576,264,840,synthetic-7B,32,4096,32,32000,719.9505133558355,863.9406160270025,431.97030801350127,True,True,float16,270.66614318533806,80.1396683221048
1768628468.6756518,1,866.0,866,866,866,synthetic-7B,32,4096,32,32000,730.345005781421,876.4140069377053,438.20700346885263,False,False,float16,431.4177116320653,170.45933935033742
1768628468.6757185,32,581.5,981,74,18608,synthetic-7B,32,4096,32,32000,22661.37292452331,27193.647509427974,13596.823754713987,False,True,float16,331.0714942024919,481.6502765021655
1768628468.6757767,2,306.0,424,188,612,synthetic-7B,32,4096,32,32000,496.2688042074255,595.5225650489106,297.7612825244553,True,False,float16,305.1964092810473,140.5694328507523
1768628468.6758358,16,375.75,766,61,6012,synthetic-7B,32,4096,32,32000,6603.9283839639,7924.71406075668,3962.35703037834,False,True,float16,228.12246803374236,172.00660377338144
1768628468.675893,32,491.3125,982,109,15722,synthetic-7B,32,4096,32,32000,21463.14814870905,25755.777778450858,12877.888889225429,False,False,float16,416.4188755066992,153.19686040177854
1768628468.6759498,16,521.375,970,72,8342,synthetic-7B,32,4096,32,32000,9225.754279167213,11070.905135000656,5535.452567500328,False,True,float16,144.6790560274094,121.0874419879657
1768628468.6760054,2,762.0,968,556,1524,synthetic-7B,32,4096,32,32000,1458.400405993076,1750.0804871916912,875.0402435958456,False,True,float16,324.4534357725512,364.16266569302934
1768628468.6760619,2,406.0,594,218,812,synthetic-7B,32,4096,32,32000,685.5761340286886,822.6913608344263,411.34568041721315,True,True,float16,284.9805903440117,176.80032116036386
1768628468.6761196,2,740.5,765,716,1481,synthetic-7B,32,4096,32,32000,1564.6063784269058,1877.5276541122869,938.7638270561434,False,True,float16,202.12089330097407,382.920017710473
1768628468.6761794,1,453.0,453,453,453,synthetic-7B,32,4096,32,32000,333.5177682964672,400.22132195576063,200.11066097788031,True,True,float16,209.63865780545729,393.06435912923
1768628468.6762369,4,648.25,951,307,2593,synthetic-7B,32,4096,32,32000,2716.2418324807263,3259.4901989768714,1629.7450994884357,False,True,float16,415.99090601081014,422.18290857773786
1768628468.6762924,8,347.625,697,52,2781,synthetic-7B,32,4096,32,32000,2936.1320423909187,3523.3584508691024,1761.6792254345512,False,True,float16,449.0697646885516,408.0570350951923
1768628468.6763515,4,440.75,541,338,1763,synthetic-7B,32,4096,32,32000,1509.1670981208654,1811.0005177450385,905.5002588725192,False,True,float16,251.4107484424866,448.9766004506747
1768628468.6764073,8,755.5,930,492,6044,synthetic-7B,32,4096,32,32000,6073.101938628774,7287.722326354529,3643.8611631772646,False,False,float16,170.0226943853673,156.8084698832498
1768628468.676464,8,448.0,879,106,3584,synthetic-7B,32,4096,32,32000,3652.247056290011,4382.696467548013,2191.3482337740065,False,True,float16,422.9162296993724,133.40993576873024
1768628468.676521,32,429.78125,989,68,13753,synthetic-7B,32,4096,32,32000,11517.39295277937,13820.871543335243,6910.435771667621,True,True,float16,290.56138890675425,441.1519626981822
1768628468.676577,1,860.0,860,860,860,synthetic-7B,32,4096,32,32000,804.3882207442246,965.2658648930694,482.6329324465347,False,True,float16,251.53534698253424,76.4723078441114
1768628468.6766331,32,482.625,995,56,15444,synthetic-7B,32,4096,32,32000,15014.590448808223,18017.508538569866,9008.754269284933,False,True,float16,229.04466768291036,24.12585008545316
1768628468.6766882,16,619.625,985,130,9914,synthetic-7B,32,4096,32,32000,7632.618563785292,9159.14227654235,4579.571138271175,True,True,float16,230.15305052470225,494.4353599502031
1768628468.6767478,4,664.5,982,338,2658,synthetic-7B,32,4096,32,32000,2896.0526634966755,3475.2631961960105,1737.6315980980053,False,True,float16,350.934057045115,323.9997272436757
1768628468.6768045,32,518.40625,994,84,16589,synthetic-7B,32,4096,32,32000,17265.81118284843,20718.973419418115,10359.486709709057,False,True,float16,410.69462147190507,37.77451119897827
1768628468.6768615,2,581.0,903,259,1162,synthetic-7B,32,4096,32,32000,1237.6036321827319,1485.1243586192782,742.5621793096391,False,True,float16,167.01866276214446,495.4107836035982
1768628468.6769164,8,436.875,722,179,3495,synthetic-7B,32,4096,32,32000,3155.6008008602703,3786.7209610323243,1893.3604805161622,False,False,float16,404.3170765605945,401.9999586719689
1768628468.676988,2,298.0,348,248,596,synthetic-7B,32,4096,32,32000,594.4166326356814,713.2999591628176,356.6499795814088,False,True,float16,158.35137996971423,165.40517971901193
1768628468.6770444,16,495.4375,949,52,7927,synthetic-7B,32,4096,32,32000,6226.375223234413,7471.650267881296,3735.825133940648,True,True,float16,144.87485446295443,171.04429273298985
1768628468.6770992,1,330.0,330,330,330,synthetic-7B,32,4096,32,32000,408.0682067277151,489.6818480732581,244.84092403662905,False,False,float16,478.85883637403964,226.81381250544555
1768628468.6771536,16,470.1875,978,69,7523,synthetic-7B,32,4096,32,32000,8003.720938924035,9604.465126708841,4802.232563354421,False,True,float16,477.1339212979623,216.11886102988896
1768628468.6772103,32,550.5625,995,63,17618,synthetic-7B,32,4096,32,32000,13794.461286338226,16553.35354360587,8276.676771802935,False,False,float16,401.9849187873711,253.97090075235062
1768628468.677266,8,526.125,846,237,4209,synthetic-7B,32,4096,32,32000,2834.25936720131,3401.111240641572,1700.555620320786,True,False,float16,323.53207552956326,181.16023170995055
1768628468.677322,2,896.0,911,881,1792,synthetic-7B,32,4096,32,32000,1894.4415971482747,2273.3299165779295,1136.6649582889647,False,True,float16,441.55819427241005,147.27449851246595
1768628468.6773787,1,592.0,592,592,592,synthetic-7B,32,4096,32,32000,623.436603549928,748.1239242599136,374.0619621299568,False,True,float16,282.5892790134934,260.3998539479424
1768628468.677433,1,961.0,961,961,961,synthetic-7B,32,4096,32,32000,1180.8732792800236,1417.0479351360282,708.5239675680141,False,True,float16,439.7919319863639,45.768487849705046
1768628468.67749,8,529.0,953,81,4232,synthetic-7B,32,4096,32,32000,2875.4807178685974,3450.576861442317,1725.2884307211584,True,True,float16,324.0440922905816,11.39830802124792
1768628468.6775491,32,551.84375,936,54,17659,synthetic-7B,32,4096,32,32000,12836.9660442229,15404.35925306748,7702.17962653374,True,False,float16,155.25879466783712,175.34245562212584
1768628468.6776052,2,267.0,350,184,534,synthetic-7B,32,4096,32,32000,357.5133423364433,429.01601080373194,214.50800540186597,True,True,float16,158.67203132595856,180.9296397879613
1768628468.677662,16,438.375,909,65,7014,synthetic-7B,32,4096,32,32000,6691.476317038998,8029.771580446797,4014.8857902233985,False,False,float16,468.60692074593743,200.12097475153703
1768628468.6777182,2,745.5,880,611,1491,synthetic-7B,32,4096,32,32000,1281.4633869284444,1537.7560643141333,768.8780321570666,False,True,float16,131.71394250848695,476.87163889674065
1768628468.6777747,4,616.25,940,114,2465,synthetic-7B,32,4096,32,32000,2659.037986427785,3190.845583713342,1595.422791856671,False,False,float16,378.6855589909784,150.9099154459313
1768628468.677831,8,485.0,942,149,3880,synthetic-7B,32,4096,32,32000,4036.127799758181,4843.353359709817,2421.6766798549083,False,True,float16,282.4194771078344,208.24655726070793
1768628468.6778865,32,625.5,986,67,20016,synthetic-7B,32,4096,32,32000,26529.05510488948,31834.866125867375,15917.433062933687,False,True,float16,112.99214224129503,479.4543802244013
1768628468.6779435,16,532.9375,950,59,8527,synthetic-7B,32,4096,32,32000,7901.571487457033,9481.88578494844,4740.94289247422,False,False,float16,153.66127589945927,316.43805835527183
1768628468.6780102,1,696.0,696,696,696,synthetic-7B,32,4096,32,32000,631.5393663603867,757.847239632464,378.923619816232,False,True,float16,210.77699269597514,121.81156798627174
1768628468.678071,2,532.0,648,416,1064,synthetic-7B,32,4096,32,32000,999.6877811480279,1199.6253373776333,599.8126686888166,False,False,float16,217.33049540959854,397.93032049558616
1768628468.6781282,4,686.75,762,605,2747,synthetic-7B,32,4096,32,32000,2189.5397110891354,2627.4476533069624,1313.7238266534812,True,True,float16,227.4396529052446,481.45817786774427
1768628468.6781852,4,704.75,852,633,2819,synthetic-7B,32,4096,32,32000,2753.660946967112,3304.3931363605343,1652.1965681802671,False,False,float16,165.1309070247652,92.58882344227116
1768628468.6782444,8,541.875,973,245,4335,synthetic-7B,32,4096,32,32000,2901.4008757034176,3481.681050844101,1740.8405254220504,True,True,float16,127.67843644374999,356.090765782407
1768628468.678302,1,458.0,458,458,458,synthetic-7B,32,4096,32,32000,466.0783470429402,559.2940164515283,279.6470082257641,False,True,float16,152.24176206995935,325.96369491192513
1768628468.6783583,8,463.5,854,294,3708,synthetic-7B,32,4096,32,32000,2389.6791173096685,2867.614940771602,1433.807470385801,True,True,float16,271.6379432684199,312.84128240707093
1768628468.6784158,1,64.0,64,64,64,synthetic-7B,32,4096,32,32000,61.668508829528236,74.00221059543388,37.00110529771694,False,True,float16,432.9948668681856,427.0497681097329
1768628468.6784732,4,618.75,917,262,2475,synthetic-7B,32,4096,32,32000,2616.2450596800304,3139.4940716160363,1569.7470358080182,False,True,float16,239.940643486704,93.09319734737821
1768628468.6785302,16,616.5625,971,115,9865,synthetic-7B,32,4096,32,32000,7680.725521157155,9216.870625388585,4608.435312694292,True,True,float16,189.4765326099864,165.81680994338097
1768628468.678586,32,496.875,976,58,15900,synthetic-7B,32,4096,32,32000,15877.512402315488,19053.014882778585,9526.507441389293,False,True,float16,308.12191741216077,397.5341686158632
1768628468.678642,32,484.125,967,74,15492,synthetic-7B,32,4096,32,32000,17866.983346539113,21440.380015846935,10720.190007923467,False,True,float16,432.8743663427147,460.7405760613777
1768628468.6786978,1,653.0,653,653,653,synthetic-7B,32,4096,32,32000,510.05745332237456,612.0689439868495,306.03447199342475,True,True,float16,154.42152545133405,78.0110053431806
1768628468.6787543,16,485.75,948,74,7772,synthetic-7B,32,4096,32,32000,6447.505134848359,7737.006161818031,3868.5030809090154,True,True,float16,180.88783678332624,370.98635431629293
1768628468.678809,8,600.375,888,235,4803,synthetic-7B,32,4096,32,32000,5930.368229374564,7116.441875249477,3558.2209376247383,False,True,float16,404.91972821166496,326.2420384393666
1768628468.6788647,1,668.0,668,668,668,synthetic-7B,32,4096,32,32000,785.394501075309,942.4734012903707,471.23670064518535,False,True,float16,401.97329261675776,213.53165517372813
1768628468.678921,2,700.0,859,541,1400,synthetic-7B,32,4096,32,32000,939.1514083347083,1126.98169000165,563.490845000825,True,True,float16,204.94565185892614,207.7050532439873
1768628468.6789818,32,524.1875,945,69,16774,synthetic-7B,32,4096,32,32000,19269.77289755845,23123.72747707014,11561.86373853507,False,True,float16,367.1702124758066,57.31097475096493
1768628468.6790395,16,512.625,851,239,8202,synthetic-7B,32,4096,32,32000,6842.034203764736,8210.441044517684,4105.220522258842,False,True,float16,252.55309961143104,326.8063740865155
1768628468.679096,32,454.6875,967,50,14550,synthetic-7B,32,4096,32,32000,10154.445144998364,12185.334173998037,6092.6670869990185,True,True,float16,368.2369676937104,18.819574630477923
1768628468.679152,16,573.4375,987,97,9175,synthetic-7B,32,4096,32,32000,9775.867227597233,11731.040673116679,5865.520336558339,False,True,float16,377.0772541931151,353.42119371892153
1768628468.6792076,4,359.5,542,150,1438,synthetic-7B,32,4096,32,32000,1368.0521578080468,1641.6625893696562,820.8312946848281,False,True,float16,465.3553187183123,489.8208642402509
1768628468.6792629,8,533.875,956,233,4271,synthetic-7B,32,4096,32,32000,3074.6486368759397,3689.5783642511274,1844.7891821255637,True,True,float16,397.9100265185033,155.6943015470704
1768628468.6793196,2,235.0,311,159,470,synthetic-7B,32,4096,32,32000,358.6336023366289,430.36032280395466,215.18016140197733,True,True,float16,238.62955031334957,329.9102472931229
1768628468.6793792,2,832.5,965,700,1665,synthetic-7B,32,4096,32,32000,1669.0565841555965,2002.8679009867158,1001.4339504933579,False,False,float16,415.47127256166084,256.82678963699254
1768628468.6794355,32,573.6875,950,182,18358,synthetic-7B,32,4096,32,32000,12709.376002124813,15251.251202549774,7625.625601274887,True,False,float16,187.3306001578838,146.14571896877567
1768628468.6794927,2,639.5,934,345,1279,synthetic-7B,32,4096,32,32000,920.8769002380064,1105.0522802856076,552.5261401428038,True,True,float16,123.61123781518177,257.1803581249829
1768628468.6795483,2,504.0,556,452,1008,synthetic-7B,32,4096,32,32000,1239.306560865234,1487.1678730382807,743.5839365191404,False,True,float16,172.8146732746556,189.842986906483
1768628468.6796045,2,309.0,497,121,618,synthetic-7B,32,4096,32,32000,397.0615971978558,476.47391663742695,238.23695831871348,True,True,float16,296.18958609186615,233.55958237740538
1768628468.6796649,16,413.625,993,66,6618,synthetic-7B,32,4096,32,32000,7918.92300893994,9502.707610727928,4751.353805363964,False,True,float16,188.59117017835496,208.94452729041217
1768628468.6797225,4,694.75,957,366,2779,synthetic-7B,32,4096,32,32000,2074.602352722742,2489.5228232672903,1244.7614116336451,True,True,float16,196.89654908627335,24.674364949301577
1768628468.679779,16,480.5625,923,84,7689,synthetic-7B,32,4096,32,32000,7797.197752348727,9356.637302818472,4678.318651409236,False,True,float16,372.42053426039996,81.29974241126138
1768628468.6798346,32,521.96875,968,63,16703,synthetic-7B,32,4096,32,32000,14636.122868588245,17563.347442305894,8781.673721152947,True,True,float16,164.76394083348143,53.000467970223774
1768628468.6798918,8,613.0,830,501,4904,synthetic-7B,32,4096,32,32000,3524.681306423663,4229.617567708396,2114.808783854198,False,True,float16,222.43752375078316,217.27361518895344
1768628468.6799476,32,483.5,929,68,15472,synthetic-7B,32,4096,32,32000,14830.421761569925,17796.50611388391,8898.253056941954,False,False,float16,207.13425022371547,130.35585327442539
1768628468.6800075,2,437.5,807,68,875,synthetic-7B,32,4096,32,32000,1040.4340251338463,1248.5208301606156,624.2604150803078,False,True,float16,452.09175191103583,355.1587659327919
1768628468.6800656,4,415.5,987,104,1662,synthetic-7B,32,4096,32,32000,1593.4085517203064,1912.0902620643676,956.0451310321838,False,True,float16,366.1778343012065,45.17489932066286
1768628468.680122,1,823.0,823,823,823,synthetic-7B,32,4096,32,32000,776.2008067063077,931.4409680475692,465.7204840237846,False,True,float16,401.10341659636924,118.6709784132408
1768628468.6801784,16,456.1875,996,70,7299,synthetic-7B,32,4096,32,32000,6030.08016050429,7236.096192605148,3618.048096302574,True,True,float16,391.50540150206456,392.3894447159061
1768628468.6802342,1,161.0,161,161,161,synthetic-7B,32,4096,32,32000,151.96619384980323,182.35943261976388,91.17971630988194,False,False,float16,285.431468853153,78.86487477548675
1768628468.6802907,16,574.25,953,69,9188,synthetic-7B,32,4096,32,32000,10756.430791277697,12907.716949533236,6453.858474766618,False,True,float16,212.6494630818475,260.36582286727156
1768628468.6803463,16,608.9375,994,171,9743,synthetic-7B,32,4096,32,32000,10245.37858190109,12294.454298281307,6147.227149140654,False,True,float16,159.50638836560285,18.460882875423867
1768628468.680407,1,409.0,409,409,409,synthetic-7B,32,4096,32,32000,419.68383133315865,503.62059759979036,251.81029879989518,False,False,float16,106.27091619984621,250.4016713540358
1768628468.680464,16,433.0,877,72,6928,synthetic-7B,32,4096,32,32000,7717.710666800098,9261.252800160117,4630.626400080058,False,True,float16,263.6622381912349,277.9292723016652
1768628468.6805198,32,533.46875,981,65,17071,synthetic-7B,32,4096,32,32000,19029.6976471856,22835.63717662272,11417.81858831136,False,True,float16,136.28951356389973,489.47277064994995
1768628468.6805758,2,211.5,236,187,423,synthetic-7B,32,4096,32,32000,392.2540036121626,470.7048043345951,235.35240216729756,False,True,float16,185.9309799617772,322.5395328733769
1768628468.6806376,32,485.03125,989,66,15521,synthetic-7B,32,4096,32,32000,13955.319020382582,16746.3828244591,8373.19141222955,False,False,float16,431.46367360632485,221.19919661978602
1768628468.680693,4,273.5,509,56,1094,synthetic-7B,32,4096,32,32000,1143.8028956523674,1372.5634747828408,686.2817373914204,False,False,float16,311.1966535832023,328.1190804563843
1768628468.6807494,1,622.0,622,622,622,synthetic-7B,32,4096,32,32000,624.6601352522716,749.5921623027259,374.79608115136296,False,True,float16,277.98780231803454,285.0451928992391
1768628468.6808052,32,554.65625,994,82,17749,synthetic-7B,32,4096,32,32000,15982.51549554557,19179.01859465468,9589.50929732734,False,False,float16,372.2144910743319,461.78300846551303
1768628468.6808617,4,494.5,960,174,1978,synthetic-7B,32,4096,32,32000,1466.0704519843039,1759.2845423811646,879.6422711905823,True,False,float16,490.98029587617884,24.01504057224257
1768628468.680917,8,383.625,776,50,3069,synthetic-7B,32,4096,32,32000,2982.4358937120683,3578.923072454482,1789.461536227241,False,True,float16,273.3779504891041,234.52026984035308
1768628468.6809907,1,892.0,892,892,892,synthetic-7B,32,4096,32,32000,773.8045859159631,928.5655030991556,464.2827515495778,True,True,float16,128.54123285136188,357.2185375463456
1768628468.6810482,1,536.0,536,536,536,synthetic-7B,32,4096,32,32000,579.2935994457001,695.1523193348402,347.5761596674201,False,True,float16,404.15109727743965,248.1653089674184
1768628468.6811078,8,428.5,871,88,3428,synthetic-7B,32,4096,32,32000,2502.7379872128236,3003.285584655388,1501.642792327694,True,True,float16,131.39111028885483,413.4851936283869
1768628468.6811652,1,946.0,946,946,946,synthetic-7B,32,4096,32,32000,1072.210027863075,1286.65203343569,643.326016717845,False,True,float16,104.29970015775906,389.220960835433
1768628468.681222,16,493.25,949,50,7892,synthetic-7B,32,4096,32,32000,6881.128771207189,8257.354525448627,4128.677262724314,False,True,float16,489.96433385776004,458.99487712558056
1768628468.681278,16,381.125,741,78,6098,synthetic-7B,32,4096,32,32000,6694.6703736261,8033.60444835132,4016.80222417566,False,True,float16,312.70487291378083,378.2947300372865
1768628468.681335,16,553.625,913,111,8858,synthetic-7B,32,4096,32,32000,8833.268281583052,10599.921937899662,5299.960968949831,False,True,float16,159.92172100792206,49.58225883466205
1768628468.6813917,8,636.625,899,162,5093,synthetic-7B,32,4096,32,32000,3891.7996552988902,4670.159586358668,2335.079793179334,True,True,float16,487.30401943502653,165.37452370827066
1768628468.681448,2,305.0,543,67,610,synthetic-7B,32,4096,32,32000,631.6714452940024,758.0057343528028,379.0028671764014,False,False,float16,305.94926955828333,442.2405646700902
1768628468.6815045,32,522.09375,952,51,16707,synthetic-7B,32,4096,32,32000,11371.138475683398,13645.366170820076,6822.683085410038,True,True,float16,265.7276500834324,160.63998156864787
1768628468.6815603,32,481.3125,929,57,15402,synthetic-7B,32,4096,32,32000,15938.908897514551,19126.69067701746,9563.34533850873,False,True,float16,260.7982082423892,256.5901708023772
1768628468.6816154,16,594.5,992,110,9512,synthetic-7B,32,4096,32,32000,9913.005159287317,11895.60619114478,5947.80309557239,False,False,float16,422.01880464565136,172.03531199886595
1768628468.6816714,2,429.5,599,260,859,synthetic-7B,32,4096,32,32000,708.3897255795264,850.0676706954316,425.0338353477158,False,True,float16,369.17295436878084,388.2909944726298
1768628468.6817267,4,362.5,599,120,1450,synthetic-7B,32,4096,32,32000,1061.7914665233147,1274.1497598279777,637.0748799139889,True,False,float16,206.75814275048322,111.39138420083769
1768628468.681784,32,552.875,992,76,17692,synthetic-7B,32,4096,32,32000,12651.20792653193,15181.449511838315,7590.724755919157,True,True,float16,394.2673504122012,404.76948646330175
1768628468.6818435,1,228.0,228,228,228,synthetic-7B,32,4096,32,32000,251.69894909403524,302.0387389128423,151.01936945642115,False,True,float16,297.4679023849347,131.68225310072143
1768628468.6819,8,594.75,980,306,4758,synthetic-7B,32,4096,32,32000,3456.937870019701,4148.3254440236415,2074.1627220118207,True,False,float16,185.08708999842915,69.6815163258602
1768628468.6819575,8,530.75,979,183,4246,synthetic-7B,32,4096,32,32000,3798.2738771011855,4557.928652521422,2278.964326260711,True,False,float16,276.09620246612246,468.88290926942784
1768628468.6820307,32,538.71875,977,107,17239,synthetic-7B,32,4096,32,32000,14616.953180940116,17540.343817128138,8770.171908564069,True,True,float16,265.29994129467207,464.10962314166284
1768628468.6820872,8,511.5,936,235,4092,synthetic-7B,32,4096,32,32000,4609.898436605708,5531.87812392685,2765.939061963425,False,True,float16,314.96514955489306,463.9241822163718
1768628468.6821427,8,309.875,923,94,2479,synthetic-7B,32,4096,32,32000,2435.8877856577847,2923.0653427893417,1461.5326713946708,False,False,float16,125.51690230554082,288.876720195897
1768628468.6821992,16,585.6875,889,227,9371,synthetic-7B,32,4096,32,32000,9403.769050934556,11284.522861121466,5642.261430560733,False,True,float16,498.70836220803614,487.8542259181907
1768628468.6822543,2,756.5,915,598,1513,synthetic-7B,32,4096,32,32000,1490.5717432488502,1788.6860918986201,894.3430459493101,False,True,float16,260.2229283540831,25.080755372499972
1768628468.6823096,1,478.0,478,478,478,synthetic-7B,32,4096,32,32000,356.9655288225588,428.3586345870705,214.17931729353526,True,True,float16,212.1938404143924,343.931943352326
1768628468.6823657,4,492.5,650,343,1970,synthetic-7B,32,4096,32,32000,1815.5285785495012,2178.6342942594015,1089.3171471297007,False,True,float16,366.93280882612805,221.8174395429127
1768628468.6824214,2,751.0,965,537,1502,synthetic-7B,32,4096,32,32000,1284.5225316939232,1541.4270380327077,770.7135190163539,False,False,float16,148.68709619943118,270.91230998252627
1768628468.6824772,16,561.25,984,97,8980,synthetic-7B,32,4096,32,32000,9118.147678805199,10941.777214566238,5470.888607283119,False,True,float16,115.41915554816961,200.42859745664202
1768628468.6825376,8,647.125,957,182,5177,synthetic-7B,32,4096,32,32000,4056.532036418578,4867.838443702293,2433.9192218511466,True,True,float16,474.89460551190126,145.5001339514436
1768628468.6825938,1,194.0,194,194,194,synthetic-7B,32,4096,32,32000,212.7066098026014,255.24793176312167,127.62396588156084,False,True,float16,283.99787130297625,171.09969262624742
1768628468.6826503,8,598.0,862,97,4784,synthetic-7B,32,4096,32,32000,5219.123063682164,6262.9476764185965,3131.4738382092983,False,False,float16,166.73259885434828,12.88572024110425
1768628468.6827064,2,505.5,839,172,1011,synthetic-7B,32,4096,32,32000,1125.7100200338507,1350.8520240406208,675.4260120203104,False,True,float16,431.9194962038989,187.24885116349463
1768628468.6827624,1,930.0,930,930,930,synthetic-7B,32,4096,32,32000,1029.1256398736643,1234.9507678483972,617.4753839241986,False,True,float16,280.75928495097935,369.5289009168261
1768628468.6828184,32,471.03125,975,79,15073,synthetic-7B,32,4096,32,32000,15498.06456466431,18597.67747759717,9298.838738798586,False,True,float16,413.3465122060578,410.6966478801942
1768628468.682875,4,458.0,668,224,1832,synthetic-7B,32,4096,32,32000,1864.0276322169238,2236.8331586603085,1118.4165793301543,False,False,float16,146.31409532808993,460.2375947730809
1768628468.6829307,4,438.25,579,252,1753,synthetic-7B,32,4096,32,32000,1775.5488548858305,2130.6586258629964,1065.3293129314982,False,True,float16,224.75037704717812,120.93657612315322
1768628468.682988,8,549.625,979,70,4397,synthetic-7B,32,4096,32,32000,3548.4611165263877,4258.153339831665,2129.0766699158326,True,True,float16,449.8440026255395,211.27610505267052
1768628468.683044,32,519.59375,962,57,16627,synthetic-7B,32,4096,32,32000,14237.653792861074,17085.18455143329,8542.592275716645,True,True,float16,465.8113283314688,130.07725552229869
1768628468.6831,32,516.75,997,67,16536,synthetic-7B,32,4096,32,32000,16853.640405193586,20224.368486232303,10112.184243116151,False,True,float16,442.12182636017167,141.58316494943097
1768628468.683156,32,457.09375,961,67,14627,synthetic-7B,32,4096,32,32000,15821.16901229494,18985.40281475393,9492.701407376964,False,False,float16,346.396504690774,68.50675616246257
1768628468.6832118,2,673.5,725,622,1347,synthetic-7B,32,4096,32,32000,1506.8435230443579,1808.2122276532293,904.1061138266147,False,True,float16,183.43621516718093,165.84195024914834
1768628468.6832714,1,885.0,885,885,885,synthetic-7B,32,4096,32,32000,941.2964761127462,1129.5557713352953,564.7778856676476,False,True,float16,168.1355059300544,16.215246537930188
1768628468.6833298,4,566.5,824,222,2266,synthetic-7B,32,4096,32,32000,1723.8563647639694,2068.6276377167633,1034.3138188583816,True,True,float16,194.96689656490793,137.6701146042747
1768628468.6833868,32,523.0625,936,80,16738,synthetic-7B,32,4096,32,32000,15354.57949126846,18425.49538952215,9212.747694761076,False,True,float16,335.9206808008071,394.78824428137455
1768628468.6834435,2,542.5,696,389,1085,synthetic-7B,32,4096,32,32000,774.9263670711593,929.9116404853912,464.9558202426956,True,True,float16,101.8666794276894,60.556405814827585
1768628468.6834993,4,616.0,815,440,2464,synthetic-7B,32,4096,32,32000,2488.3068615080874,2985.968233809705,1492.9841169048525,False,True,float16,400.0479712632588,454.2467854404034
1768628468.6835566,32,516.0,966,76,16512,synthetic-7B,32,4096,32,32000,13277.014712141081,15932.417654569297,7966.208827284649,True,True,float16,199.0328653159758,344.3552876372208
1768628468.6836174,8,691.125,990,268,5529,synthetic-7B,32,4096,32,32000,5160.532919092989,6192.6395029115865,3096.3197514557933,False,True,float16,150.5817251485612,315.4916018585491
1768628468.6836753,32,521.6875,958,68,16694,synthetic-7B,32,4096,32,32000,18060.24985587708,21672.299827052495,10836.149913526247,False,False,float16,185.66009203709805,185.0385293700329
1768628468.6837308,1,507.0,507,507,507,synthetic-7B,32,4096,32,32000,496.3184182185561,595.5821018622672,297.7910509311336,False,True,float16,229.73642455591005,108.39070306942935
1768628468.6837876,32,551.78125,984,71,17657,synthetic-7B,32,4096,32,32000,13050.403009739333,15660.4836116872,7830.2418058436,True,True,float16,410.4475979506436,352.1878141361936
1768628468.6838436,8,555.5,842,290,4444,synthetic-7B,32,4096,32,32000,4864.411768726217,5837.2941224714605,2918.6470612357302,False,False,float16,170.8796903523401,213.34375372121045
1768628468.6839,8,512.25,940,155,4098,synthetic-7B,32,4096,32,32000,2834.152158091384,3400.9825897096607,1700.4912948548304,True,True,float16,194.3271885638241,60.61791630689516
1768628468.6839597,16,379.25,733,134,6068,synthetic-7B,32,4096,32,32000,5479.540767302829,6575.448920763395,3287.7244603816976,True,True,float16,132.1157508732402,223.021720366968
1768628468.6840167,1,920.0,920,920,920,synthetic-7B,32,4096,32,32000,1001.1660716694255,1201.3992860033106,600.6996430016553,False,True,float16,325.7717893378078,72.72302631589815
1768628468.6840718,2,663.0,905,421,1326,synthetic-7B,32,4096,32,32000,1269.863519396636,1523.8362232759632,761.9181116379816,False,True,float16,198.92310338842512,248.77398415645118
1768628468.6841276,2,181.5,236,127,363,synthetic-7B,32,4096,32,32000,432.7677763512121,519.3213316214545,259.66066581072727,False,True,float16,376.7706759679214,364.2711463342733
1768628468.6841846,16,603.375,999,190,9654,synthetic-7B,32,4096,32,32000,7473.063370821657,8967.676044985988,4483.838022492994,True,True,float16,463.1396814839376,404.5649460985717
1768628468.6842406,8,518.625,993,73,4149,synthetic-7B,32,4096,32,32000,2998.8692340417206,3598.6430808500645,1799.3215404250323,True,True,float16,411.8812301485623,198.96928338647885
1768628468.6842957,2,607.0,929,285,1214,synthetic-7B,32,4096,32,32000,1419.2594473838687,1703.1113368606425,851.5556684303212,False,True,float16,145.69072204145553,80.35956388996172
1768628468.6843514,16,438.625,957,81,7018,synthetic-7B,32,4096,32,32000,4910.914405999057,5893.097287198868,2946.548643599434,True,True,float16,121.59572223559314,133.51048969860756
1768628468.6844072,4,598.75,749,187,2395,synthetic-7B,32,4096,32,32000,2401.5539785062483,2881.8647742074977,1440.9323871037489,False,False,float16,202.5426660638359,252.29569923544497
1768628468.6844623,1,988.0,988,988,988,synthetic-7B,32,4096,32,32000,947.959922499797,1137.5519069997563,568.7759534998781,False,True,float16,214.0294166338715,387.03215324653013
1768628468.6845179,4,390.25,924,64,1561,synthetic-7B,32,4096,32,32000,1540.622902771058,1848.7474833252695,924.3737416626348,False,True,float16,138.0950617496039,33.452426909151086
1768628468.6845744,4,671.0,886,418,2684,synthetic-7B,32,4096,32,32000,2440.5529020151776,2928.663482418213,1464.3317412091064,False,False,float16,140.27555874015275,194.8596031745823
1768628468.6846352,32,446.25,972,58,14280,synthetic-7B,32,4096,32,32000,15391.75648512919,18470.107782155028,9235.053891077514,False,True,float16,461.87927647066,439.63716546283536
1768628468.6846945,16,593.375,967,92,9494,synthetic-7B,32,4096,32,32000,10009.901010498043,12011.881212597651,6005.9406062988255,False,False,float16,162.9001730131566,454.8672241501006
1768628468.6847513,4,629.5,832,473,2518,synthetic-7B,32,4096,32,32000,2854.0990165774333,3424.91881989292,1712.45940994646,False,True,float16,436.03680402735665,66.85090305824437
1768628468.684808,4,531.75,815,191,2127,synthetic-7B,32,4096,32,32000,2228.8848036317468,2674.661764358096,1337.330882179048,False,True,float16,150.52098999870464,184.61232944390235
1768628468.684864,8,616.875,957,253,4935,synthetic-7B,32,4096,32,32000,6323.156584206204,7587.787901047444,3793.893950523722,False,True,float16,120.68732496652132,491.3348770396014
1768628468.6849198,8,462.125,879,72,3697,synthetic-7B,32,4096,32,32000,3610.781243853345,4332.937492624014,2166.468746312007,False,True,float16,138.37046047066877,249.78498895207963
1768628468.684992,1,256.0,256,256,256,synthetic-7B,32,4096,32,32000,261.2419454722101,313.4903345666521,156.74516728332605,False,True,float16,401.4158243977142,334.6677441476573
1768628468.6850502,32,543.15625,998,55,17381,synthetic-7B,32,4096,32,32000,15801.9919233528,18962.390308023358,9481.195154011679,False,True,float16,108.87467360586767,186.8798965675886
1768628468.6851065,8,575.375,951,128,4603,synthetic-7B,32,4096,32,32000,4994.122232190111,5992.946678628134,2996.473339314067,False,True,float16,225.55491859231722,10.714246035516084
1768628468.6851625,1,284.0,284,284,284,synthetic-7B,32,4096,32,32000,297.13871869614934,356.5664624353792,178.2832312176896,False,True,float16,114.13699845911242,227.7464120727513
1768628468.6852188,16,611.375,991,90,9782,synthetic-7B,32,4096,32,32000,9980.453885371291,11976.544662445549,5988.2723312227745,False,True,float16,148.60360468012556,178.20606814060517
1768628468.6852746,4,555.75,883,138,2223,synthetic-7B,32,4096,32,32000,1962.1025114464428,2354.523013735731,1177.2615068678656,False,False,float16,113.19544559979579,204.3175780044441
1768628468.6853304,4,377.25,496,262,1509,synthetic-7B,32,4096,32,32000,1641.984919240016,1970.3819030880193,985.1909515440096,False,False,float16,404.03762066328613,32.84860968525968
1768628468.6853888,8,439.5,967,108,3516,synthetic-7B,32,4096,32,32000,2858.976161908383,3430.7713942900596,1715.3856971450298,True,True,float16,244.0805081675243,313.48077526872885
1768628468.6854446,2,402.0,643,161,804,synthetic-7B,32,4096,32,32000,921.2874535379041,1105.5449442454849,552.7724721227424,False,False,float16,297.78427658355236,50.871167691751815
1768628468.6855018,1,509.0,509,509,509,synthetic-7B,32,4096,32,32000,487.33752152890787,584.8050258346894,292.4025129173447,False,True,float16,341.74846536006044,463.44061228058894
1768628468.6855586,32,578.25,999,88,18504,synthetic-7B,32,4096,32,32000,21624.5878365129,25949.505403815478,12974.752701907739,False,False,float16,181.49884344849076,67.87962798558868
1768628468.685614,4,711.5,920,218,2846,synthetic-7B,32,4096,32,32000,2560.353386428203,3072.4240637138437,1536.2120318569218,False,True,float16,150.60408653920422,169.05368563863541
1768628468.685671,1,73.0,73,73,73,synthetic-7B,32,4096,32,32000,53.16688320635973,63.80025984763167,31.900129923815836,True,False,float16,214.19061685602674,217.1489429077313
1768628468.6857271,1,599.0,599,599,599,synthetic-7B,32,4096,32,32000,598.5932017611314,718.3118421133576,359.1559210566788,False,True,float16,354.8571667472222,156.41819554650246
1768628468.685784,4,567.0,769,154,2268,synthetic-7B,32,4096,32,32000,2364.452886156674,2837.343463388009,1418.6717316940044,False,True,float16,432.60034172286214,127.89215420202413
1768628468.6858404,1,927.0,927,927,927,synthetic-7B,32,4096,32,32000,853.0467554335175,1023.656106520221,511.8280532601105,True,True,float16,301.6705630521926,102.26945395571624
1768628468.6859002,1,273.0,273,273,273,synthetic-7B,32,4096,32,32000,262.62080206260003,315.14496247512005,157.57248123756003,False,True,float16,275.7900628845423,449.3632329706981
1768628468.6859558,16,440.8125,976,126,7053,synthetic-7B,32,4096,32,32000,7716.310729643014,9259.572875571617,4629.786437785809,False,True,float16,293.1744798567977,74.73745161738289
1768628468.6860375,32,477.0625,980,72,15266,synthetic-7B,32,4096,32,32000,11229.454193067164,13475.345031680596,6737.672515840298,False,True,float16,305.8952426873784,247.66543563489748
1768628468.686095,8,537.25,796,215,4298,synthetic-7B,32,4096,32,32000,3101.993769986724,3722.3925239840687,1861.1962619920344,True,True,float16,151.9305609722408,139.09627377855423
1768628468.686155,8,367.5,849,73,2940,synthetic-7B,32,4096,32,32000,2915.56251075172,3498.675012902064,1749.337506451032,False,True,float16,303.3195568867811,350.77710453043574
1768628468.6862135,32,540.71875,999,71,17303,synthetic-7B,32,4096,32,32000,19477.06586733423,23372.479040801074,11686.239520400537,False,True,float16,136.20811990848787,171.41453079594126
1768628468.6862695,2,472.0,561,383,944,synthetic-7B,32,4096,32,32000,1030.5874745283768,1236.7049694340521,618.3524847170261,False,True,float16,147.99796832006274,204.9537076735802
1768628468.6863258,16,567.8125,967,108,9085,synthetic-7B,32,4096,32,32000,9861.15650513198,11833.387806158375,5916.693903079187,False,True,float16,240.91895128344473,392.71671531530575
1768628468.6863816,1,913.0,913,913,913,synthetic-7B,32,4096,32,32000,614.5748001941292,737.4897602329551,368.74488011647753,True,True,float16,460.27232180773865,388.9302713543636
1768628468.6864376,4,633.75,987,364,2535,synthetic-7B,32,4096,32,32000,2758.794846473034,3310.5538157676406,1655.2769078838203,False,True,float16,243.11155466138837,82.10382280425347
1768628468.6864944,32,595.5,998,167,19056,synthetic-7B,32,4096,32,32000,17634.2663395115,21161.119607413802,10580.559803706901,False,True,float16,392.82734183218577,259.03713621129145
1768628468.686551,32,614.28125,986,177,19657,synthetic-7B,32,4096,32,32000,11943.8121058397,14332.574527007639,7166.287263503819,True,True,float16,424.94468510205223,315.48540439663145
1768628468.686606,2,637.0,960,314,1274,synthetic-7B,32,4096,32,32000,1346.37327939341,1615.647935272092,807.823967636046,False,True,float16,493.0841370408615,125.7952812034268
1768628468.6866622,16,545.0,996,51,8720,synthetic-7B,32,4096,32,32000,9476.944992304085,11372.3339907649,5686.16699538245,False,True,float16,293.88632955891046,219.71065666347582
1768628468.6867182,2,499.0,521,477,998,synthetic-7B,32,4096,32,32000,713.7251398536046,856.4701678243255,428.23508391216274,True,False,float16,343.5484411967308,474.2922201408497
1768628468.686774,8,569.625,988,58,4557,synthetic-7B,32,4096,32,32000,5592.754295189905,6711.305154227885,3355.6525771139427,False,False,float16,412.99109678109096,148.619668427584
1768628468.686833,1,71.0,71,71,71,synthetic-7B,32,4096,32,32000,73.43870304901115,88.12644365881339,44.06322182940669,False,True,float16,105.60896897991752,94.56161195293129
1768628468.6868896,1,452.0,452,452,452,synthetic-7B,32,4096,32,32000,383.2183424318447,459.8620109182136,229.9310054591068,True,True,float16,473.037314192432,70.12388955364187
1768628468.686947,1,337.0,337,337,337,synthetic-7B,32,4096,32,32000,277.7817903270284,333.33814839243405,166.66907419621703,True,False,float16,174.86579565620104,45.02298328312543
1768628468.687004,4,388.75,554,249,1555,synthetic-7B,32,4096,32,32000,1451.8533641287104,1742.2240369544525,871.1120184772262,False,False,float16,423.5683848233859,470.299045530413
1768628468.6870596,8,463.125,963,97,3705,synthetic-7B,32,4096,32,32000,3481.944585624051,4178.333502748861,2089.1667513744305,False,True,float16,237.49305335488094,436.2414218053376
1768628468.6871157,2,840.5,913,768,1681,synthetic-7B,32,4096,32,32000,1985.6813444225797,2382.8176133070956,1191.4088066535478,False,True,float16,411.0098264686667,342.8792637101923
1768628468.6871717,4,724.5,888,467,2898,synthetic-7B,32,4096,32,32000,2874.425208303598,3449.310249964318,1724.655124982159,False,True,float16,441.88273059512625,90.3709520824543
1768628468.6872272,32,531.65625,973,51,17013,synthetic-7B,32,4096,32,32000,18835.26190305653,22602.314283667834,11301.157141833917,False,True,float16,229.84334627482258,78.40759468940952
1768628468.6872885,16,522.1875,894,177,8355,synthetic-7B,32,4096,32,32000,8668.474887496588,10402.169864995905,5201.084932497953,False,False,float16,426.85005439464,62.67590033383388
1768628468.6873455,8,544.75,902,179,4358,synthetic-7B,32,4096,32,32000,4157.117741638796,4988.541289966555,2494.2706449832776,False,True,float16,272.01463513475505,106.92233365008497
1768628468.687402,4,619.0,952,167,2476,synthetic-7B,32,4096,32,32000,2485.567496347461,2982.680995616953,1491.3404978084766,False,True,float16,473.6926467818617,352.91896179390324
1768628468.6874568,8,670.25,932,322,5362,synthetic-7B,32,4096,32,32000,5769.579580244807,6923.495496293769,3461.7477481468845,False,True,float16,173.46243585613666,122.63540873467636
1768628468.6875134,8,644.375,994,114,5155,synthetic-7B,32,4096,32,32000,4545.04157617264,5454.049891407168,2727.024945703584,True,False,float16,380.5360961142287,300.4532340330224
1768628468.6875732,1,410.0,410,410,410,synthetic-7B,32,4096,32,32000,383.02940407207217,459.6352848864866,229.8176424432433,True,True,float16,257.8589401702087,129.09561885895832
1768628468.6876292,32,519.15625,921,65,16613,synthetic-7B,32,4096,32,32000,13228.659336779292,15874.39120413515,7937.195602067575,True,True,float16,345.1393403598887,492.4820939676191
1768628468.6876862,1,976.0,976,976,976,synthetic-7B,32,4096,32,32000,719.3653808567071,863.2384570280485,431.61922851402426,True,True,float16,148.81011704193702,126.54260239840762
1768628468.6877422,8,532.0,957,232,4256,synthetic-7B,32,4096,32,32000,4441.336370237828,5329.603644285394,2664.801822142697,False,True,float16,114.250124764659,132.5981603791653
1768628468.6877978,1,865.0,865,865,865,synthetic-7B,32,4096,32,32000,933.3311155845923,1119.9973387015107,559.9986693507553,False,True,float16,122.56159781180389,159.51437243018995
1768628468.6878538,1,389.0,389,389,389,synthetic-7B,32,4096,32,32000,426.11139842033987,511.3336781044078,255.6668390522039,False,True,float16,178.83863359611632,473.36097541575543
1768628468.6879098,32,560.15625,977,118,17925,synthetic-7B,32,4096,32,32000,11740.308231313364,14088.369877576037,7044.184938788018,True,True,float16,241.74329389661415,74.33759792092047
1768628468.6879654,4,371.5,677,86,1486,synthetic-7B,32,4096,32,32000,1564.3706650105769,1877.2447980126922,938.6223990063461,False,True,float16,170.10460495944784,61.488014003392216
1768628468.6880212,8,681.125,999,186,5449,synthetic-7B,32,4096,32,32000,4022.6453047989867,4827.174365758784,2413.587182879392,True,True,float16,139.10670955989417,261.8498510757619
1768628468.6880786,2,501.0,672,330,1002,synthetic-7B,32,4096,32,32000,939.5934752573496,1127.5121703088196,563.7560851544098,False,True,float16,421.40824099302455,100.59823528566517
1768628468.6881342,16,602.5625,953,329,9641,synthetic-7B,32,4096,32,32000,9448.254137322212,11337.904964786654,5668.952482393327,False,True,float16,296.8613956986413,305.700883071404
1768628468.6881917,4,561.25,746,388,2245,synthetic-7B,32,4096,32,32000,2633.649833248158,3160.3797998977893,1580.1898999488947,False,True,float16,463.36591655739693,402.95487649913673
1768628468.688252,32,490.6875,952,129,15702,synthetic-7B,32,4096,32,32000,16512.81460837447,19815.37753004936,9907.68876502468,False,True,float16,262.5146866457229,207.36633846575094
1768628468.6883097,16,515.0625,983,113,8241,synthetic-7B,32,4096,32,32000,5849.978962634826,7019.97475516179,3509.987377580895,True,True,float16,467.91879506143357,414.59700676083713
1768628468.6883655,8,631.125,974,135,5049,synthetic-7B,32,4096,32,32000,4641.9652736076,5570.358328329119,2785.1791641645596,True,True,float16,267.5037702926219,126.99727734768537
1768628468.6884222,32,548.15625,944,89,17541,synthetic-7B,32,4096,32,32000,11721.119023444857,14065.342828133827,7032.671414066914,True,True,float16,231.4551676306776,307.46417229388663
1768628468.688478,4,492.0,984,145,1968,synthetic-7B,32,4096,32,32000,2058.8334600410863,2470.6001520493032,1235.3000760246516,False,True,float16,293.59086667728843,391.83775932761915
1768628468.688534,2,463.5,783,144,927,synthetic-7B,32,4096,32,32000,766.3263683672554,919.5916420407065,459.79582102035323,False,False,float16,353.1051279741368,63.80644052079899
1768628468.6885939,2,556.5,640,473,1113,synthetic-7B,32,4096,32,32000,1040.9268168805695,1249.1121802566834,624.5560901283417,False,True,float16,468.61801646810125,13.365459932661635
1768628468.6886501,16,584.5625,947,66,9353,synthetic-7B,32,4096,32,32000,8664.273637918668,10397.128365502402,5198.564182751201,False,True,float16,365.76232310713436,407.44505421661205
1768628468.6887062,2,589.0,774,404,1178,synthetic-7B,32,4096,32,32000,1152.3786750046368,1382.854410005564,691.427205002782,False,True,float16,288.5583338341636,109.08027138958167
1768628468.68876,2,267.0,366,168,534,synthetic-7B,32,4096,32,32000,520.9774234075768,625.1729080890922,312.5864540445461,False,True,float16,291.8320501092985,358.29575827897764
1768628468.6888158,8,506.625,912,246,4053,synthetic-7B,32,4096,32,32000,2848.0343121894366,3417.641174627324,1708.820587313662,True,True,float16,302.5067862011356,447.6457604042562
1768628468.688872,8,477.125,961,160,3817,synthetic-7B,32,4096,32,32000,4054.5560070150696,4865.467208418083,2432.7336042090415,False,True,float16,499.7082075053841,323.6284601452118
1768628468.688931,16,481.4375,957,66,7703,synthetic-7B,32,4096,32,32000,5454.205522373047,6545.046626847656,3272.523313423828,True,True,float16,395.8133393582507,244.69463963514542
1768628468.6890087,2,701.0,857,545,1402,synthetic-7B,32,4096,32,32000,1377.3669124398293,1652.8402949277952,826.4201474638976,False,True,float16,180.04040331977075,36.08023892847469
1768628468.689066,16,655.5,958,94,10488,synthetic-7B,32,4096,32,32000,10284.686902767568,12341.62428332108,6170.81214166054,False,True,float16,159.58335740000115,227.3335560326183
1768628468.6891232,16,610.0625,996,88,9761,synthetic-7B,32,4096,32,32000,11273.887138009744,13528.664565611693,6764.332282805846,False,True,float16,317.0161015263599,221.90451686805383
1768628468.689179,1,896.0,896,896,896,synthetic-7B,32,4096,32,32000,758.4887991013394,910.1865589216072,455.0932794608036,False,True,float16,254.91619347195197,344.13017173867985
1768628468.6892347,2,358.0,569,147,716,synthetic-7B,32,4096,32,32000,525.6131817713878,630.7358181256653,315.36790906283267,True,True,float16,282.72209432763464,159.7275916176666
1768628468.68929,8,434.5,960,91,3476,synthetic-7B,32,4096,32,32000,3386.6042590173006,4063.9251108207604,2031.9625554103802,False,True,float16,170.73337777236924,398.76383068334155
1768628468.689345,4,364.0,786,103,1456,synthetic-7B,32,4096,32,32000,1880.7630324468316,2256.915638936198,1128.457819468099,False,True,float16,337.36268791905735,431.78926223084915
1768628468.6894004,8,358.375,687,108,2867,synthetic-7B,32,4096,32,32000,2055.7416396823664,2466.88996761884,1233.44498380942,True,True,float16,471.1937281674553,379.0282028473771
1768628468.6894562,8,335.875,692,100,2687,synthetic-7B,32,4096,32,32000,2827.3084304380295,3392.7701165256353,1696.3850582628177,False,True,float16,201.8017772218344,378.08063351832664
1768628468.6895127,8,574.875,849,170,4599,synthetic-7B,32,4096,32,32000,5011.276520866172,6013.531825039407,3006.7659125197033,False,True,float16,336.37733142576764,475.49434823653144
1768628468.689568,8,363.25,648,59,2906,synthetic-7B,32,4096,32,32000,2182.683447313807,2619.2201367765683,1309.6100683882842,True,True,float16,136.87089904457775,482.9253364568053
1768628468.6896238,2,834.0,940,728,1668,synthetic-7B,32,4096,32,32000,1329.5292434186576,1595.435092102389,797.7175460511945,True,True,float16,195.6754484783449,338.7128493367104
1768628468.6896837,4,663.75,871,576,2655,synthetic-7B,32,4096,32,32000,2297.867299288207,2757.4407591458485,1378.7203795729242,True,True,float16,420.70721711811655,375.7797213356805
1768628468.6897411,16,535.625,991,134,8570,synthetic-7B,32,4096,32,32000,10065.337437536553,12078.404925043864,6039.202462521932,False,True,float16,454.2950525097611,29.62912905171885
1768628468.6897976,32,523.90625,992,80,16765,synthetic-7B,32,4096,32,32000,12572.438463501363,15086.926156201635,7543.463078100817,True,True,float16,442.0251513450638,361.78309740155294
1768628468.6898541,32,582.75,988,58,18648,synthetic-7B,32,4096,32,32000,14910.1144187526,17892.13730250312,8946.06865125156,True,True,float16,466.80675933126435,366.3610388273603
1768628468.689915,4,358.5,479,178,1434,synthetic-7B,32,4096,32,32000,1476.3446985334963,1771.6136382401955,885.8068191200978,False,True,float16,262.7208994253517,171.98919305524032
1768628468.6899717,16,544.5625,985,74,8713,synthetic-7B,32,4096,32,32000,7991.100873980781,9589.321048776937,4794.660524388469,False,True,float16,309.52923346022055,305.8922665643834
1768628468.6900413,16,620.9375,946,207,9935,synthetic-7B,32,4096,32,32000,9705.466924742082,11646.560309690498,5823.280154845249,False,True,float16,290.81974905505245,288.7365023630703
1768628468.6900988,2,477.0,540,414,954,synthetic-7B,32,4096,32,32000,814.3036205453144,977.1643446543773,488.58217232718863,True,True,float16,391.4308823903384,67.42232439245834
1768628468.690155,32,492.59375,974,56,15763,synthetic-7B,32,4096,32,32000,13740.694813421618,16488.83377610594,8244.41688805297,False,True,float16,344.59763484442067,328.5416999477326
1768628468.6902108,8,457.75,931,106,3662,synthetic-7B,32,4096,32,32000,2817.782357790783,3381.3388293489393,1690.6694146744696,True,True,float16,358.21245058048675,137.206927308892
1768628468.6902668,32,531.03125,976,88,16993,synthetic-7B,32,4096,32,32000,17888.310475385722,21465.972570462865,10732.986285231433,False,True,float16,258.1217721521408,397.26855571930156
1768628468.6903234,16,528.125,920,193,8450,synthetic-7B,32,4096,32,32000,5207.1127259298355,6248.535271115802,3124.267635557901,True,True,float16,372.60201608721155,183.6078587240313
1768628468.690386,32,535.21875,955,72,17127,synthetic-7B,32,4096,32,32000,15861.768767381496,19034.122520857796,9517.061260428898,False,True,float16,186.59307302910707,123.621535102311
1768628468.6904433,16,556.9375,948,90,8911,synthetic-7B,32,4096,32,32000,8095.39892758075,9714.4787130969,4857.23935654845,False,True,float16,417.96211837964296,437.4333777246555
1768628468.6904995,32,542.96875,951,68,17375,synthetic-7B,32,4096,32,32000,13905.328850232214,16686.394620278657,8343.197310139329,True,False,float16,140.90845706440032,475.49622007969174
1768628468.6905558,1,97.0,97,97,97,synthetic-7B,32,4096,32,32000,96.23234692330128,115.47881630796152,57.73940815398076,False,False,float16,233.19589750545114,39.73921213913955
1768628468.6906128,32,514.65625,983,52,16469,synthetic-7B,32,4096,32,32000,13191.514375252766,15829.817250303318,7914.908625151659,False,True,float16,100.16480088212228,13.328732774231431
1768628468.6906698,4,502.25,902,58,2009,synthetic-7B,32,4096,32,32000,2432.17294007781,2918.607528093372,1459.303764046686,False,True,float16,264.3016392975657,381.7604159735274
1768628468.6907265,4,814.75,984,661,3259,synthetic-7B,32,4096,32,32000,3473.4677948084036,4168.161353770084,2084.080676885042,False,False,float16,434.9970769853352,149.39263839570748
1768628468.6907833,8,598.0,933,321,4784,synthetic-7B,32,4096,32,32000,3707.741718075158,4449.29006169019,2224.645030845095,True,False,float16,497.40127014095947,88.16275577876223
1768628468.6908388,2,674.0,941,407,1348,synthetic-7B,32,4096,32,32000,1445.7668764812183,1734.920251777462,867.460125888731,False,True,float16,134.62907833170644,309.9951027770652
1768628468.6908946,16,567.375,988,64,9078,synthetic-7B,32,4096,32,32000,6258.304728172593,7509.965673807112,3754.982836903556,True,False,float16,139.639963285484,452.17117772857864
1768628468.6909544,8,637.125,987,99,5097,synthetic-7B,32,4096,32,32000,5658.467245439654,6790.160694527584,3395.080347263792,False,True,float16,275.0710462270429,459.89408124775616
1768628468.6910098,1,421.0,421,421,421,synthetic-7B,32,4096,32,32000,379.27628555413594,455.1315426649631,227.56577133248155,False,True,float16,328.19119658915804,282.7608220736187
1768628468.6910667,4,689.0,922,468,2756,synthetic-7B,32,4096,32,32000,2586.2655526979556,3103.5186632375467,1551.7593316187733,False,False,float16,417.82385095082856,14.586608866010273
1768628468.6911266,16,563.0,910,111,9008,synthetic-7B,32,4096,32,32000,8159.708494351498,9791.650193221798,4895.825096610899,True,False,float16,299.54474951996536,81.050478966361
1768628468.6911883,4,588.0,891,151,2352,synthetic-7B,32,4096,32,32000,2287.352771190386,2744.8233254284632,1372.4116627142316,False,False,float16,451.7817854903153,378.4311392699754
1768628468.6912432,32,565.46875,970,80,18095,synthetic-7B,32,4096,32,32000,19099.487217477203,22919.384660972642,11459.692330486321,False,True,float16,266.4062797923608,98.24084289289408
1768628468.691299,8,643.0,995,98,5144,synthetic-7B,32,4096,32,32000,4622.269420651118,5546.7233047813415,2773.3616523906708,False,True,float16,142.54802275659043,278.48585943119235
1768628468.6913552,1,626.0,626,626,626,synthetic-7B,32,4096,32,32000,661.7743123840113,794.1291748608136,397.0645874304068,False,True,float16,271.5626014161397,247.0919565241985
1768628468.69141,1,830.0,830,830,830,synthetic-7B,32,4096,32,32000,788.7128665686872,946.4554398824246,473.2277199412123,False,True,float16,496.0090761782014,178.27909386670242
1768628468.6914668,4,633.5,931,399,2534,synthetic-7B,32,4096,32,32000,2276.1365253654967,2731.363830438596,1365.681915219298,False,True,float16,492.85075513583695,427.6802926381933
1768628468.691523,32,540.46875,999,80,17295,synthetic-7B,32,4096,32,32000,17614.014715421934,21136.81765850632,10568.40882925316,False,True,float16,214.379014595623,270.99763665834473
1768628468.6915786,32,558.78125,937,90,17881,synthetic-7B,32,4096,32,32000,18182.771942863983,21819.32633143678,10909.66316571839,False,True,float16,361.9320865059627,365.49181645233693
1768628468.6916351,8,560.75,712,364,4486,synthetic-7B,32,4096,32,32000,4071.4224531289224,4885.706943754707,2442.8534718773535,False,True,float16,241.66722385608938,361.31999446023514
1768628468.6916907,1,694.0,694,694,694,synthetic-7B,32,4096,32,32000,444.4428990823791,533.3314788988549,266.66573944942746,True,True,float16,332.66558009972954,159.36094070998274
1768628468.6917462,2,605.0,782,428,1210,synthetic-7B,32,4096,32,32000,1222.7975273581974,1467.3570328298367,733.6785164149184,False,True,float16,146.34974837134126,459.8574508469737
1768628468.6918068,8,733.625,992,546,5869,synthetic-7B,32,4096,32,32000,6595.811226849579,7914.973472219494,3957.486736109747,False,True,float16,174.28065830027845,196.7114818618089
1768628468.6918654,32,552.8125,963,68,17690,synthetic-7B,32,4096,32,32000,22036.527151821374,26443.83258218565,13221.916291092824,False,True,float16,315.53766517981796,46.7726029518252
1768628468.6919222,2,292.0,485,99,584,synthetic-7B,32,4096,32,32000,423.9053768983964,508.68645227807565,254.34322613903782,True,False,float16,209.80455493265583,390.7536140764878
1768628468.691978,4,415.5,595,339,1662,synthetic-7B,32,4096,32,32000,1926.7659009026631,2312.119081083196,1156.059540541598,False,False,float16,473.20341329135147,408.92330985965117
1768628468.692034,8,506.625,946,101,4053,synthetic-7B,32,4096,32,32000,2719.466693122398,3263.360031746877,1631.6800158734386,True,True,float16,380.95330913954933,209.0349661110773
1768628468.69209,16,527.125,885,101,8434,synthetic-7B,32,4096,32,32000,8538.732269716309,10246.478723659571,5123.239361829786,False,True,float16,270.2975742825806,211.8832868235758
1768628468.692146,8,484.625,732,132,3877,synthetic-7B,32,4096,32,32000,2901.08235736438,3481.298828837256,1740.649414418628,True,True,float16,259.83199167824586,146.7899344372381
1768628468.692203,16,365.3125,967,77,5845,synthetic-7B,32,4096,32,32000,6106.638871865582,7327.966646238698,3663.983323119349,False,True,float16,387.9782737206285,440.20985888267984
1768628468.6922596,8,468.375,693,342,3747,synthetic-7B,32,4096,32,32000,3949.514784756744,4739.417741708093,2369.7088708540464,False,True,float16,476.92010649209806,258.7361728538256
1768628468.6923158,8,715.875,928,386,5727,synthetic-7B,32,4096,32,32000,4820.923595872634,5785.10831504716,2892.55415752358,True,True,float16,206.56800741358654,321.30312306047654
1768628468.6923726,8,642.125,979,172,5137,synthetic-7B,32,4096,32,32000,5103.412791002193,6124.095349202632,3062.047674601316,False,True,float16,190.0194546814566,418.1627233746653
1768628468.6924286,2,270.0,336,204,540,synthetic-7B,32,4096,32,32000,595.3431681746858,714.411801809623,357.2059009048115,False,True,float16,145.49286017902602,170.27145967764946
1768628468.6924882,16,541.4375,972,63,8663,synthetic-7B,32,4096,32,32000,9336.905911398868,11204.28709367864,5602.14354683932,False,True,float16,243.63307913954216,110.1186944184181
1768628468.6925461,16,485.9375,966,69,7775,synthetic-7B,32,4096,32,32000,7188.249710370456,8625.899652444547,4312.949826222273,False,True,float16,243.90066216271333,240.80352094236133
1768628468.6926029,8,538.625,832,208,4309,synthetic-7B,32,4096,32,32000,4779.558529568144,5735.470235481773,2867.7351177408864,False,True,float16,101.92002793387714,313.62918205637885
1768628468.6926591,4,365.5,975,129,1462,synthetic-7B,32,4096,32,32000,1540.959856004436,1849.1518272053231,924.5759136026616,False,True,float16,276.92409583835615,91.75280453517257
1768628468.6927164,2,490.5,870,111,981,synthetic-7B,32,4096,32,32000,834.4073032817973,1001.2887639381568,500.6443819690784,False,True,float16,254.03275901637375,395.4855761342827
1768628468.6927717,8,453.625,745,227,3629,synthetic-7B,32,4096,32,32000,4101.501657706659,4921.801989247991,2460.9009946239953,False,True,float16,252.50934324874373,446.31985401931354
1768628468.692828,8,526.0,947,93,4208,synthetic-7B,32,4096,32,32000,4554.679813803832,5465.6157765645985,2732.8078882822992,False,True,float16,127.18269576782197,274.4308634618668
1768628468.6928842,2,661.0,968,354,1322,synthetic-7B,32,4096,32,32000,1230.0967365124823,1476.1160838149788,738.0580419074894,False,True,float16,134.4396497136637,419.15322610643256
1768628468.6929407,8,524.0,849,214,4192,synthetic-7B,32,4096,32,32000,3887.0382858429543,4664.445943011545,2332.2229715057724,False,True,float16,137.27821086869145,260.03332191028215
1768628468.6930149,4,525.0,960,225,2100,synthetic-7B,32,4096,32,32000,2160.4435129349577,2592.532215521949,1296.2661077609746,False,True,float16,330.3568756878807,361.3892179521398
1768628468.693071,8,519.875,882,158,4159,synthetic-7B,32,4096,32,32000,4799.437797458518,5759.325356950221,2879.6626784751106,False,True,float16,189.88552159572396,298.31082053334524
1768628468.693127,4,632.75,987,392,2531,synthetic-7B,32,4096,32,32000,2232.5586360267557,2679.070363232107,1339.5351816160535,False,True,float16,282.123312042546,193.90820931222316
1768628468.6931837,4,513.25,906,92,2053,synthetic-7B,32,4096,32,32000,2142.383769657356,2570.860523588827,1285.4302617944136,False,False,float16,142.61906094538796,19.119289241101498
1768628468.6932445,4,755.0,974,537,3020,synthetic-7B,32,4096,32,32000,3087.6948092566736,3705.233771108008,1852.616885554004,False,True,float16,433.98420620073284,346.6581035276824
1768628468.6933017,16,581.3125,979,84,9301,synthetic-7B,32,4096,32,32000,10649.195259682188,12779.034311618625,6389.5171558093125,False,True,float16,227.4818854225751,33.57141159052839
1768628468.6933582,8,513.875,966,255,4111,synthetic-7B,32,4096,32,32000,5058.93759838571,6070.725118062852,3035.362559031426,False,True,float16,398.60503172782404,368.2201170164359
1768628468.6934144,32,542.4375,949,124,17358,synthetic-7B,32,4096,32,32000,16228.193523263802,19473.832227916562,9736.916113958281,False,True,float16,355.7642848863394,168.1541770281659
1768628468.6934702,8,626.0,992,129,5008,synthetic-7B,32,4096,32,32000,4206.449468791753,5047.739362550104,2523.869681275052,False,False,float16,227.97002065330213,443.81260113184675
1768628468.6935256,16,498.0,996,62,7968,synthetic-7B,32,4096,32,32000,6712.429523849545,8054.915428619453,4027.4577143097267,True,True,float16,189.1378178823874,213.4464452645229
1768628468.6935816,1,675.0,675,675,675,synthetic-7B,32,4096,32,32000,541.3172558170363,649.5807069804436,324.7903534902218,True,True,float16,315.42381744196723,392.8561562970583
1768628468.6936393,16,512.875,966,127,8206,synthetic-7B,32,4096,32,32000,4471.215582299031,5365.458698758836,2682.729349379418,True,False,float16,172.48728044460782,494.3021370114635
1768628468.6936958,1,428.0,428,428,428,synthetic-7B,32,4096,32,32000,465.342969706323,558.4115636475876,279.2057818237938,False,True,float16,398.06951823464493,240.1994191558625
1768628468.693752,1,494.0,494,494,494,synthetic-7B,32,4096,32,32000,455.8033188410232,546.9639826092279,273.4819913046139,False,True,float16,449.554803781192,134.38250932015464
1768628468.6938078,8,483.375,876,127,3867,synthetic-7B,32,4096,32,32000,3855.6958130864136,4626.834975703696,2313.417487851848,False,False,float16,484.8959730716669,233.34050361195077
1768628468.6938672,4,836.25,992,675,3345,synthetic-7B,32,4096,32,32000,3869.9361108968674,4643.923333076241,2321.9616665381204,False,True,float16,249.7112395839256,17.606196948141452
1768628468.6939263,1,785.0,785,785,785,synthetic-7B,32,4096,32,32000,793.9639433965939,952.7567320759126,476.3783660379563,False,True,float16,256.7819341822011,386.6103928936156
1768628468.6939983,32,569.1875,924,73,18214,synthetic-7B,32,4096,32,32000,15444.621471721377,18533.54576606565,9266.772883032825,False,True,float16,176.74725102188012,473.1963629966694
1768628468.694057,4,612.0,967,269,2448,synthetic-7B,32,4096,32,32000,1937.772815697694,2325.327378837233,1162.6636894186165,False,True,float16,450.7965358777249,46.33231048161484
1768628468.6941123,32,559.0625,988,77,17890,synthetic-7B,32,4096,32,32000,20612.08236707403,24734.49884048883,12367.249420244416,False,True,float16,201.42242205691298,273.76847699108043
1768628468.6941683,1,471.0,471,471,471,synthetic-7B,32,4096,32,32000,547.0855155007719,656.5026186009262,328.2513093004631,False,True,float16,494.00190270483165,102.96256342650263
1768628468.694226,32,513.84375,920,71,16443,synthetic-7B,32,4096,32,32000,16467.417183125614,19760.900619750737,9880.450309875368,False,False,float16,240.32457636789988,181.91989578924492
1768628468.6942823,8,546.0,978,88,4368,synthetic-7B,32,4096,32,32000,4949.027084872753,5938.832501847303,2969.4162509236517,False,True,float16,305.2128973734812,406.85749959495087
1768628468.6943378,2,405.5,742,69,811,synthetic-7B,32,4096,32,32000,739.4119919772276,887.2943903726731,443.64719518633655,False,True,float16,161.20496496673007,347.94324521698707
1768628468.6943944,1,650.0,650,650,650,synthetic-7B,32,4096,32,32000,801.0412679643786,961.2495215572542,480.6247607786271,False,True,float16,271.24005053685295,266.9648975272031
1768628468.6944497,32,453.28125,953,70,14505,synthetic-7B,32,4096,32,32000,16777.2547051268,20132.70564615216,10066.35282307608,False,True,float16,162.16632960240318,226.11597655914963
1768628468.6945052,32,485.6875,915,92,15542,synthetic-7B,32,4096,32,32000,18009.599578362147,21611.519494034575,10805.759747017288,False,True,float16,217.24795140057324,391.8654765712146
1768628468.6945612,16,405.0,940,62,6480,synthetic-7B,32,4096,32,32000,5247.335277715193,6296.802333258232,3148.401166629116,True,True,float16,446.279990461652,85.0616758905963
1768628468.694627,4,278.75,527,91,1115,synthetic-7B,32,4096,32,32000,971.9641391509383,1166.3569669811259,583.1784834905629,False,True,float16,160.97389044683896,278.20085112563424
1768628468.694686,2,507.5,612,403,1015,synthetic-7B,32,4096,32,32000,1145.3241367297219,1374.3889640756663,687.1944820378332,False,True,float16,157.67946718393108,405.85651203496775
1768628468.6947432,32,510.5,995,58,16336,synthetic-7B,32,4096,32,32000,15025.939867435,18031.127840922,9015.563920461,False,True,float16,464.86196646365624,220.88821189262265
1768628468.6948,8,523.375,902,68,4187,synthetic-7B,32,4096,32,32000,4205.446064816862,5046.5352777802345,2523.2676388901173,False,True,float16,439.0829417172853,239.41910140465103
1768628468.6948555,2,171.5,271,72,343,synthetic-7B,32,4096,32,32000,185.56749880475223,222.68099856570268,111.34049928285134,True,False,float16,203.86032300063908,475.9453738363513
1768628468.6949117,32,476.09375,987,66,15235,synthetic-7B,32,4096,32,32000,16816.866619405784,20180.23994328694,10090.11997164347,False,True,float16,123.92842622356017,491.57179696825034
1768628468.6949677,8,507.75,834,159,4062,synthetic-7B,32,4096,32,32000,3760.4472603407403,4512.536712408888,2256.268356204444,False,True,float16,351.5385031022624,487.4230188518827
1768628468.6950223,16,460.8125,990,68,7373,synthetic-7B,32,4096,32,32000,7596.463628235332,9115.756353882398,4557.878176941199,False,True,float16,460.4957067554416,113.63252585709306
1768628468.6950788,2,620.5,941,300,1241,synthetic-7B,32,4096,32,32000,1190.8566803997144,1429.0280164796573,714.5140082398286,False,True,float16,250.49409415681683,151.41325588004733
1768628468.6951358,2,269.0,483,55,538,synthetic-7B,32,4096,32,32000,542.4852781312384,650.982333757486,325.491166878743,False,True,float16,398.6395489114781,437.1154234420461
1768628468.6951952,4,548.75,899,138,2195,synthetic-7B,32,4096,32,32000,2236.7712994736276,2684.125559368353,1342.0627796841766,False,True,float16,271.81445477872234,218.93960583352765
1768628468.695253,1,537.0,537,537,537,synthetic-7B,32,4096,32,32000,589.4368221463648,707.3241865756377,353.66209328781883,False,True,float16,157.91692448640327,343.74420200423356
1768628468.6953135,8,598.125,922,165,4785,synthetic-7B,32,4096,32,32000,3440.551715039715,4128.662058047657,2064.3310290238287,True,True,float16,477.11772664777993,389.3815627439925
1768628468.695374,16,557.8125,963,108,8925,synthetic-7B,32,4096,32,32000,5950.4964243383865,7140.5957092060635,3570.2978546030317,True,True,float16,451.866276723849,435.0894733925244
1768628468.6954317,8,579.75,918,89,4638,synthetic-7B,32,4096,32,32000,4671.105044402806,5605.326053283367,2802.6630266416837,False,True,float16,324.30637833818844,121.1742860741612
1768628468.695489,16,500.0,971,56,8000,synthetic-7B,32,4096,32,32000,8872.550688400795,10647.060826080955,5323.5304130404775,False,True,float16,444.8152878606892,18.911213958748345
1768628468.6955445,8,663.125,988,330,5305,synthetic-7B,32,4096,32,32000,5986.941057279469,7184.329268735362,3592.164634367681,False,True,float16,150.14067854860858,454.1945625150487
1768628468.6956,2,830.5,970,691,1661,synthetic-7B,32,4096,32,32000,1217.211676860999,1460.6540122331987,730.3270061165994,False,True,float16,170.49394284728282,63.290003741646316
1768628468.6956565,1,993.0,993,993,993,synthetic-7B,32,4096,32,32000,717.2989376877988,860.7587252253585,430.37936261267924,True,True,float16,477.13825067407134,497.7108089200344
1768628468.695722,1,973.0,973,973,973,synthetic-7B,32,4096,32,32000,719.8013712367742,863.7616454841291,431.88082274206454,True,True,float16,192.0345992708906,468.6129911671286
1768628468.6957793,32,547.875,971,130,17532,synthetic-7B,32,4096,32,32000,17530.352686234597,21036.423223481517,10518.211611740759,False,False,float16,440.6691372366083,151.80116225389904
1768628468.6958356,32,505.1875,968,62,16166,synthetic-7B,32,4096,32,32000,19663.38992622681,23596.06791147217,11798.033955736086,False,True,float16,196.22730358430772,95.08973776044132
1768628468.6958916,8,448.125,944,118,3585,synthetic-7B,32,4096,32,32000,3802.5448530748126,4563.053823689775,2281.5269118448873,False,True,float16,289.2839908392383,262.6470075730524
1768628468.6959472,32,518.375,968,73,16588,synthetic-7B,32,4096,32,32000,14649.353174368887,17579.223809242663,8789.611904621332,False,False,float16,358.2598822626618,127.75837001264229
1768628468.6960037,2,549.5,555,544,1099,synthetic-7B,32,4096,32,32000,936.7524099808908,1124.1028919770688,562.0514459885344,False,False,float16,137.42985897020293,278.6012859790947
1768628468.6960635,1,328.0,328,328,328,synthetic-7B,32,4096,32,32000,345.63212877860855,414.75855453433024,207.37927726716512,False,True,float16,214.83701628373453,343.94068809103567
1768628468.6961205,1,89.0,89,89,89,synthetic-7B,32,4096,32,32000,87.68392351685748,105.22070822022897,52.610354110114486,False,True,float16,471.58633427889066,130.10916137166782
1768628468.6961765,2,515.5,528,503,1031,synthetic-7B,32,4096,32,32000,1016.7292404889009,1220.075088586681,610.0375442933405,False,True,float16,402.95089453789797,216.6802425087987
1768628468.696233,2,441.0,695,187,882,synthetic-7B,32,4096,32,32000,918.73172044631,1102.478064535572,551.239032267786,False,True,float16,151.70998856029627,484.1707349478133
1768628468.6962886,1,973.0,973,973,973,synthetic-7B,32,4096,32,32000,908.0168730110868,1089.6202476133042,544.8101238066521,False,False,float16,152.97171544048766,353.8308821183556
1768628468.6963458,32,458.71875,907,60,14679,synthetic-7B,32,4096,32,32000,12489.576814814856,14987.492177777827,7493.746088888914,False,True,float16,164.0456573043959,470.87859165696125
1768628468.6964018,2,588.5,940,237,1177,synthetic-7B,32,4096,32,32000,960.572613381991,1152.6871360583891,576.3435680291946,False,True,float16,252.44529946320316,195.00676102264774
1768628468.6964622,4,544.5,840,216,2178,synthetic-7B,32,4096,32,32000,1766.056835234064,2119.2682022808767,1059.6341011404384,True,True,float16,101.95885454754662,41.37715689317271
1768628468.696519,32,481.25,964,112,15400,synthetic-7B,32,4096,32,32000,11336.347783153913,13603.617339784696,6801.808669892348,True,True,float16,134.821474475061,360.4676207980816
1768628468.6965764,32,517.125,993,51,16548,synthetic-7B,32,4096,32,32000,17395.262807997555,20874.315369597065,10437.157684798533,False,True,float16,221.34250579722766,72.99456532621628
1768628468.6966326,8,541.625,919,97,4333,synthetic-7B,32,4096,32,32000,3811.1606646270643,4573.392797552477,2286.6963987762383,True,True,float16,128.72786555519224,142.22633118277648
1768628468.6966884,2,605.5,793,418,1211,synthetic-7B,32,4096,32,32000,1431.5171906665935,1717.8206287999121,858.9103143999561,False,True,float16,105.7581713110205,320.1558360540729
1768628468.6967437,8,326.375,691,60,2611,synthetic-7B,32,4096,32,32000,2741.260693562705,3289.5128322752457,1644.7564161376229,False,True,float16,122.95534607565003,332.042942085944
1768628468.6968033,16,597.5625,962,114,9561,synthetic-7B,32,4096,32,32000,10145.561129355396,12174.673355226474,6087.336677613237,False,True,float16,149.91369657567,127.9341099156319
1768628468.696861,4,480.75,833,166,1923,synthetic-7B,32,4096,32,32000,1284.9764787297004,1541.9717744756404,770.9858872378202,True,False,float16,217.41294377884222,235.09251291332814
1768628468.6969168,8,414.75,844,57,3318,synthetic-7B,32,4096,32,32000,2606.8364080912247,3128.2036897094695,1564.1018448547347,True,True,float16,475.4408709734489,120.94770726223653
1768628468.6969888,2,710.0,991,429,1420,synthetic-7B,32,4096,32,32000,1281.112943365058,1537.3355320380697,768.6677660190348,False,True,float16,168.23002059790826,406.4565629980861
1768628468.697047,8,490.625,908,72,3925,synthetic-7B,32,4096,32,32000,4802.092392621904,5762.510871146284,2881.255435573142,False,False,float16,174.26237061289757,222.94695999788823
1768628468.6971023,8,326.0,866,151,2608,synthetic-7B,32,4096,32,32000,2758.7161830439845,3310.4594196527814,1655.2297098263907,False,False,float16,127.37969719330833,249.84917359820506
1768628468.6971579,4,505.5,861,331,2022,synthetic-7B,32,4096,32,32000,2291.174571325009,2749.4094855900107,1374.7047427950054,False,True,float16,299.1530865152393,360.2575978821378
1768628468.6972163,32,463.59375,939,71,14835,synthetic-7B,32,4096,32,32000,15261.963971139552,18314.35676536746,9157.17838268373,False,True,float16,345.96490142045457,199.2868499114506
1768628468.6972723,8,339.125,672,99,2713,synthetic-7B,32,4096,32,32000,2573.790413651961,3088.5484963823533,1544.2742481911766,False,True,float16,312.00485188850035,171.40092006311164
1768628468.6973283,1,813.0,813,813,813,synthetic-7B,32,4096,32,32000,770.725700512851,924.8708406154211,462.43542030771056,False,False,float16,341.6630561712959,316.28582096051
1768628468.6973844,4,759.75,966,584,3039,synthetic-7B,32,4096,32,32000,3226.588088639946,3871.9057063679347,1935.9528531839674,False,True,float16,211.10554975543744,93.66404039025386
1768628468.6974416,16,487.5,805,50,7800,synthetic-7B,32,4096,32,32000,7803.211979627373,9363.854375552846,4681.927187776423,False,True,float16,344.4347330379395,378.48866742353215
1768628468.6975043,1,972.0,972,972,972,synthetic-7B,32,4096,32,32000,843.7297766520328,1012.4757319824394,506.2378659912197,True,True,float16,480.88406755035885,313.3369370073023
1768628468.6975615,32,498.4375,967,58,15950,synthetic-7B,32,4096,32,32000,16497.757835745037,19797.309402894043,9898.654701447022,False,True,float16,344.2413042261751,36.304507797997665
1768628468.697619,8,497.5,996,102,3980,synthetic-7B,32,4096,32,32000,3437.8491675195846,4125.419001023502,2062.709500511751,False,True,float16,130.35261817540365,458.1247610743707
1768628468.6976755,2,740.0,944,536,1480,synthetic-7B,32,4096,32,32000,1486.0850665868202,1783.3020799041842,891.6510399520921,False,True,float16,132.286414529554,37.8272899602302
1768628468.6977313,16,539.5625,966,69,8633,synthetic-7B,32,4096,32,32000,9601.295766393407,11521.554919672088,5760.777459836044,False,True,float16,367.4307639688091,102.3923372554575
1768628468.6977863,4,517.75,802,267,2071,synthetic-7B,32,4096,32,32000,1967.1570904448906,2360.5885085338687,1180.2942542669343,False,True,float16,478.4879739765861,326.546602390876
1768628468.697846,4,415.25,760,162,1661,synthetic-7B,32,4096,32,32000,1530.9039848469572,1837.0847818163486,918.5423909081743,False,True,float16,320.75479989179576,146.31846962533365
1768628468.6979012,1,197.0,197,197,197,synthetic-7B,32,4096,32,32000,223.835696158488,268.6028353901856,134.3014176950928,False,True,float16,304.94951070156145,342.25819100119776
1768628468.697956,32,506.5625,969,52,16210,synthetic-7B,32,4096,32,32000,20846.672538885254,25016.007046662304,12508.003523331152,False,True,float16,379.9312289836528,366.3099920316525
1768628468.6980395,32,516.0625,972,96,16514,synthetic-7B,32,4096,32,32000,15031.041961627245,18037.25035395269,9018.625176976346,False,True,float16,192.835247921031,181.6911018524071
1768628468.6980975,1,623.0,623,623,623,synthetic-7B,32,4096,32,32000,470.1891648499367,564.226997819924,282.113498909962,True,True,float16,115.26190214875042,414.5744765976402
1768628468.698154,32,507.59375,982,51,16243,synthetic-7B,32,4096,32,32000,15962.163105155369,19154.595726186442,9577.297863093221,False,True,float16,397.0955233026036,427.90106423603197
1768628468.6982143,1,303.0,303,303,303,synthetic-7B,32,4096,32,32000,344.03843239253507,412.84611887104205,206.42305943552103,False,True,float16,227.47425416419426,269.50497460402556
1768628468.6982734,1,551.0,551,551,551,synthetic-7B,32,4096,32,32000,539.9177553439647,647.9013064127577,323.95065320637883,False,True,float16,176.70229707161235,405.45432574748315
1768628468.6983309,8,558.125,923,240,4465,synthetic-7B,32,4096,32,32000,3775.0264518239974,4530.031742188797,2265.0158710943983,True,False,float16,385.8930989090541,177.13797028569567
1768628468.6983883,2,448.5,805,92,897,synthetic-7B,32,4096,32,32000,837.967347848147,1005.5608174177764,502.7804087088882,False,True,float16,212.62685559360773,298.9677490635959
1768628468.6984448,1,513.0,513,513,513,synthetic-7B,32,4096,32,32000,383.1046400821874,459.7255680986249,229.86278404931244,True,True,float16,282.78381579869745,363.4265755893481
1768628468.6985009,4,627.0,973,210,2508,synthetic-7B,32,4096,32,32000,1913.8803861698227,2296.6564634037873,1148.3282317018936,True,False,float16,367.5745406368617,217.16003583780775
1768628468.6985574,2,513.5,564,463,1027,synthetic-7B,32,4096,32,32000,1130.5116901018919,1356.6140281222702,678.3070140611351,False,True,float16,441.6215295363967,295.87342378102886
1768628468.698613,32,497.78125,966,66,15929,synthetic-7B,32,4096,32,32000,16765.827308434982,20118.99277012198,10059.49638506099,False,False,float16,144.6529045192811,66.56805932914071
1768628468.698668,32,517.6875,972,83,16566,synthetic-7B,32,4096,32,32000,19894.420336011153,23873.304403213384,11936.652201606692,False,True,float16,124.79818462563937,250.35653365778776
1768628468.6987236,32,532.84375,972,66,17051,synthetic-7B,32,4096,32,32000,14690.779484811486,17628.935381773783,8814.467690886891,False,False,float16,279.47830739448534,45.14880196124419
1768628468.6987793,2,457.5,696,219,915,synthetic-7B,32,4096,32,32000,1097.6822878928695,1317.2187454714433,658.6093727357216,False,False,float16,193.04793996278775,443.24464762445336
1768628468.6988354,1,305.0,305,305,305,synthetic-7B,32,4096,32,32000,346.65364892945496,415.98437871534594,207.99218935767297,False,False,float16,322.32905977554674,40.89226315414891
1768628468.6988912,2,690.0,744,636,1380,synthetic-7B,32,4096,32,32000,1101.348503373319,1321.6182040479828,660.8091020239914,True,True,float16,331.8561109932451,454.86439289887875
1768628468.6989515,2,625.0,709,541,1250,synthetic-7B,32,4096,32,32000,943.9957170353903,1132.7948604424682,566.3974302212341,True,True,float16,208.1055701782961,20.676663470565032
1768628468.699007,8,375.375,682,74,3003,synthetic-7B,32,4096,32,32000,2738.9784219204903,3286.7741063045883,1643.3870531522941,False,True,float16,137.62130607154708,469.9269328798027
1768628468.6990628,16,370.6875,777,124,5931,synthetic-7B,32,4096,32,32000,5682.263217960022,6818.715861552027,3409.3579307760133,False,True,float16,309.60194628394925,366.55725494885866
1768628468.699117,2,664.5,898,431,1329,synthetic-7B,32,4096,32,32000,1293.2767814750332,1551.9321377700398,775.9660688850199,False,True,float16,282.27950839341,44.89741274262039
1768628468.6991773,32,446.65625,981,77,14293,synthetic-7B,32,4096,32,32000,13986.697084201769,16784.036501042123,8392.018250521061,False,True,float16,433.5922569127365,24.695901172018676
1768628468.6992338,2,653.0,953,353,1306,synthetic-7B,32,4096,32,32000,1295.2248467710283,1554.269816125234,777.134908062617,False,True,float16,279.8667476133474,305.04958574874297
1768628468.6992896,4,641.75,862,321,2567,synthetic-7B,32,4096,32,32000,1947.7661968387015,2337.319436206442,1168.659718103221,True,True,float16,229.0162763151085,495.04256640132417
1768628468.6993454,8,462.125,914,85,3697,synthetic-7B,32,4096,32,32000,3987.7702592118167,4785.32431105418,2392.66215552709,False,True,float16,201.29735583603218,468.3799891255109
1768628468.6994011,1,160.0,160,160,160,synthetic-7B,32,4096,32,32000,137.39718829206345,164.87662595047613,82.43831297523806,False,True,float16,144.09557444400042,31.544323787947786
1768628468.6994567,2,476.0,543,409,952,synthetic-7B,32,4096,32,32000,987.691350825763,1185.2296209909157,592.6148104954578,False,True,float16,421.23597117205344,486.4441551311983
1768628468.6995125,32,562.625,996,121,18004,synthetic-7B,32,4096,32,32000,18818.866690634768,22582.64002876172,11291.32001438086,False,True,float16,191.81500508293166,356.5182323926062
1768628468.6995692,2,748.0,817,679,1496,synthetic-7B,32,4096,32,32000,1622.1221052740598,1946.5465263288716,973.2732631644358,False,True,float16,259.6789146288515,81.71404726552872
1768628468.6996288,1,430.0,430,430,430,synthetic-7B,32,4096,32,32000,481.5310283353817,577.837234002458,288.918617001229,False,True,float16,480.0397816527969,211.22242917280494
1768628468.6996849,8,431.25,844,62,3450,synthetic-7B,32,4096,32,32000,3968.3032269016403,4761.963872281968,2380.981936140984,False,True,float16,453.72872189649235,314.46308057672576
1768628468.6997404,4,316.5,443,214,1266,synthetic-7B,32,4096,32,32000,727.862749532542,873.4352994390504,436.7176497195252,True,True,float16,163.32264802287773,296.15612776086243
1768628468.699796,32,569.03125,967,66,18209,synthetic-7B,32,4096,32,32000,12139.172834054609,14567.00740086553,7283.503700432765,True,True,float16,254.50348174047588,233.2821140645381
1768628468.699852,32,482.5625,987,73,15442,synthetic-7B,32,4096,32,32000,18161.33022860727,21793.59627432872,10896.79813716436,False,True,float16,273.1757408584027,109.46203726751143
1768628468.6999075,4,466.25,554,382,1865,synthetic-7B,32,4096,32,32000,1400.011522985361,1680.0138275824331,840.0069137912166,True,True,float16,214.06396665470658,206.5870406628235
1768628468.6999626,32,425.875,999,66,13628,synthetic-7B,32,4096,32,32000,14695.300709897932,17634.360851877518,8817.180425938759,False,True,float16,450.02430981710165,299.5934599045016
1768628468.7000186,2,115.0,148,82,230,synthetic-7B,32,4096,32,32000,264.37993531287094,317.2559223754451,158.62796118772255,False,True,float16,382.6171905867147,478.21620103218277
1768628468.7000744,16,478.5625,775,182,7657,synthetic-7B,32,4096,32,32000,5391.180633188021,6469.4167598256245,3234.7083799128122,True,True,float16,109.23670502717124,25.60395769822822
1768628468.7001333,1,964.0,964,964,964,synthetic-7B,32,4096,32,32000,805.0002876522749,966.0003451827298,483.0001725913649,True,True,float16,169.58298834588595,417.59441522614765
1768628468.7001896,2,424.0,796,52,848,synthetic-7B,32,4096,32,32000,837.2930282066476,1004.751633847977,502.3758169239885,False,True,float16,345.7461217186134,268.5808578522835
1768628468.7002468,16,456.125,968,62,7298,synthetic-7B,32,4096,32,32000,8159.929882347873,9791.915858817447,4895.957929408723,False,False,float16,152.023153170324,477.84779125080496
1768628468.7003026,8,449.875,928,50,3599,synthetic-7B,32,4096,32,32000,3820.257803360772,4584.309364032926,2292.154682016463,False,True,float16,469.2205518905758,49.809053902947404
1768628468.7003646,16,500.125,998,92,8002,synthetic-7B,32,4096,32,32000,8033.029503979392,9639.63540477527,4819.817702387635,False,True,float16,337.2684292289647,165.1296608357921
1768628468.7004228,4,527.5,934,207,2110,synthetic-7B,32,4096,32,32000,1838.5946461912797,2206.3135754295354,1103.1567877147677,False,False,float16,272.03687558028366,220.05555303347253
1768628468.7004826,8,448.125,727,257,3585,synthetic-7B,32,4096,32,32000,3042.4136859421483,3650.8964231305777,1825.4482115652888,True,True,float16,127.7392771075145,214.2135501085568
1768628468.7005386,2,372.0,639,105,744,synthetic-7B,32,4096,32,32000,708.7096706182466,850.451604741896,425.225802370948,False,True,float16,392.7744233093095,41.12742027108751
1768628468.7005944,16,399.3125,836,69,6389,synthetic-7B,32,4096,32,32000,5898.084527615909,7077.70143313909,3538.850716569545,True,True,float16,409.64253289655636,316.8436695633262
1768628468.7006507,32,505.59375,991,59,16179,synthetic-7B,32,4096,32,32000,16423.183019099593,19707.819622919513,9853.909811459756,False,True,float16,218.79044124101983,342.1801074723214
1768628468.7007067,8,632.0,937,193,5056,synthetic-7B,32,4096,32,32000,5990.320756559503,7188.384907871404,3594.192453935702,False,True,float16,460.90579204920385,95.20491894531465
1768628468.7007642,4,383.75,810,108,1535,synthetic-7B,32,4096,32,32000,1649.4480995436534,1979.337719452384,989.668859726192,False,False,float16,412.5680910259251,229.14733915898975
1768628468.700821,1,892.0,892,892,892,synthetic-7B,32,4096,32,32000,970.4354237202925,1164.522508464351,582.2612542321755,False,False,float16,160.77578498741155,440.2200471299781
1768628468.700878,2,382.0,570,194,764,synthetic-7B,32,4096,32,32000,795.7775130272287,954.9330156326744,477.4665078163372,False,True,float16,443.9244617791743,406.0648169325296
1768628468.700935,32,501.875,991,67,16060,synthetic-7B,32,4096,32,32000,16208.259430449563,19449.911316539474,9724.955658269737,False,True,float16,471.29148971790465,464.93265204814435
1768628468.7010086,2,714.5,995,434,1429,synthetic-7B,32,4096,32,32000,1335.3735875207894,1602.4483050249473,801.2241525124737,False,True,float16,493.35433592770687,34.533387815055555
1768628468.70107,2,473.5,874,73,947,synthetic-7B,32,4096,32,32000,721.9932025347357,866.3918430416828,433.1959215208414,True,True,float16,475.6183663226995,151.68478318010827
1768628468.7011263,8,303.125,696,73,2425,synthetic-7B,32,4096,32,32000,2538.3181381056265,3045.9817657267517,1522.9908828633759,False,False,float16,295.093803437009,198.5805287486478
1768628468.701184,1,99.0,99,99,99,synthetic-7B,32,4096,32,32000,71.16668583700586,85.40002300440703,42.700011502203516,True,True,float16,391.62044518028574,11.10048783680549
1768628468.7012405,1,998.0,998,998,998,synthetic-7B,32,4096,32,32000,749.7115842900581,899.6539011480697,449.82695057403487,True,False,float16,308.4698576216628,471.53305425426703
1768628468.7012978,2,511.0,929,93,1022,synthetic-7B,32,4096,32,32000,987.3791113353041,1184.8549336023648,592.4274668011824,False,True,float16,474.9764378618541,232.78106996821396
1768628468.7013538,1,625.0,625,625,625,synthetic-7B,32,4096,32,32000,776.6619804258928,931.9943765110713,465.99718825553566,False,True,float16,280.5019332963089,163.36002413007515
1768628468.7014098,4,505.75,848,367,2023,synthetic-7B,32,4096,32,32000,2135.2462535534355,2562.2955042641224,1281.1477521320612,False,True,float16,338.5179019415531,249.57620455753928
1768628468.7014668,2,826.5,881,772,1653,synthetic-7B,32,4096,32,32000,1602.2841286234882,1922.7409543481858,961.3704771740929,False,True,float16,210.90636876440203,235.65769864314916
1768628468.7015233,2,501.0,562,440,1002,synthetic-7B,32,4096,32,32000,822.482490419934,986.9789885039208,493.4894942519604,True,True,float16,203.24138658705652,39.44402835820553
1768628468.7015803,32,563.34375,987,65,18027,synthetic-7B,32,4096,32,32000,16554.57680772665,19865.49216927198,9932.74608463599,False,False,float16,226.04447786628023,99.25344132020254
1768628468.7016356,4,562.0,816,113,2248,synthetic-7B,32,4096,32,32000,2246.1315343827555,2695.3578412593065,1347.6789206296532,False,True,float16,270.6546916954811,444.19417124862434
1768628468.7016914,8,397.375,898,54,3179,synthetic-7B,32,4096,32,32000,2666.513964120087,3199.8167569441043,1599.9083784720522,True,True,float16,431.20802442287356,112.22387701842084
1768628468.701754,8,434.75,746,50,3478,synthetic-7B,32,4096,32,32000,4253.287673471839,5103.945208166207,2551.9726040831033,False,True,float16,460.04727753196704,59.416616187143966
1768628468.7018113,4,661.75,835,512,2647,synthetic-7B,32,4096,32,32000,2701.1154892084533,3241.338587050144,1620.669293525072,False,True,float16,273.2746873214853,149.18972972546143
1768628468.7018685,8,441.5,953,73,3532,synthetic-7B,32,4096,32,32000,3154.1932811574293,3785.031937388915,1892.5159686944576,False,True,float16,448.97746272489474,245.6189133384784
1768628468.7019289,2,828.0,914,742,1656,synthetic-7B,32,4096,32,32000,1892.5946504784304,2271.1135805741164,1135.5567902870582,False,True,float16,272.90486027332486,201.26005142351443
1768628468.7020025,32,478.59375,981,67,15315,synthetic-7B,32,4096,32,32000,17772.500556163865,21327.000667396638,10663.500333698319,False,True,float16,348.24776321645834,429.9673683165282
1768628468.702061,4,574.25,805,260,2297,synthetic-7B,32,4096,32,32000,1919.2662514475292,2303.119501737035,1151.5597508685175,True,True,float16,234.15602321280323,242.76884674896863
1768628468.7021177,32,502.4375,966,60,16078,synthetic-7B,32,4096,32,32000,17776.09976734847,21331.319720818163,10665.659860409081,False,True,float16,190.01580917770036,227.59379489273925
1768628468.702174,4,227.75,398,66,911,synthetic-7B,32,4096,32,32000,993.0879828951337,1191.7055794741605,595.8527897370802,False,False,float16,291.9539322774215,409.1607927312684
1768628468.7022307,8,370.125,969,83,2961,synthetic-7B,32,4096,32,32000,2521.7094618658352,3026.051354239002,1513.025677119501,False,True,float16,114.72363071896253,137.7110876400174
1768628468.7022872,2,375.0,554,196,750,synthetic-7B,32,4096,32,32000,757.3241574994138,908.7889889992965,454.39449449964826,False,True,float16,220.35132499319798,468.746732714061
1768628468.7023427,32,535.96875,991,79,17151,synthetic-7B,32,4096,32,32000,16311.232554418113,19573.479065301733,9786.739532650867,False,False,float16,363.0860719239146,157.03950420907796
1768628468.7024004,1,232.0,232,232,232,synthetic-7B,32,4096,32,32000,222.67984578273072,267.21581493927687,133.60790746963843,False,True,float16,286.08209611156155,485.0776482254155
1768628468.7024577,4,734.0,934,430,2936,synthetic-7B,32,4096,32,32000,2694.411396578222,3233.2936758938663,1616.6468379469331,False,True,float16,299.12847648843365,214.0418798337026
1768628468.7025185,8,454.75,911,100,3638,synthetic-7B,32,4096,32,32000,3275.49804820997,3930.597657851964,1965.298828925982,False,True,float16,353.5622383168802,277.12923459546454
1768628468.7025766,1,773.0,773,773,773,synthetic-7B,32,4096,32,32000,839.222151210449,1007.0665814525388,503.5332907262694,False,True,float16,166.79025467792383,318.6796738325848
1768628468.7026334,8,576.125,949,114,4609,synthetic-7B,32,4096,32,32000,2795.388523421889,3354.466228106267,1677.2331140531335,True,True,float16,319.484718007906,140.7784713441788
1768628468.7026904,32,574.6875,956,64,18390,synthetic-7B,32,4096,32,32000,16210.47870174992,19452.574442099904,9726.287221049952,False,True,float16,259.79688483071016,156.4959332519757
1768628468.7027483,32,506.65625,998,119,16213,synthetic-7B,32,4096,32,32000,17022.079354299145,20426.495225158975,10213.247612579487,False,False,float16,342.9421104155982,277.5606529566912
1768628468.7028058,16,518.3125,980,104,8293,synthetic-7B,32,4096,32,32000,6710.1161384521565,8052.139366142587,4026.0696830712936,True,True,float16,454.14331093059104,27.968639263126718
1768628468.702862,2,86.0,110,62,172,synthetic-7B,32,4096,32,32000,134.19048726753076,161.0285847210369,80.51429236051845,True,True,float16,188.99830329143433,278.754620826439
1768628468.7029176,16,557.4375,943,66,8919,synthetic-7B,32,4096,32,32000,8707.099407960595,10448.519289552714,5224.259644776357,False,True,float16,296.8166096592819,194.21234450022249
1768628468.7029746,8,313.75,584,85,2510,synthetic-7B,32,4096,32,32000,1962.7243551082147,2355.2692261298575,1177.6346130649288,True,True,float16,145.68076135362742,28.287065228431395
1768628468.7030315,32,518.1875,949,107,16582,synthetic-7B,32,4096,32,32000,18542.120364114566,22250.544436937478,11125.272218468739,False,False,float16,449.0855860059067,431.5623539091951
1768628468.7030878,2,641.0,686,596,1282,synthetic-7B,32,4096,32,32000,1130.3970389860403,1356.4764467832483,678.2382233916242,True,True,float16,290.0229375256872,77.75647717071028
1768628468.7031503,4,444.75,943,85,1779,synthetic-7B,32,4096,32,32000,1864.3070662582263,2237.1684795098713,1118.5842397549357,False,True,float16,185.46502708884617,269.3032336140696
1768628468.703206,8,571.75,859,180,4574,synthetic-7B,32,4096,32,32000,4726.670253438345,5672.004304126013,2836.0021520630066,False,True,float16,319.78468071449447,417.9084233721796
1768628468.7032654,8,634.625,962,349,5077,synthetic-7B,32,4096,32,32000,4805.515768676512,5766.618922411814,2883.309461205907,False,True,float16,260.92098205439635,21.291507312863068
1768628468.7033246,32,496.03125,867,63,15873,synthetic-7B,32,4096,32,32000,18404.44896684791,22085.33876021749,11042.669380108746,False,True,float16,178.54812322711192,60.03699124720681
1768628468.7033813,32,510.4375,987,122,16334,synthetic-7B,32,4096,32,32000,14276.488314852846,17131.785977823416,8565.892988911708,False,True,float16,495.0842742758629,325.5268162306478
1768628468.7034369,16,629.8125,974,148,10077,synthetic-7B,32,4096,32,32000,8276.5823696731,9931.89884360772,4965.94942180386,True,True,float16,473.9889903713856,366.19660978939487
1768628468.703492,8,355.5,606,62,2844,synthetic-7B,32,4096,32,32000,3342.6665329301195,4011.199839516143,2005.5999197580716,False,True,float16,400.98752355838894,59.180171734745855
1768628468.7035468,32,519.625,999,54,16628,synthetic-7B,32,4096,32,32000,13004.627278718785,15605.55273446254,7802.77636723127,True,True,float16,389.90862279725957,199.64215591309346
1768628468.7036028,8,599.625,933,335,4797,synthetic-7B,32,4096,32,32000,5620.551371779886,6744.661646135863,3372.3308230679313,False,True,float16,220.92654860659377,478.7273674832799
1768628468.7036593,4,256.75,629,60,1027,synthetic-7B,32,4096,32,32000,766.9612506897996,920.3535008277595,460.17675041387974,True,True,float16,326.8161280226085,47.45473377377708
1768628468.703715,4,374.75,881,51,1499,synthetic-7B,32,4096,32,32000,1444.1492091622492,1732.979050994699,866.4895254973495,False,False,float16,356.87362658174504,151.38662159013225
1768628468.7037704,4,386.75,740,52,1547,synthetic-7B,32,4096,32,32000,1172.9930639768777,1407.591676772253,703.7958383861265,True,False,float16,457.4360057562385,200.02545895500387
1768628468.7038274,32,617.15625,994,55,19749,synthetic-7B,32,4096,32,32000,18096.13412583723,21715.360951004677,10857.680475502339,True,True,float16,189.04541087912503,484.2195883948419
1768628468.7038825,4,720.25,821,502,2881,synthetic-7B,32,4096,32,32000,2664.527044490619,3197.432453388743,1598.7162266943715,False,True,float16,296.1638027172811,287.1923915692525
1768628468.703941,8,579.125,995,280,4633,synthetic-7B,32,4096,32,32000,4837.839021230109,5805.4068254761305,2902.7034127380653,False,True,float16,120.8488281839002,278.74298092996355
1768628468.7039962,16,586.25,961,120,9380,synthetic-7B,32,4096,32,32000,10864.570581536544,13037.484697843853,6518.742348921926,False,False,float16,282.71986279476954,258.33342546779363
1768628468.704052,32,614.125,998,155,19652,synthetic-7B,32,4096,32,32000,22132.19465788499,26558.633589461988,13279.316794730994,False,True,float16,244.57703622033645,262.443273682993
1768628468.7041068,8,571.125,923,204,4569,synthetic-7B,32,4096,32,32000,4477.878446658567,5373.45413599028,2686.72706799514,False,True,float16,219.45951473551304,483.28255730638665
1768628468.7041633,4,557.25,886,251,2229,synthetic-7B,32,4096,32,32000,2579.5012326818705,3095.4014792182447,1547.7007396091224,False,True,float16,381.1110157773386,284.3979224210156
1768628468.7042198,1,849.0,849,849,849,synthetic-7B,32,4096,32,32000,848.8609462345157,1018.6331354814188,509.3165677407094,False,True,float16,202.5268802529783,293.0633827223977
1768628468.7042766,32,510.5625,947,83,16338,synthetic-7B,32,4096,32,32000,14066.188331234254,16879.425997481103,8439.712998740551,False,True,float16,234.8093314038299,268.9956444036958
1768628468.7043312,8,500.375,931,82,4003,synthetic-7B,32,4096,32,32000,4319.324720156951,5183.189664188341,2591.5948320941707,False,True,float16,118.21283188174019,248.58755329911676
1768628468.7043874,32,553.75,963,59,17720,synthetic-7B,32,4096,32,32000,19659.4542925102,23591.34515101224,11795.67257550612,False,True,float16,170.4244066681798,73.54301448833984
1768628468.7044473,32,633.9375,987,64,20286,synthetic-7B,32,4096,32,32000,20536.177526278803,24643.413031534565,12321.706515767282,False,True,float16,410.890325041493,279.80196164889026
1768628468.7045033,4,603.75,806,300,2415,synthetic-7B,32,4096,32,32000,1528.63375794261,1834.3605095311318,917.1802547655659,True,True,float16,464.81357064450197,286.6461015374415
1768628468.7045593,8,515.625,841,63,4125,synthetic-7B,32,4096,32,32000,3330.325278118589,3996.390333742306,1998.195166871153,False,False,float16,305.6291224794102,36.01567550628934
1768628468.7046146,16,571.25,969,58,9140,synthetic-7B,32,4096,32,32000,7933.788569096468,9520.54628291576,4760.27314145788,False,True,float16,406.2800065883539,449.9826391828962
1768628468.704673,1,432.0,432,432,432,synthetic-7B,32,4096,32,32000,486.59362346910325,583.9123481629239,291.95617408146194,False,True,float16,202.29542898162887,185.1434448721233
1768628468.704728,16,640.0625,993,203,10241,synthetic-7B,32,4096,32,32000,12864.001678519888,15436.802014223864,7718.401007111932,False,True,float16,128.54041172603408,126.6102527626204
1768628468.7047844,32,549.1875,999,68,17574,synthetic-7B,32,4096,32,32000,18014.221105199435,21617.06532623932,10808.53266311966,False,True,float16,446.19170478811924,290.6477137210264
1768628468.7048411,16,453.5625,796,70,7257,synthetic-7B,32,4096,32,32000,8581.591280462842,10297.909536555411,5148.954768277706,False,True,float16,476.4942490257951,133.0030870489474
1768628468.7048957,8,611.5,983,110,4892,synthetic-7B,32,4096,32,32000,5532.6328379394035,6639.159405527284,3319.579702763642,False,False,float16,192.02619858543756,169.64007277717917
1768628468.7049663,16,562.375,979,172,8998,synthetic-7B,32,4096,32,32000,5448.056132152537,6537.667358583045,3268.8336792915225,True,True,float16,194.2918111606686,210.2838229931591
1768628468.7050288,32,572.5625,996,73,18322,synthetic-7B,32,4096,32,32000,20696.211687615934,24835.45402513912,12417.72701256956,False,True,float16,203.38831591191382,161.44632603416133
1768628468.705086,16,568.8125,911,103,9101,synthetic-7B,32,4096,32,32000,9283.853032219331,11140.623638663197,5570.311819331599,False,True,float16,232.76084676975478,262.8373256814242
1768628468.705141,8,568.0,973,105,4544,synthetic-7B,32,4096,32,32000,4802.493926425616,5762.992711710739,2881.4963558553695,False,True,float16,420.82392098023746,454.42111985170345
1768628468.7051957,4,558.0,987,67,2232,synthetic-7B,32,4096,32,32000,2404.930191156132,2885.9162293873583,1442.9581146936791,False,True,float16,411.75290168493353,218.73574548815978
1768628468.7052517,1,925.0,925,925,925,synthetic-7B,32,4096,32,32000,1000.2659030350545,1200.3190836420654,600.1595418210327,False,True,float16,239.80482882952256,287.708012969718
1768628468.7053072,32,547.71875,963,51,17527,synthetic-7B,32,4096,32,32000,13157.675958710908,15789.21115045309,7894.605575226545,True,False,float16,193.92336087570794,316.87890559059014
1768628468.7053666,32,467.25,974,69,14952,synthetic-7B,32,4096,32,32000,15145.440325011066,18174.528390013278,9087.264195006639,False,True,float16,433.8899645983099,265.6646386380746
1768628468.7054238,4,620.75,819,298,2483,synthetic-7B,32,4096,32,32000,1955.5669184118474,2346.6803020942166,1173.3401510471083,False,True,float16,407.9100578107355,365.43833936722666
1768628468.7054787,16,601.9375,998,168,9631,synthetic-7B,32,4096,32,32000,9358.34482081723,11230.013784980676,5615.006892490338,False,True,float16,134.20150524915928,229.88782910382557
1768628468.7055347,32,519.40625,999,111,16621,synthetic-7B,32,4096,32,32000,12597.533352317485,15117.04002278098,7558.52001139049,True,False,float16,475.3747705439549,312.3341653967894
1768628468.7055936,8,617.125,913,327,4937,synthetic-7B,32,4096,32,32000,3637.934576565087,4365.521491878104,2182.760745939052,True,True,float16,422.9817820209026,396.097283222695
1768628468.7056496,2,427.5,767,88,855,synthetic-7B,32,4096,32,32000,868.0537887258625,1041.664546471035,520.8322732355175,False,True,float16,293.52545861900217,205.49956848115917
1768628468.7057052,16,557.125,925,77,8914,synthetic-7B,32,4096,32,32000,8068.633999943637,9682.360799932363,4841.1803999661815,False,True,float16,498.93835628168097,429.4902596893369
1768628468.705764,1,560.0,560,560,560,synthetic-7B,32,4096,32,32000,367.2102621738415,440.6523146086098,220.3261573043049,True,True,float16,235.35138964065197,235.77948327146848
1768628468.705821,16,575.875,992,110,9214,synthetic-7B,32,4096,32,32000,7462.665140308473,8955.198168370167,4477.5990841850835,True,True,float16,374.8870638390629,43.63307506763854
1768628468.7058768,1,391.0,391,391,391,synthetic-7B,32,4096,32,32000,392.44985955663867,470.93983146796637,235.46991573398319,False,True,float16,474.0936181742777,127.53973488638147
1768628468.7059324,2,526.5,536,517,1053,synthetic-7B,32,4096,32,32000,1191.1336535221221,1429.3603842265466,714.6801921132733,False,False,float16,235.92803753198245,382.3214197581048
1768628468.7059987,32,619.65625,986,98,19829,synthetic-7B,32,4096,32,32000,21292.40734488323,25550.888813859878,12775.444406929939,False,False,float16,179.5636707134379,251.13004032536622
1768628468.7060559,32,592.3125,992,63,18954,synthetic-7B,32,4096,32,32000,21594.75858244388,25913.710298932656,12956.855149466328,False,True,float16,499.4342301466168,289.0601907966782
1768628468.7061167,8,552.125,983,57,4417,synthetic-7B,32,4096,32,32000,4651.463757441481,5581.756508929777,2790.8782544648884,False,True,float16,407.9694018084705,180.62022008302452
1768628468.706174,32,543.84375,969,154,17403,synthetic-7B,32,4096,32,32000,20642.953097479694,24771.543716975633,12385.771858487817,False,True,float16,141.69942061301418,295.4617294877845
1768628468.7062294,16,679.0625,952,151,10865,synthetic-7B,32,4096,32,32000,11132.451896645096,13358.942275974116,6679.471137987058,False,True,float16,494.04582575635,198.85681104813693
1768628468.7062857,4,650.75,846,480,2603,synthetic-7B,32,4096,32,32000,2128.8996499099944,2554.6795798919934,1277.3397899459967,False,True,float16,383.9889569188126,256.0590294841021
1768628468.7063427,2,520.0,680,360,1040,synthetic-7B,32,4096,32,32000,1016.2568377366625,1219.508205283995,609.7541026419975,False,True,float16,376.9018843906049,276.10364874713844
1768628468.7063994,16,501.9375,932,118,8031,synthetic-7B,32,4096,32,32000,8509.139679167361,10210.967615000833,5105.483807500416,False,True,float16,321.4484833171614,223.96148168347221
1768628468.706456,16,479.6875,923,145,7675,synthetic-7B,32,4096,32,32000,7998.6065863221975,9598.327903586636,4799.163951793318,False,True,float16,481.0239525766493,175.2632533511878
1768628468.7065132,4,411.75,768,77,1647,synthetic-7B,32,4096,32,32000,1742.508471475348,2091.0101657704176,1045.5050828852088,False,True,float16,253.70576036006267,81.6649253290026
1768628468.7065687,8,482.625,929,205,3861,synthetic-7B,32,4096,32,32000,4655.026532095028,5586.031838514034,2793.015919257017,False,True,float16,453.90743055962275,111.54356649119819
1768628468.7066243,16,616.9375,964,54,9871,synthetic-7B,32,4096,32,32000,9947.351094955937,11936.821313947125,5968.410656973562,False,True,float16,338.99516595425206,64.15852981814497
1768628468.7066805,4,620.5,766,257,2482,synthetic-7B,32,4096,32,32000,2132.7868392560013,2559.3442071072013,1279.6721035536007,True,True,float16,181.6635270823018,326.8581918031035
1768628468.7067356,2,617.0,938,296,1234,synthetic-7B,32,4096,32,32000,1282.577493467302,1539.0929921607624,769.5464960803812,False,True,float16,245.17575942593902,444.7724934599987
1768628468.706795,4,739.75,975,519,2959,synthetic-7B,32,4096,32,32000,3260.778277367242,3912.9339328406904,1956.4669664203452,False,True,float16,300.89013528121745,121.71198690283335
1768628468.7068524,32,517.03125,979,64,16545,synthetic-7B,32,4096,32,32000,11623.664827539727,13948.397793047672,6974.198896523836,True,False,float16,120.75837849992169,165.75897651837852
1768628468.706907,32,514.21875,988,82,16455,synthetic-7B,32,4096,32,32000,17348.880578611665,20818.656694333997,10409.328347166998,False,True,float16,330.1230404995078,245.55951385650832
1768628468.7069616,4,525.75,689,459,2103,synthetic-7B,32,4096,32,32000,2093.792019636184,2512.5504235634203,1256.2752117817101,False,True,float16,114.19092362557501,73.79658581153731
1768628468.7070215,16,544.9375,988,76,8719,synthetic-7B,32,4096,32,32000,8688.66208698677,10426.394504384123,5213.197252192062,False,True,float16,264.30570387720115,118.10728447005819
1768628468.7070782,1,378.0,378,378,378,synthetic-7B,32,4096,32,32000,282.45832429869466,338.9499891584336,169.4749945792168,True,False,float16,261.4619089731897,388.09539732217974
1768628468.707135,1,127.0,127,127,127,synthetic-7B,32,4096,32,32000,120.45587070421679,144.54704484506016,72.27352242253008,False,True,float16,113.83156247746867,17.2575012259923
1768628468.7071917,8,537.125,971,83,4297,synthetic-7B,32,4096,32,32000,4180.989048268196,5017.186857921834,2508.593428960917,False,True,float16,443.6905990518275,188.5865453681827
1768628468.7072477,32,519.78125,975,55,16633,synthetic-7B,32,4096,32,32000,13009.720017768987,15611.664021322784,7805.832010661392,True,True,float16,162.4327628618414,33.4657403246777
1768628468.7073035,4,641.75,894,296,2567,synthetic-7B,32,4096,32,32000,1993.3658465031149,2392.0390158037376,1196.0195079018688,True,True,float16,433.02435522690035,39.083520121233576
1768628468.7073607,8,425.875,891,120,3407,synthetic-7B,32,4096,32,32000,3248.933538343721,3898.720246012465,1949.3601230062325,False,True,float16,109.8946003706446,311.2884673493064
1768628468.7074172,8,425.375,836,139,3403,synthetic-7B,32,4096,32,32000,3434.8819266770033,4121.858312012404,2060.929156006202,False,False,float16,416.8961475701894,180.39522068366983
1768628468.7074776,16,632.3125,970,55,10117,synthetic-7B,32,4096,32,32000,7944.419067742134,9533.30288129056,4766.65144064528,True,True,float16,360.03853793245946,163.88020022457883
1768628468.707534,2,435.5,610,261,871,synthetic-7B,32,4096,32,32000,826.0926523928432,991.3111828714118,495.6555914357059,False,True,float16,403.09519503909775,228.87411391485205
1768628468.7075894,1,957.0,957,957,957,synthetic-7B,32,4096,32,32000,856.7865154090149,1028.143818490818,514.071909245409,False,False,float16,287.85072324841815,361.088581427467
1768628468.7076461,1,651.0,651,651,651,synthetic-7B,32,4096,32,32000,356.8465870253043,428.21590443036513,214.10795221518256,True,True,float16,367.7899042614493,201.9442736662341
1768628468.7077017,32,515.375,999,52,16492,synthetic-7B,32,4096,32,32000,18571.529545260553,22285.835454312662,11142.917727156331,False,True,float16,317.34298832824504,116.13866269605552
1768628468.7077575,8,534.75,942,73,4278,synthetic-7B,32,4096,32,32000,3984.5663001277303,4781.479560153276,2390.739780076638,False,False,float16,108.78480475370922,167.41534019107692
1768628468.707815,2,758.5,919,598,1517,synthetic-7B,32,4096,32,32000,1216.729351439647,1460.0752217275763,730.0376108637881,True,True,float16,253.3641110159019,209.25659034138013
1768628468.7078722,32,500.65625,970,141,16021,synthetic-7B,32,4096,32,32000,12316.487894562433,14779.78547347492,7389.89273673746,True,True,float16,111.1941580691846,223.761205003035
1768628468.7079284,32,516.03125,985,92,16513,synthetic-7B,32,4096,32,32000,17236.32386710057,20683.588640520684,10341.794320260342,False,True,float16,412.4159705763112,28.52749361467358
1768628468.707983,1,830.0,830,830,830,synthetic-7B,32,4096,32,32000,851.0755057724662,1021.2906069269593,510.64530346347965,False,True,float16,457.48977705892054,400.8955210903649
1768628468.7080405,32,515.21875,995,118,16487,synthetic-7B,32,4096,32,32000,18050.908184042255,21661.089820850706,10830.544910425353,False,False,float16,455.60306549721713,325.58653605619116
1768628468.7080965,32,492.78125,996,61,15769,synthetic-7B,32,4096,32,32000,12255.122247329016,14706.14669679482,7353.07334839741,True,True,float16,135.4824553771064,22.04126785536738
1768628468.708153,16,509.875,877,56,8158,synthetic-7B,32,4096,32,32000,8150.058779412173,9780.070535294608,4890.035267647304,False,True,float16,460.7312832722425,481.9292693202312
1768628468.7082129,1,605.0,605,605,605,synthetic-7B,32,4096,32,32000,607.8774411214853,729.4529293457823,364.72646467289115,False,True,float16,230.6553760970744,389.21285821170613
1768628468.7082691,2,505.0,584,426,1010,synthetic-7B,32,4096,32,32000,1088.9572052451697,1306.7486462942036,653.3743231471018,False,False,float16,189.17337961052212,67.62967476818083
1768628468.708325,2,720.0,980,460,1440,synthetic-7B,32,4096,32,32000,1193.5875542704582,1432.3050651245499,716.1525325622749,True,True,float16,394.7284781554659,481.53877426065253
1768628468.7083855,1,203.0,203,203,203,synthetic-7B,32,4096,32,32000,225.3912630733206,270.4695156879847,135.23475784399236,False,False,float16,487.9380352485197,37.948716197257326
1768628468.7084424,16,595.875,988,56,9534,synthetic-7B,32,4096,32,32000,7577.193635789796,9092.632362947754,4546.316181473877,True,True,float16,266.28828875219375,62.558965098797465
1768628468.7084978,8,634.625,943,112,5077,synthetic-7B,32,4096,32,32000,3921.5733816093007,4705.888057931161,2352.9440289655804,True,True,float16,106.65151162098874,102.94125104746504
1768628468.7085545,16,362.25,859,50,5796,synthetic-7B,32,4096,32,32000,4178.54685476581,5014.256225718972,2507.128112859486,True,True,float16,243.94371159961312,215.3285744759356
1768628468.7086096,4,649.0,712,579,2596,synthetic-7B,32,4096,32,32000,2589.8907071589647,3107.8688485907574,1553.9344242953787,False,False,float16,312.4761291173917,249.38675719451686
1768628468.7086635,1,760.0,760,760,760,synthetic-7B,32,4096,32,32000,914.0022495141867,1096.802699417024,548.401349708512,False,True,float16,336.33331304976014,144.8424559820102
1768628468.7087185,8,628.25,990,385,5026,synthetic-7B,32,4096,32,32000,5452.023843163899,6542.4286117966785,3271.2143058983393,False,True,float16,237.89499644138095,380.98326670606986
1768628468.7087731,8,443.375,996,93,3547,synthetic-7B,32,4096,32,32000,3054.030378058046,3664.8364536696554,1832.4182268348277,False,True,float16,111.77020649036695,30.237588534736553
1768628468.7088292,2,703.0,970,436,1406,synthetic-7B,32,4096,32,32000,1169.6999645115711,1403.6399574138852,701.8199787069426,True,True,float16,223.25247314111212,373.52229773590693
1768628468.7088904,4,382.0,487,221,1528,synthetic-7B,32,4096,32,32000,1179.4495725595325,1415.339487071439,707.6697435357195,True,True,float16,203.30876081284455,132.43575230460974
1768628468.7089596,2,329.0,588,70,658,synthetic-7B,32,4096,32,32000,733.1133287280724,879.7359944736868,439.8679972368434,False,True,float16,433.82292225889796,462.1722469483826
1768628468.7090192,1,328.0,328,328,328,synthetic-7B,32,4096,32,32000,334.6018799372854,401.52225592474247,200.76112796237123,False,True,float16,201.16641914786823,38.92899940959647
1768628468.7090755,32,528.65625,972,101,16917,synthetic-7B,32,4096,32,32000,19442.259214537906,23330.711057445485,11665.355528722743,False,True,float16,121.55861343057396,66.43383871223148
1768628468.7091315,1,330.0,330,330,330,synthetic-7B,32,4096,32,32000,366.02593944323786,439.23112733188543,219.61556366594272,False,True,float16,156.8180360976305,407.3392717565101
1768628468.709188,4,365.0,730,59,1460,synthetic-7B,32,4096,32,32000,1174.215830828493,1409.0589969941914,704.5294984970957,True,True,float16,259.7663744626292,426.28521037799214
1768628468.7092497,16,574.75,992,95,9196,synthetic-7B,32,4096,32,32000,9922.435831967661,11906.922998361193,5953.461499180597,False,True,float16,122.73243982708183,288.5818747528205
1768628468.709306,8,556.5,915,252,4452,synthetic-7B,32,4096,32,32000,4800.656611169365,5760.787933403238,2880.393966701619,False,True,float16,116.1229142899217,363.9132186568513
1768628468.7093616,4,575.25,904,251,2301,synthetic-7B,32,4096,32,32000,2500.238062441745,3000.285674930094,1500.142837465047,False,True,float16,217.4675168977198,193.23192818184566
1768628468.7094183,8,538.5,992,113,4308,synthetic-7B,32,4096,32,32000,3584.6000957047636,4301.520114845716,2150.760057422858,True,False,float16,118.49631054595747,420.6218908410956
1768628468.7094731,8,574.625,943,84,4597,synthetic-7B,32,4096,32,32000,4682.264798414056,5618.717758096866,2809.358879048433,False,True,float16,265.9399359113791,291.93010763977384
1768628468.7095282,1,488.0,488,488,488,synthetic-7B,32,4096,32,32000,515.5745496226194,618.6894595471433,309.34472977357166,False,True,float16,220.66931593180323,183.2230454976176
1768628468.7095883,16,508.5625,959,98,8137,synthetic-7B,32,4096,32,32000,8094.428236955716,9713.313884346859,4856.656942173429,False,True,float16,134.00023422804946,493.36007345656725
1768628468.7096455,32,524.875,985,58,16796,synthetic-7B,32,4096,32,32000,17370.794633960213,20844.953560752256,10422.476780376128,False,False,float16,345.38545226015447,88.34421156849551
1768628468.7097056,16,541.25,983,141,8660,synthetic-7B,32,4096,32,32000,8663.234036486221,10395.880843783465,5197.9404218917325,False,True,float16,141.72883076103386,403.7804588834959
1768628468.709763,32,539.40625,996,55,17261,synthetic-7B,32,4096,32,32000,12071.360690983378,14485.632829180053,7242.816414590026,True,True,float16,281.4758457634124,415.3150049364713
1768628468.7098196,16,563.1875,897,94,9011,synthetic-7B,32,4096,32,32000,10009.133913177338,12010.960695812806,6005.480347906403,False,False,float16,126.01351008573624,278.1068913812861
1768628468.7098799,32,537.5625,938,61,17202,synthetic-7B,32,4096,32,32000,16435.587161480686,19722.704593776823,9861.352296888412,False,True,float16,487.87532343792776,279.45001102631016
1768628468.7099364,1,609.0,609,609,609,synthetic-7B,32,4096,32,32000,440.08243387406765,528.0989206488812,264.0494603244406,True,True,float16,423.76722152923423,304.6666480993717
1768628468.710015,1,686.0,686,686,686,synthetic-7B,32,4096,32,32000,746.5914416265091,895.9097299518108,447.9548649759054,False,True,float16,330.9678608913744,251.43508946594642
1768628468.7100747,8,473.625,767,99,3789,synthetic-7B,32,4096,32,32000,3721.1195451530825,4465.343454183699,2232.6717270918493,False,True,float16,154.31131410553488,23.141195471281133
1768628468.710132,16,543.5625,998,58,8697,synthetic-7B,32,4096,32,32000,9311.274678531572,11173.529614237887,5586.764807118943,False,True,float16,346.1992797528426,326.75619866985215
1768628468.7101886,16,507.8125,977,99,8125,synthetic-7B,32,4096,32,32000,8284.765516725503,9941.718620070604,4970.859310035302,False,False,float16,103.38718373251731,97.53467718934183
1768628468.7102447,32,558.59375,976,82,17875,synthetic-7B,32,4096,32,32000,18227.393893829892,21872.87267259587,10936.436336297935,False,True,float16,156.06084094164063,331.8858126050618
1768628468.710301,4,533.5,951,171,2134,synthetic-7B,32,4096,32,32000,1739.2349406279448,2087.0819287535337,1043.5409643767669,True,True,float16,261.95522295749754,421.7100405835418
1768628468.71036,4,624.75,945,89,2499,synthetic-7B,32,4096,32,32000,2931.148199357215,3517.377839228658,1758.688919614329,False,True,float16,146.08073779313565,455.42152270261175
1768628468.7104163,2,482.5,799,166,965,synthetic-7B,32,4096,32,32000,962.801809542449,1155.3621714509386,577.6810857254693,False,True,float16,366.9957191346402,137.03422191639095
1768628468.7104735,16,584.9375,954,218,9359,synthetic-7B,32,4096,32,32000,8394.382673856271,10073.259208627525,5036.629604313763,True,True,float16,225.15092771768903,409.728592820546
1768628468.7105293,16,596.5625,951,131,9545,synthetic-7B,32,4096,32,32000,8732.326223940692,10478.79146872883,5239.395734364415,False,True,float16,320.6750217072389,224.67836784883892
1768628468.7105856,4,519.25,991,189,2077,synthetic-7B,32,4096,32,32000,1221.0919518853307,1465.3103422623967,732.6551711311984,True,True,float16,410.1967369030742,349.28369470174266
1768628468.7106416,32,607.78125,987,191,19449,synthetic-7B,32,4096,32,32000,20104.19978507018,24125.039742084216,12062.519871042108,False,True,float16,371.07529413462265,358.3271612613924
1768628468.710698,8,580.25,977,216,4642,synthetic-7B,32,4096,32,32000,3683.8737968381747,4420.64855620581,2210.324278102905,True,True,float16,111.08843473677084,124.12586080929978
1768628468.7107544,16,552.125,981,72,8834,synthetic-7B,32,4096,32,32000,7596.31886028631,9115.582632343572,4557.791316171786,True,True,float16,240.37869834876622,419.15489987319853
1768628468.7108107,16,694.875,994,238,11118,synthetic-7B,32,4096,32,32000,11054.861845696276,13265.834214835531,6632.917107417766,False,True,float16,417.7096164089992,497.48325415263685
1768628468.7108667,4,412.25,933,50,1649,synthetic-7B,32,4096,32,32000,1213.056131138674,1455.6673573664086,727.8336786832043,True,True,float16,406.4805771880114,398.2633720334582
1768628468.7109232,32,452.875,879,51,14492,synthetic-7B,32,4096,32,32000,15391.393261159905,18469.671913391885,9234.835956695943,False,True,float16,111.26592677088655,35.189171781632396
1768628468.7109792,16,454.125,982,56,7266,synthetic-7B,32,4096,32,32000,7344.864642007686,8813.837570409223,4406.918785204612,False,True,float16,457.9867363086211,47.55193560299883
1768628468.71104,8,492.375,968,120,3939,synthetic-7B,32,4096,32,32000,3928.9214719394413,4714.705766327329,2357.3528831636645,False,True,float16,278.3059532112129,243.5810025402182
1768628468.7110996,2,546.5,584,509,1093,synthetic-7B,32,4096,32,32000,942.5165498924723,1131.0198598709667,565.5099299354833,True,True,float16,435.9332690643824,11.378505544282957
1768628468.7111573,16,430.375,970,87,6886,synthetic-7B,32,4096,32,32000,7722.179092917372,9266.614911500847,4633.307455750423,False,False,float16,487.2508229314389,279.87713192467777
1768628468.711214,2,329.5,548,111,659,synthetic-7B,32,4096,32,32000,687.1941391107706,824.6329669329247,412.31648346646233,False,True,float16,304.5583810307145,328.3690511763537
1768628468.7112715,2,250.5,398,103,501,synthetic-7B,32,4096,32,32000,484.38752539131156,581.2650304695738,290.6325152347869,True,True,float16,228.76776988976619,364.4815836257219
1768628468.711328,8,464.75,941,52,3718,synthetic-7B,32,4096,32,32000,3310.480307208504,3972.576368650205,1986.2881843251025,False,True,float16,430.83990960729307,198.97468335870727
1768628468.7113833,4,518.5,721,319,2074,synthetic-7B,32,4096,32,32000,2098.2861139973493,2517.943336796819,1258.9716683984095,False,True,float16,121.49091336992655,194.84628989844342
1768628468.7114398,32,465.21875,998,84,14887,synthetic-7B,32,4096,32,32000,13264.375165243815,15917.250198292577,7958.625099146288,False,True,float16,408.3778497827079,424.6707130164981
1768628468.7114959,8,423.875,754,69,3391,synthetic-7B,32,4096,32,32000,2386.679034853364,2864.014841824037,1432.0074209120185,True,True,float16,133.72931377284357,161.64966969186605
1768628468.711551,2,654.0,666,642,1308,synthetic-7B,32,4096,32,32000,1621.929171857837,1946.3150062294044,973.1575031147022,False,False,float16,175.22629019702646,384.71850903378515
1768628468.7116067,1,402.0,402,402,402,synthetic-7B,32,4096,32,32000,399.6161257743824,479.53935092925883,239.76967546462942,False,True,float16,249.82872743662767,273.60031042296646
1768628468.7116623,8,382.875,900,164,3063,synthetic-7B,32,4096,32,32000,2998.8315796193992,3598.597895543279,1799.2989477716394,True,True,float16,140.71308907291055,499.96387268483596
1768628468.7117188,8,642.75,947,307,5142,synthetic-7B,32,4096,32,32000,5521.6101404846995,6625.932168581639,3312.9660842908197,False,True,float16,373.0414251324822,141.3266444662916
1768628468.7117794,1,400.0,400,400,400,synthetic-7B,32,4096,32,32000,365.7031931900199,438.84383182802384,219.42191591401192,False,True,float16,356.9800066670742,286.4859511575227
1768628468.7118366,4,641.5,883,435,2566,synthetic-7B,32,4096,32,32000,3097.031294114186,3716.437552937023,1858.2187764685116,False,True,float16,202.36068253932626,281.9080081410029
1768628468.7118936,8,338.0,878,64,2704,synthetic-7B,32,4096,32,32000,2855.440598760651,3426.5287185127813,1713.2643592563907,False,True,float16,396.77051137624863,446.32186177145996
1768628468.7119496,16,499.4375,968,70,7991,synthetic-7B,32,4096,32,32000,8601.560641588097,10321.872769905716,5160.936384952858,False,True,float16,364.9118169308646,432.21477137779465
1768628468.7120054,1,390.0,390,390,390,synthetic-7B,32,4096,32,32000,299.36867221123566,359.24240665348276,179.62120332674138,True,True,float16,148.9746733511669,163.51863462088278
1768628468.7120616,32,563.5625,985,61,18034,synthetic-7B,32,4096,32,32000,18596.193473580992,22315.43216829719,11157.716084148595,False,False,float16,340.00201843256923,85.83324156769314
1768628468.7121167,1,418.0,418,418,418,synthetic-7B,32,4096,32,32000,464.33940286047454,557.2072834325694,278.6036417162847,False,False,float16,443.35370003715985,295.48732343299025
1768628468.712173,4,671.25,974,376,2685,synthetic-7B,32,4096,32,32000,2762.9229172586915,3315.5075007104297,1657.7537503552148,False,True,float16,162.1926699048025,371.4719782120206
1768628468.7122288,32,501.15625,941,57,16037,synthetic-7B,32,4096,32,32000,14495.335143435721,17394.402172122864,8697.201086061432,True,True,float16,433.32353720845435,10.619848069396449
1768628468.7122889,2,410.5,465,356,821,synthetic-7B,32,4096,32,32000,858.0114805102139,1029.6137766122567,514.8068883061284,False,True,float16,235.5132295651338,388.9855142435141
1768628468.7123446,16,515.1875,963,51,8243,synthetic-7B,32,4096,32,32000,8988.655008032583,10786.3860096391,5393.19300481955,False,True,float16,399.714951036923,57.91177081721166
1768628468.7123992,16,503.125,955,73,8050,synthetic-7B,32,4096,32,32000,4373.951150064844,5248.741380077813,2624.3706900389066,True,True,float16,230.80075119500668,131.3580536060738
1768628468.7124596,8,488.0,760,153,3904,synthetic-7B,32,4096,32,32000,2527.3967175952716,3032.8760611143257,1516.4380305571628,True,True,float16,241.94131591800408,38.78728873125474
1768628468.712516,2,574.0,929,219,1148,synthetic-7B,32,4096,32,32000,856.5985115606178,1027.9182138727413,513.9591069363706,True,True,float16,195.14869482279184,460.7192855244304
1768628468.7125735,16,509.3125,900,84,8149,synthetic-7B,32,4096,32,32000,7522.0692631321635,9026.483115758596,4513.241557879298,False,True,float16,217.722163758646,175.8139228152842
1768628468.7126305,1,370.0,370,370,370,synthetic-7B,32,4096,32,32000,401.11204096409796,481.3344491569175,240.66722457845876,False,False,float16,144.5269831535665,135.11254111656837
1768628468.7126858,16,449.9375,977,111,7199,synthetic-7B,32,4096,32,32000,5510.431224384217,6612.51746926106,3306.25873463053,True,True,float16,383.9116527321438,325.92577803399314
1768628468.7127416,32,478.96875,983,64,15327,synthetic-7B,32,4096,32,32000,17747.51195773588,21297.014349283054,10648.507174641527,False,True,float16,388.4564406232744,294.80822041775343
1768628468.712799,8,602.875,938,147,4823,synthetic-7B,32,4096,32,32000,4720.147094651952,5664.1765135823425,2832.0882567911713,False,True,float16,342.2605192276868,71.86756651963452
1768628468.712859,32,595.3125,972,139,19050,synthetic-7B,32,4096,32,32000,18317.0857078789,21980.502849454682,10990.251424727341,False,True,float16,340.2732397691079,366.1073145072518
1768628468.712916,32,495.8125,987,92,15866,synthetic-7B,32,4096,32,32000,16265.460399929561,19518.552479915474,9759.276239957737,False,True,float16,382.8831496089557,187.9846420412484
1768628468.712987,4,429.75,869,101,1719,synthetic-7B,32,4096,32,32000,1696.2397615429154,2035.4877138514985,1017.7438569257492,False,True,float16,449.1246281789206,353.0424409554255
1768628468.713045,16,436.5,900,53,6984,synthetic-7B,32,4096,32,32000,4928.976510356523,5914.771812427828,2957.385906213914,True,True,float16,266.21446746823403,399.1663140834612
1768628468.7131019,4,637.0,749,428,2548,synthetic-7B,32,4096,32,32000,2024.8627148976211,2429.835257877145,1214.9176289385725,True,True,float16,167.88688286155633,477.85145229763225
1768628468.7131567,16,481.875,836,105,7710,synthetic-7B,32,4096,32,32000,6681.385279018804,8017.662334822564,4008.831167411282,False,True,float16,342.68058663069866,439.39769275913443
1768628468.7132168,2,614.0,683,545,1228,synthetic-7B,32,4096,32,32000,1385.1361190621908,1662.1633428746288,831.0816714373144,False,True,float16,247.71018949678964,116.53255003990958
1768628468.7132728,4,629.0,717,475,2516,synthetic-7B,32,4096,32,32000,2802.4075134026743,3362.8890160832093,1681.4445080416046,False,False,float16,216.21627603176967,26.175636601603134
1768628468.7133288,1,910.0,910,910,910,synthetic-7B,32,4096,32,32000,998.3280247221142,1197.993629666537,598.9968148332684,False,True,float16,409.52509015582785,102.61351541083528
1768628468.7133844,16,461.0625,953,90,7377,synthetic-7B,32,4096,32,32000,7582.590444853954,9099.108533824745,4549.554266912372,False,True,float16,306.8602391763197,331.88163482156284
1768628468.7134402,32,545.125,980,63,17444,synthetic-7B,32,4096,32,32000,17016.668787839026,20420.00254540683,10210.001272703415,False,True,float16,209.45155553860246,180.25433135583438
1768628468.7134972,2,609.5,951,268,1219,synthetic-7B,32,4096,32,32000,920.0324282446643,1104.038913893597,552.0194569467985,True,True,float16,426.83733033655113,322.5807329483551
1768628468.7135534,32,486.15625,865,54,15557,synthetic-7B,32,4096,32,32000,14485.07862360255,17382.09434832306,8691.04717416153,False,True,float16,465.1047639325344,275.8811636522014
1768628468.7136142,4,406.5,688,61,1626,synthetic-7B,32,4096,32,32000,1761.9222785645131,2114.3067342774157,1057.1533671387078,False,True,float16,203.99107589607812,432.8624904363278
1768628468.713674,8,639.75,885,205,5118,synthetic-7B,32,4096,32,32000,5358.175197568886,6429.810237082663,3214.9051185413314,False,False,float16,354.1458607021151,76.89505628453699
1768628468.7137303,8,419.25,865,53,3354,synthetic-7B,32,4096,32,32000,2606.3967748527934,3127.676129823352,1563.838064911676,True,True,float16,473.4018124341683,391.0717205922346
1768628468.713786,1,351.0,351,351,351,synthetic-7B,32,4096,32,32000,378.62659299461706,454.3519115935405,227.17595579677024,False,False,float16,349.9776285908404,184.90119101455713
1768628468.7138426,16,653.0625,986,128,10449,synthetic-7B,32,4096,32,32000,7617.483911404334,9140.9806936852,4570.4903468426,True,False,float16,474.0359317553449,352.85438421288706
1768628468.713902,8,518.875,781,269,4151,synthetic-7B,32,4096,32,32000,3464.8783060704613,4157.853967284554,2078.926983642277,True,True,float16,304.8916099624866,203.11519685797694
1768628468.7139592,1,220.0,220,220,220,synthetic-7B,32,4096,32,32000,229.10855085960043,274.9302610315205,137.46513051576025,False,False,float16,143.73150401673817,481.8162459529399
1768628468.71403,1,787.0,787,787,787,synthetic-7B,32,4096,32,32000,804.3537752809381,965.2245303371257,482.6122651685628,False,True,float16,178.12362961836197,251.05750890131196
1768628468.7140875,4,805.75,982,602,3223,synthetic-7B,32,4096,32,32000,3165.2208680749973,3798.2650416899965,1899.1325208449982,False,False,float16,388.902888380094,379.6756910898799
1768628468.7141438,32,613.6875,968,87,19638,synthetic-7B,32,4096,32,32000,20755.843246088443,24907.011895306132,12453.505947653066,False,True,float16,399.55528668153966,443.183119084531
1768628468.7141995,1,157.0,157,157,157,synthetic-7B,32,4096,32,32000,146.8297029154689,176.1956434985627,88.09782174928135,False,True,float16,361.38551299800037,242.8782889866733
1768628468.714256,16,436.75,963,54,6988,synthetic-7B,32,4096,32,32000,5374.0190348528085,6448.82284182337,3224.411420911685,True,True,float16,382.49998458692,447.43993103523684
1768628468.7143118,2,507.5,940,75,1015,synthetic-7B,32,4096,32,32000,937.6619645453774,1125.1943574544528,562.5971787272264,False,True,float16,456.9263049010194,53.9370011870991
1768628468.7143686,2,452.0,626,278,904,synthetic-7B,32,4096,32,32000,1030.294839349083,1236.3538072188996,618.1769036094498,False,True,float16,203.7567977612451,137.27356334236708
1768628468.714425,2,463.0,466,460,926,synthetic-7B,32,4096,32,32000,1006.6173519065102,1207.9408222878121,603.9704111439061,False,True,float16,318.22740158627556,232.67342604170483
1768628468.7144809,16,588.5,987,89,9416,synthetic-7B,32,4096,32,32000,6779.412986197558,8135.29558343707,4067.647791718535,True,True,float16,289.8090365335221,367.9657842500848
1768628468.714537,4,684.5,976,369,2738,synthetic-7B,32,4096,32,32000,3260.799105877848,3912.9589270534175,1956.4794635267087,False,True,float16,353.89844222349745,259.6133546933782
1768628468.7145965,16,541.9375,990,71,8671,synthetic-7B,32,4096,32,32000,8706.105228338429,10447.326274006115,5223.663137003057,False,True,float16,314.7194884252924,326.34154328663
1768628468.7146537,4,646.5,945,115,2586,synthetic-7B,32,4096,32,32000,1865.628023400558,2238.7536280806694,1119.3768140403347,True,True,float16,118.41927482361302,200.0758663994534
1768628468.714709,16,520.1875,885,75,8323,synthetic-7B,32,4096,32,32000,6366.572820740962,7639.887384889154,3819.943692444577,True,True,float16,145.31611163183143,359.36605225315054
1768628468.714765,1,828.0,828,828,828,synthetic-7B,32,4096,32,32000,950.986022895133,1141.1832274741596,570.5916137370798,False,True,float16,200.41146813627432,222.2144348638998
1768628468.7148252,32,500.0,924,60,16000,synthetic-7B,32,4096,32,32000,16959.599010170434,20351.51881220452,10175.75940610226,False,True,float16,249.15235856150971,187.60246081548343
1768628468.7148829,16,519.375,930,119,8310,synthetic-7B,32,4096,32,32000,10109.45292471241,12131.343509654891,6065.6717548274455,False,True,float16,255.989277653708,390.73245939223926
1768628468.7149398,32,497.84375,957,56,15931,synthetic-7B,32,4096,32,32000,11332.346478501759,13598.81577420211,6799.407887101055,True,True,float16,352.27980829043037,340.6123695760651
1768628468.7150002,1,878.0,878,878,878,synthetic-7B,32,4096,32,32000,852.4090741387394,1022.8908889664872,511.4454444832436,False,True,float16,296.75008219652034,322.82810733323555
1768628468.7150571,2,159.0,168,150,318,synthetic-7B,32,4096,32,32000,345.95990224580066,415.15188269496076,207.57594134748038,False,True,float16,210.89315754501285,35.03506800217875
1768628468.715113,32,579.125,988,56,18532,synthetic-7B,32,4096,32,32000,18004.380510962652,21605.256613155183,10802.628306577592,False,True,float16,241.02529084111387,304.42827826583067
1768628468.715169,4,790.75,919,695,3163,synthetic-7B,32,4096,32,32000,3060.6613660388534,3672.793639246624,1836.396819623312,False,False,float16,370.5315780359761,489.3316161226023
1768628468.7152245,1,679.0,679,679,679,synthetic-7B,32,4096,32,32000,694.6894691790793,833.6273630148952,416.8136815074476,False,False,float16,115.16631088702445,417.9309488172193
1768628468.7152803,2,434.5,758,111,869,synthetic-7B,32,4096,32,32000,690.2921393964505,828.3505672757406,414.1752836378703,True,True,float16,212.36499331299146,91.92385416265627
1768628468.7153404,32,563.40625,976,87,18029,synthetic-7B,32,4096,32,32000,14224.7711439428,17069.72537273136,8534.86268636568,True,True,float16,339.95109418944605,108.88750972083132
1768628468.7153964,1,649.0,649,649,649,synthetic-7B,32,4096,32,32000,670.5020852150003,804.6025022580003,402.30125112900015,False,True,float16,431.56630166987145,331.5837297526491
1768628468.7154517,1,274.0,274,274,274,synthetic-7B,32,4096,32,32000,211.84601312508482,254.21521575010178,127.10760787505089,True,False,float16,136.15789711260078,29.78522496751121
1768628468.715508,16,520.5,949,131,8328,synthetic-7B,32,4096,32,32000,9701.59743806974,11641.916925683689,5820.958462841844,False,True,float16,458.75255669632827,279.38269301784135
1768628468.715563,8,602.375,952,121,4819,synthetic-7B,32,4096,32,32000,3535.6978449737626,4242.837413968515,2121.4187069842574,True,True,float16,102.67341257426801,55.71783188109283
1768628468.7156193,16,510.9375,998,81,8175,synthetic-7B,32,4096,32,32000,8232.406739768425,9878.888087722109,4939.4440438610545,False,True,float16,189.99241400538472,115.78477947036808
1768628468.715675,2,240.5,315,166,481,synthetic-7B,32,4096,32,32000,302.1153883510433,362.53846602125196,181.26923301062598,True,False,float16,451.0444932377579,365.74697599201477
1768628468.71574,4,441.75,793,63,1767,synthetic-7B,32,4096,32,32000,1833.1932764374224,2199.8319317249066,1099.9159658624533,False,True,float16,145.08149416357,118.95102774114243
1768628468.715798,32,515.84375,996,74,16507,synthetic-7B,32,4096,32,32000,13507.801088300164,16209.361305960196,8104.680652980098,True,True,float16,200.56841723330155,151.16999364829738
1768628468.715853,16,538.6875,987,110,8619,synthetic-7B,32,4096,32,32000,8126.741293041992,9752.08955165039,4876.044775825195,False,True,float16,452.36593353610107,28.88772311824301
1768628468.7159088,16,551.1875,939,111,8819,synthetic-7B,32,4096,32,32000,8444.109809734227,10132.931771681073,5066.465885840536,False,False,float16,315.1382707528152,226.88660942490077
1768628468.7159653,4,856.5,951,804,3426,synthetic-7B,32,4096,32,32000,3243.971689128225,3892.76602695387,1946.383013476935,False,True,float16,176.7528314131288,38.65674948243664
1768628468.7160244,16,571.9375,974,128,9151,synthetic-7B,32,4096,32,32000,8968.627574657232,10762.353089588678,5381.176544794339,False,True,float16,246.66603702194206,347.1008989720203
1768628468.7160807,8,528.75,935,156,4230,synthetic-7B,32,4096,32,32000,3133.3135747115457,3759.9762896538546,1879.9881448269273,True,True,float16,396.4215939901988,433.3761103363281
1768628468.7161357,8,564.25,999,94,4514,synthetic-7B,32,4096,32,32000,4771.4217420912155,5725.706090509459,2862.8530452547293,False,True,float16,193.8602984921967,18.006715162165804
1768628468.71619,8,448.375,588,238,3587,synthetic-7B,32,4096,32,32000,2008.1590736674004,2409.7908884008802,1204.8954442004401,True,True,float16,210.81039862687442,233.36101403324193
1768628468.716245,1,619.0,619,619,619,synthetic-7B,32,4096,32,32000,637.3527193584675,764.823263230161,382.4116316150805,False,True,float16,130.33800682842445,297.6893185455683
1768628468.716306,8,609.0,883,56,4872,synthetic-7B,32,4096,32,32000,3612.963311590179,4335.555973908215,2167.7779869541073,True,False,float16,496.1745587350394,315.2297550588928
1768628468.716361,8,780.375,998,456,6243,synthetic-7B,32,4096,32,32000,7287.5020885102695,8745.002506212322,4372.501253106161,False,True,float16,424.8071093348957,498.82309888584615
1768628468.7164176,1,865.0,865,865,865,synthetic-7B,32,4096,32,32000,586.4774941712639,703.7729930055166,351.8864965027583,True,False,float16,272.5051420381846,210.26854361916637
1768628468.716473,2,638.5,689,588,1277,synthetic-7B,32,4096,32,32000,1024.0426815979233,1228.851217917508,614.425608958754,False,True,float16,274.67462393463177,202.9309548714958
1768628468.716533,2,633.5,684,583,1267,synthetic-7B,32,4096,32,32000,1114.2683500485575,1337.122020058269,668.5610100291345,False,False,float16,224.98194761831587,38.09175479889205
1768628468.7165933,16,477.0625,974,67,7633,synthetic-7B,32,4096,32,32000,6231.909597855434,7478.291517426521,3739.1457587132604,True,True,float16,412.17527962970166,468.51556338190795
1768628468.71665,8,552.5,891,80,4420,synthetic-7B,32,4096,32,32000,4442.081194883663,5330.497433860395,2665.2487169301976,False,True,float16,180.68676768683684,332.42807511493595
1768628468.716706,32,496.40625,927,84,15885,synthetic-7B,32,4096,32,32000,12022.065444396503,14426.478533275804,7213.239266637902,True,True,float16,158.05617467208202,257.44288989862173
1768628468.7167664,2,708.5,889,528,1417,synthetic-7B,32,4096,32,32000,1682.2138100539821,2018.6565720647784,1009.3282860323892,False,True,float16,372.8455663465693,224.11687376491454
1768628468.7168236,16,414.3125,985,151,6629,synthetic-7B,32,4096,32,32000,4766.457931987962,5719.749518385554,2859.874759192777,True,True,float16,252.8583299185188,388.6048267222242
1768628468.7168808,32,534.96875,979,71,17119,synthetic-7B,32,4096,32,32000,18278.32822689957,21933.993872279487,10966.996936139743,False,False,float16,461.38272360544545,424.08388164858036
1768628468.7169366,32,593.1875,983,86,18982,synthetic-7B,32,4096,32,32000,17500.679573015845,21000.815487619013,10500.407743809506,True,True,float16,331.7117779741361,49.74622184372508
1768628468.7170079,8,484.75,816,85,3878,synthetic-7B,32,4096,32,32000,4315.353133196772,5178.423759836127,2589.2118799180635,False,True,float16,106.77812382809604,147.35789490986636
1768628468.7170646,8,644.25,925,286,5154,synthetic-7B,32,4096,32,32000,5189.620473411722,6227.544568094066,3113.772284047033,False,True,float16,420.19267122005664,367.65081602419303
1768628468.7171214,2,144.0,210,78,288,synthetic-7B,32,4096,32,32000,316.42809553219377,379.7137146386325,189.85685731931625,False,True,float16,130.44866710356686,42.60568868075733
1768628468.7171774,4,336.0,396,294,1344,synthetic-7B,32,4096,32,32000,1439.5198404484333,1727.42380853812,863.71190426906,False,True,float16,242.7944971493897,349.49590274599854
1768628468.7172344,16,659.5,914,129,10552,synthetic-7B,32,4096,32,32000,11344.087666264126,13612.90519951695,6806.452599758475,False,True,float16,249.6391588388797,340.7952505257982
1768628468.7172904,32,507.375,990,66,16236,synthetic-7B,32,4096,32,32000,17626.077472754845,21151.292967305813,10575.646483652907,False,True,float16,359.2976028641909,410.9992694112793
1768628468.717347,1,580.0,580,580,580,synthetic-7B,32,4096,32,32000,574.7703095784065,689.7243714940877,344.86218574704384,False,True,float16,441.1374665286518,454.01718709675634
1768628468.7174034,2,282.0,413,151,564,synthetic-7B,32,4096,32,32000,572.7886339194386,687.3463607033262,343.6731803516631,False,True,float16,355.48564078074594,316.27563833682
1768628468.7174637,16,444.4375,838,134,7111,synthetic-7B,32,4096,32,32000,5160.831137216551,6192.997364659861,3096.4986823299305,True,True,float16,181.6226781533094,374.872925349932
1768628468.7175229,8,515.0,880,174,4120,synthetic-7B,32,4096,32,32000,2907.6385296366834,3489.16623556402,1744.58311778201,True,False,float16,342.11368133443216,212.04113613632117
1768628468.7175827,1,613.0,613,613,613,synthetic-7B,32,4096,32,32000,599.4893647328382,719.3872376794059,359.69361883970294,False,True,float16,167.17618278404083,66.98688180939627
1768628468.7176392,8,502.875,978,119,4023,synthetic-7B,32,4096,32,32000,3254.8827463302127,3905.859295596255,1952.9296477981275,True,False,float16,148.38562685350075,12.751279342466155
1768628468.7176955,4,721.25,862,505,2885,synthetic-7B,32,4096,32,32000,2803.838274580346,3364.6059294964152,1682.3029647482076,False,True,float16,123.63046443965132,437.1766818526413
1768628468.7177517,32,519.59375,923,90,16627,synthetic-7B,32,4096,32,32000,11317.106741086518,13580.528089303822,6790.264044651911,True,True,float16,196.85241100167113,78.6141005763898
1768628468.7178075,4,517.5,930,165,2070,synthetic-7B,32,4096,32,32000,1772.0432022714933,2126.4518427257917,1063.2259213628959,True,True,float16,148.09344650458823,151.661380082047
1768628468.7178633,1,715.0,715,715,715,synthetic-7B,32,4096,32,32000,850.3119506685583,1020.3743408022699,510.18717040113495,False,True,float16,303.7255292211203,40.594424585721896
1768628468.7179193,2,478.5,784,173,957,synthetic-7B,32,4096,32,32000,931.2818361759249,1117.5382034111099,558.7691017055549,False,True,float16,180.8105106665905,325.3988844355261
1768628468.7179756,8,530.5,953,91,4244,synthetic-7B,32,4096,32,32000,3609.511051272645,4331.413261527174,2165.706630763587,True,False,float16,445.11626947264386,338.3624612007621
1768628468.718044,8,361.625,922,126,2893,synthetic-7B,32,4096,32,32000,3511.803401180884,4214.1640814170605,2107.0820407085303,False,True,float16,330.1736407071468,240.19102675125836
1768628468.7181005,8,661.25,981,220,5290,synthetic-7B,32,4096,32,32000,5270.876916785609,6325.052300142731,3162.5261500713655,False,False,float16,211.594648110378,322.78305394297143
1768628468.7181633,2,384.0,429,339,768,synthetic-7B,32,4096,32,32000,842.3864296563856,1010.8637155876627,505.43185779383134,False,False,float16,132.86027064306973,495.9982110559287
1768628468.71822,1,583.0,583,583,583,synthetic-7B,32,4096,32,32000,471.9864694958776,566.383763395053,283.1918816975265,True,True,float16,397.61094440681796,223.259874696843
1768628468.718276,1,107.0,107,107,107,synthetic-7B,32,4096,32,32000,89.48378952984527,107.38054743581432,53.69027371790716,True,True,float16,426.7141270830551,334.4445744214514
1768628468.7183316,1,699.0,699,699,699,synthetic-7B,32,4096,32,32000,480.70813894387754,576.849766732653,288.4248833663265,True,True,float16,174.8348407453718,341.22690547379955
1768628468.7183871,8,407.875,744,118,3263,synthetic-7B,32,4096,32,32000,2822.089881283985,3386.507857540782,1693.253928770391,True,True,float16,191.7857485545388,307.3901259884835
1768628468.7184436,4,407.75,752,87,1631,synthetic-7B,32,4096,32,32000,1520.6967849305954,1824.8361419167145,912.4180709583572,False,False,float16,232.1700760511923,310.0867229121964
1768628468.7184987,2,513.5,935,92,1027,synthetic-7B,32,4096,32,32000,940.167954134059,1128.2015449608707,564.1007724804354,False,False,float16,343.0047093833695,350.66568613764264
1768628468.718555,4,325.25,492,104,1301,synthetic-7B,32,4096,32,32000,1193.046401540742,1431.6556818488903,715.8278409244451,False,True,float16,244.96407589383224,48.9752247036425
1768628468.7186112,16,532.75,938,60,8524,synthetic-7B,32,4096,32,32000,7844.957750529268,9413.949300635122,4706.974650317561,False,True,float16,434.6878871880469,241.60601013603468
1768628468.7186658,1,791.0,791,791,791,synthetic-7B,32,4096,32,32000,812.2692091681046,974.7230510017255,487.36152550086274,False,True,float16,462.03453804239393,274.4710696716548
1768628468.7187233,16,401.375,952,65,6422,synthetic-7B,32,4096,32,32000,5330.515488861051,6396.618586633262,3198.309293316631,True,False,float16,118.39709740989726,176.27934534477993
1768628468.7187784,16,563.6875,985,140,9019,synthetic-7B,32,4096,32,32000,6713.714845085291,8056.4578141023485,4028.2289070511742,True,False,float16,154.40950359885179,473.81529752960694
1768628468.718835,32,503.71875,997,79,16119,synthetic-7B,32,4096,32,32000,12314.770590495618,14777.724708594742,7388.862354297371,True,False,float16,494.4715288109702,202.64086686239165
1768628468.718894,1,366.0,366,366,366,synthetic-7B,32,4096,32,32000,267.19782495871596,320.6373899504591,160.31869497522956,True,True,float16,194.0636065016369,117.65247133123954
1768628468.718954,8,457.375,930,68,3659,synthetic-7B,32,4096,32,32000,3065.044534011144,3678.053440813373,1839.0267204066865,True,True,float16,218.3381780941604,319.6141072196634
1768628468.7190099,1,688.0,688,688,688,synthetic-7B,32,4096,32,32000,490.1040140626727,588.1248168752072,294.0624084376036,True,False,float16,317.9463318023893,263.10565352269873
1768628468.719066,4,533.25,920,93,2133,synthetic-7B,32,4096,32,32000,1353.3670616162667,1624.04047393952,812.02023696976,True,True,float16,340.89646494073077,83.2562744114721
1768628468.719121,1,744.0,744,744,744,synthetic-7B,32,4096,32,32000,705.8682370318307,847.0418844381969,423.52094221909846,False,True,float16,298.2755847525581,186.82689380189944
1768628468.7191777,8,616.875,947,307,4935,synthetic-7B,32,4096,32,32000,4318.143389572975,5181.77206748757,2590.886033743785,False,True,float16,259.0486498000947,105.18589644152208
1768628468.7192335,16,575.125,916,82,9202,synthetic-7B,32,4096,32,32000,8754.700634603203,10505.640761523844,5252.820380761922,False,True,float16,336.24017939642806,95.36435050957292
1768628468.7192893,16,496.0625,920,94,7937,synthetic-7B,32,4096,32,32000,5999.053577101646,7198.864292521975,3599.4321462609873,True,True,float16,358.1893026061824,258.2717109386774
1768628468.7193463,16,498.9375,993,139,7983,synthetic-7B,32,4096,32,32000,6872.917065667387,8247.500478800865,4123.750239400432,True,False,float16,487.7533374710491,190.2448731658794
1768628468.719402,1,963.0,963,963,963,synthetic-7B,32,4096,32,32000,871.876724608127,1046.2520695297524,523.1260347648762,False,False,float16,340.4709505848108,199.46016667748796
1768628468.7194583,1,75.0,75,75,75,synthetic-7B,32,4096,32,32000,66.39727684513247,79.67673221415896,39.83836610707948,True,False,float16,110.70724473642133,140.8476032855505
1768628468.7195144,16,447.25,930,76,7156,synthetic-7B,32,4096,32,32000,6561.314873232181,7873.577847878616,3936.788923939308,False,True,float16,212.36114995825716,27.370876153052645
1768628468.719573,16,619.1875,996,140,9907,synthetic-7B,32,4096,32,32000,11384.479063585437,13661.374876302523,6830.687438151262,False,True,float16,462.90435484538335,392.3768144391916
1768628468.7196324,32,502.28125,922,52,16073,synthetic-7B,32,4096,32,32000,11285.92534408155,13543.11041289786,6771.55520644893,True,True,float16,484.23964540388755,356.81582709942205
1768628468.7196884,32,517.84375,979,61,16571,synthetic-7B,32,4096,32,32000,18700.67549617046,22440.810595404553,11220.405297702277,False,True,float16,199.91288875478472,95.67247917036843
1768628468.719744,16,525.5,990,96,8408,synthetic-7B,32,4096,32,32000,6687.686758511853,8025.224110214223,4012.6120551071117,True,True,float16,210.59177241037324,90.66314461041604
1768628468.7197993,2,528.0,943,113,1056,synthetic-7B,32,4096,32,32000,815.2423114249767,978.290773709972,489.145386854986,True,False,float16,237.3274249786284,28.755048776536395
1768628468.7198553,4,343.25,699,50,1373,synthetic-7B,32,4096,32,32000,1393.6554052797717,1672.386486335726,836.193243167863,False,False,float16,260.41694206283233,133.9663637770932
1768628468.7199106,2,444.5,825,64,889,synthetic-7B,32,4096,32,32000,725.4019596137646,870.4823515365175,435.24117576825876,True,True,float16,445.2330548235259,148.9900702572172
1768628468.7199655,1,554.0,554,554,554,synthetic-7B,32,4096,32,32000,572.148529044237,686.5782348530844,343.2891174265422,False,True,float16,143.97504457228564,110.0363095344686
1768628468.720021,16,558.3125,944,59,8933,synthetic-7B,32,4096,32,32000,8640.782977631945,10368.939573158334,5184.469786579167,False,False,float16,122.44310816691639,44.610406009717465
1768628468.720078,1,327.0,327,327,327,synthetic-7B,32,4096,32,32000,351.42229781412374,421.7067573769485,210.85337868847424,False,True,float16,307.0255478643223,215.14027374835348
1768628468.7201345,16,390.9375,823,99,6255,synthetic-7B,32,4096,32,32000,7539.066463639872,9046.879756367847,4523.439878183924,False,True,float16,228.1575719748318,133.14860513989606
1768628468.7201953,16,545.5,987,79,8728,synthetic-7B,32,4096,32,32000,9004.777736430455,10805.733283716545,5402.8666418582725,False,True,float16,495.0834482112899,300.07042584884505
1768628468.7202554,8,281.25,876,53,2250,synthetic-7B,32,4096,32,32000,2314.0334268139927,2776.840112176791,1388.4200560883955,False,True,float16,252.79102763766673,429.2970818036542
1768628468.7203152,8,352.875,753,58,2823,synthetic-7B,32,4096,32,32000,2979.042300663438,3574.850760796125,1787.4253803980625,False,True,float16,124.16178815505559,250.62503923102523
1768628468.7203715,1,477.0,477,477,477,synthetic-7B,32,4096,32,32000,401.35735316159094,481.6288237939091,240.81441189695454,True,True,float16,111.49059688923191,207.9573875376687
1768628468.7204278,4,508.25,761,134,2033,synthetic-7B,32,4096,32,32000,2081.158906586602,2497.3906879039223,1248.6953439519611,False,True,float16,404.2188435268402,371.58541168757654
1768628468.720484,2,288.0,333,243,576,synthetic-7B,32,4096,32,32000,680.1689605245305,816.2027526294365,408.10137631471827,False,True,float16,353.471752720843,349.01816755672564
1768628468.720541,8,400.375,789,153,3203,synthetic-7B,32,4096,32,32000,3770.6563861699924,4524.78766340399,2262.393831701995,False,True,float16,489.55928252224675,45.08819634816058
1768628468.7205982,32,443.1875,981,75,14182,synthetic-7B,32,4096,32,32000,13529.159122279632,16234.990946735557,8117.495473367779,False,True,float16,401.5770052888793,357.4670273338833
1768628468.720656,32,411.71875,995,59,13175,synthetic-7B,32,4096,32,32000,13356.173349386116,16027.408019263337,8013.704009631669,False,False,float16,418.80744647493515,335.2619580012428
1768628468.7207112,2,838.5,965,712,1677,synthetic-7B,32,4096,32,32000,1670.250726093801,2004.300871312561,1002.1504356562805,False,True,float16,381.0160193700949,421.5607669684208
1768628468.7207682,1,217.0,217,217,217,synthetic-7B,32,4096,32,32000,196.46087057180685,235.7530446861682,117.8765223430841,False,True,float16,198.56632699182495,374.9303483199841
1768628468.7208245,16,510.5,989,58,8168,synthetic-7B,32,4096,32,32000,8535.60046966712,10242.720563600544,5121.360281800272,False,True,float16,416.2510379475916,375.62550620499815
1768628468.7208807,1,775.0,775,775,775,synthetic-7B,32,4096,32,32000,737.2912440164973,884.7494928197967,442.37474640989836,False,True,float16,223.87737965783782,246.483143788406
1768628468.720937,4,576.5,868,82,2306,synthetic-7B,32,4096,32,32000,2103.3228585689753,2523.98743028277,1261.993715141385,False,True,float16,444.4010543679167,242.5031037539171
1768628468.7210076,2,447.0,676,218,894,synthetic-7B,32,4096,32,32000,818.9913423794467,982.7896108553359,491.39480542766796,False,False,float16,360.6161969231806,398.1547259335578
1768628468.7210696,32,517.9375,936,59,16574,synthetic-7B,32,4096,32,32000,16271.703289722465,19526.043947666956,9763.021973833478,False,False,float16,432.55276300826415,79.436499872714
1768628468.7211266,4,564.75,991,295,2259,synthetic-7B,32,4096,32,32000,2459.6754110508373,2951.6104932610046,1475.8052466305023,False,False,float16,120.87877029103211,24.26615889018033
1768628468.7211833,1,597.0,597,597,597,synthetic-7B,32,4096,32,32000,608.4088029275835,730.0905635131002,365.0452817565501,False,True,float16,488.1434807872489,261.37518043148225
1768628468.7212398,2,173.0,256,90,346,synthetic-7B,32,4096,32,32000,308.3789593406446,370.0547512087735,185.02737560438675,True,True,float16,127.55649782118068,435.46995888641294
1768628468.7212958,32,492.625,989,63,15764,synthetic-7B,32,4096,32,32000,16187.686679273811,19425.224015128573,9712.612007564287,False,True,float16,438.00531788736873,304.0529916067766
1768628468.721352,1,436.0,436,436,436,synthetic-7B,32,4096,32,32000,348.4876832621591,418.18521991459096,209.09260995729548,True,True,float16,416.2449971175271,341.84724150285354
1768628468.7214084,4,488.5,639,360,1954,synthetic-7B,32,4096,32,32000,1897.3306628569744,2276.796795428369,1138.3983977141845,False,True,float16,219.61142483347095,231.57347724033244
1768628468.7214632,8,601.375,931,409,4811,synthetic-7B,32,4096,32,32000,5120.902027086297,6145.0824325035555,3072.5412162517778,False,False,float16,145.73148050865203,376.76304746442105
1768628468.7215197,16,558.3125,970,79,8933,synthetic-7B,32,4096,32,32000,10808.925050963035,12970.710061155642,6485.355030577821,False,True,float16,487.4303717510783,147.5004620672731
1768628468.7215858,4,383.25,774,69,1533,synthetic-7B,32,4096,32,32000,1337.6010549291675,1605.121265915001,802.5606329575005,False,True,float16,399.59030942314945,391.6927690568567
1768628468.7216418,1,770.0,770,770,770,synthetic-7B,32,4096,32,32000,698.6443020246332,838.3731624295599,419.18658121477995,False,False,float16,129.38068073204641,378.75609530256133
1768628468.7216978,8,709.625,979,226,5677,synthetic-7B,32,4096,32,32000,4493.862395557766,5392.634874669319,2696.3174373346596,False,True,float16,190.94611544345508,402.229244506615
1768628468.721756,4,580.25,967,377,2321,synthetic-7B,32,4096,32,32000,1589.527344596093,1907.4328135153114,953.7164067576557,True,True,float16,443.9918198298686,292.32571563161093
1768628468.7218127,32,458.40625,969,58,14669,synthetic-7B,32,4096,32,32000,13409.921443921738,16091.905732706084,8045.952866353042,False,True,float16,315.5840429365079,385.06342411497803
1768628468.7218685,1,526.0,526,526,526,synthetic-7B,32,4096,32,32000,531.3836787319923,637.6604144783907,318.8302072391954,False,True,float16,260.9470115389292,80.99903330004909
1768628468.7219245,2,645.0,849,441,1290,synthetic-7B,32,4096,32,32000,1323.9337765121409,1588.720531814569,794.3602659072845,False,True,float16,301.66284158150654,141.34733643098355
1768628468.7220006,1,103.0,103,103,103,synthetic-7B,32,4096,32,32000,106.36855806480197,127.64226967776236,63.82113483888118,False,True,float16,237.44230807119885,401.58702342550777
1768628468.7220616,8,565.375,985,223,4523,synthetic-7B,32,4096,32,32000,3082.7132291588923,3699.2558749906707,1849.6279374953353,True,True,float16,227.26876707685793,186.8521703111279
1768628468.7221184,4,600.25,892,283,2401,synthetic-7B,32,4096,32,32000,2531.6588712026723,3037.9906454432066,1518.9953227216033,False,True,float16,241.03509245879508,211.66226083348394
1768628468.7221744,8,755.625,931,344,6045,synthetic-7B,32,4096,32,32000,6734.079341175289,8080.895209410347,4040.4476047051735,False,True,float16,154.46410391324173,477.61062260268835
1768628468.7222304,4,437.0,924,222,1748,synthetic-7B,32,4096,32,32000,1431.7494088163824,1718.0992905796588,859.0496452898294,True,False,float16,199.79205133515703,88.5940190048573
1768628468.722287,2,546.5,782,311,1093,synthetic-7B,32,4096,32,32000,1084.2199851902303,1301.0639822282762,650.5319911141381,False,False,float16,347.24250934030755,312.0430959682076
1768628468.7223432,16,500.875,841,56,8014,synthetic-7B,32,4096,32,32000,8516.59427897358,10219.913134768296,5109.956567384148,False,True,float16,390.3933335551582,150.9271245226339
1768628468.7223997,16,556.125,915,93,8898,synthetic-7B,32,4096,32,32000,7391.601832794349,8869.92219935322,4434.96109967661,True,False,float16,492.1573708873369,105.6689858776019
1768628468.7224586,32,581.1875,997,128,18598,synthetic-7B,32,4096,32,32000,16310.856013377714,19573.027216053255,9786.513608026627,False,True,float16,489.02616824652483,242.48832985822702
1768628468.722515,16,456.375,983,58,7302,synthetic-7B,32,4096,32,32000,5777.56082857064,6933.072994284768,3466.536497142384,True,False,float16,338.17514102949053,222.24581723612653
1768628468.72257,1,973.0,973,973,973,synthetic-7B,32,4096,32,32000,1035.8963860761874,1243.0756632914247,621.5378316457123,False,True,float16,186.3895134055256,112.42554361759771
1768628468.7226262,4,444.75,914,137,1779,synthetic-7B,32,4096,32,32000,1611.4647615046415,1933.7577138055697,966.8788569027848,True,True,float16,218.05440165012192,276.66037573800673
1768628468.722682,8,538.625,908,192,4309,synthetic-7B,32,4096,32,32000,4427.625520252399,5313.150624302879,2656.5753121514394,False,True,float16,367.2103127732121,182.71705391768572
1768628468.7227383,16,495.9375,990,56,7935,synthetic-7B,32,4096,32,32000,8479.704038552149,10175.644846262578,5087.822423131289,False,True,float16,198.23373651938385,173.79175286516912
1768628468.722795,1,127.0,127,127,127,synthetic-7B,32,4096,32,32000,136.1021841485233,163.32262097822795,81.66131048911397,False,True,float16,334.1006658645448,397.6052941179098
1768628468.722857,32,519.90625,980,55,16637,synthetic-7B,32,4096,32,32000,13774.692527029634,16529.63103243556,8264.81551621778,True,True,float16,219.92494133536198,418.14722147121984
1768628468.7229133,4,536.5,923,185,2146,synthetic-7B,32,4096,32,32000,1600.1922149232912,1920.2306579079493,960.1153289539747,True,True,float16,155.5335487369311,348.83846693727475
1768628468.722969,16,496.0625,965,136,7937,synthetic-7B,32,4096,32,32000,7556.118621521102,9067.342345825322,4533.671172912661,False,True,float16,403.62391833305924,155.66903375189358
1768628468.7230246,2,554.5,787,322,1109,synthetic-7B,32,4096,32,32000,1148.5742960537275,1378.289155264473,689.1445776322365,False,True,float16,166.88320406476169,406.84046874128484
1768628468.723081,8,494.875,914,95,3959,synthetic-7B,32,4096,32,32000,4576.837968078017,5492.20556169362,2746.10278084681,False,True,float16,414.22026426213307,179.82794531339317
1768628468.7231376,16,499.6875,922,50,7995,synthetic-7B,32,4096,32,32000,6159.335189795867,7391.20222775504,3695.60111387752,True,False,float16,145.41651515458722,26.42658285258079
1768628468.7231982,2,463.5,478,449,927,synthetic-7B,32,4096,32,32000,674.9848611627236,809.9818333952684,404.9909166976342,True,False,float16,320.7938012876127,386.761684537381
1768628468.7232563,1,981.0,981,981,981,synthetic-7B,32,4096,32,32000,1083.678927579244,1300.4147130950926,650.2073565475463,False,True,float16,374.0202163624333,103.26888261135728
1768628468.7233138,4,423.0,758,163,1692,synthetic-7B,32,4096,32,32000,1071.7692629706169,1286.1231155647401,643.0615577823701,True,True,float16,484.73431516361643,220.19654342053133
1768628468.7233708,8,582.75,955,72,4662,synthetic-7B,32,4096,32,32000,4615.348044535496,5538.417653442595,2769.2088267212976,False,False,float16,490.321500215348,15.223345573877854
1768628468.723427,2,507.5,589,426,1015,synthetic-7B,32,4096,32,32000,960.4336904917151,1152.5204285900581,576.2602142950291,False,True,float16,171.66978053183232,103.160672739444
1768628468.7234836,16,442.125,980,68,7074,synthetic-7B,32,4096,32,32000,7237.790426087135,8685.34851130456,4342.67425565228,False,True,float16,495.11594342661874,236.17019433248848
1768628468.7235403,2,464.0,609,319,928,synthetic-7B,32,4096,32,32000,855.6230279973839,1026.7476335968606,513.3738167984303,False,True,float16,364.5766792425551,295.97176308812277
1768628468.7235966,16,568.3125,988,75,9093,synthetic-7B,32,4096,32,32000,7679.56362109188,9215.476345310255,4607.7381726551275,True,False,float16,411.7185926519949,432.06913238588464
1768628468.7236533,32,490.5,910,67,15696,synthetic-7B,32,4096,32,32000,14558.548618883027,17470.258342659632,8735.129171329816,False,True,float16,371.0049074824231,455.4722790444853
1768628468.7237105,4,581.75,801,326,2327,synthetic-7B,32,4096,32,32000,1969.364080291922,2363.2368963503063,1181.6184481751532,False,True,float16,409.4672336700627,426.80577517523955
1768628468.7237668,32,515.59375,960,92,16499,synthetic-7B,32,4096,32,32000,20509.70964937349,24611.651579248188,12305.825789624094,False,True,float16,278.12097799827563,272.93734147207323
1768628468.7238216,2,661.5,849,474,1323,synthetic-7B,32,4096,32,32000,1372.98111803308,1647.577341639696,823.788670819848,False,True,float16,307.6691002012165,369.4507302280634
1768628468.723883,16,587.4375,981,63,9399,synthetic-7B,32,4096,32,32000,6356.364926536035,7627.637911843241,3813.8189559216207,True,True,float16,125.2952016892217,57.086976032903614
1768628468.7239387,16,572.5625,966,115,9161,synthetic-7B,32,4096,32,32000,7757.6656461455,9309.1987753746,4654.5993876873,True,True,float16,233.5071410091171,100.4023327354374
1768628468.7239947,4,658.75,969,111,2635,synthetic-7B,32,4096,32,32000,2704.6658318682803,3245.5989982419364,1622.7994991209682,False,True,float16,390.2571347013156,485.66565957705757
1768628468.7240498,1,351.0,351,351,351,synthetic-7B,32,4096,32,32000,388.055952537206,465.66714304464716,232.83357152232358,False,True,float16,149.53848200520153,450.9050014401265
1768628468.7241073,8,536.5,860,117,4292,synthetic-7B,32,4096,32,32000,4937.429444627085,5924.915333552502,2962.457666776251,False,True,float16,265.51375402033096,191.93262849510916
1768628468.7241635,1,597.0,597,597,597,synthetic-7B,32,4096,32,32000,733.3078438759151,879.9694126510981,439.98470632554904,False,False,float16,167.47409565163935,71.29814882470646
1768628468.7242243,4,253.75,767,67,1015,synthetic-7B,32,4096,32,32000,859.6351015497874,1031.5621218597448,515.7810609298724,True,True,float16,309.6623733813282,488.9070977989642
1768628468.724281,1,215.0,215,215,215,synthetic-7B,32,4096,32,32000,196.63441865679025,235.96130238814828,117.98065119407414,False,True,float16,229.33837929465923,10.094239250390759
1768628468.7243373,16,594.0,937,117,9504,synthetic-7B,32,4096,32,32000,9389.813482552618,11267.776179063141,5633.888089531571,False,True,float16,494.9537754504948,411.17430889655975
1768628468.724393,32,501.0,972,82,16032,synthetic-7B,32,4096,32,32000,11656.220190375656,13987.464228450786,6993.732114225393,True,False,float16,167.18806090546528,248.60143214829208
1768628468.72445,4,499.5,773,133,1998,synthetic-7B,32,4096,32,32000,1653.313350979704,1983.9760211756447,991.9880105878224,False,False,float16,417.48254801999377,113.51999332004034
1768628468.72451,8,314.0,981,90,2512,synthetic-7B,32,4096,32,32000,2311.229654997636,2773.475585997163,1386.7377929985814,True,True,float16,220.8532310080174,47.59067193743195
1768628468.7245662,16,512.75,936,120,8204,synthetic-7B,32,4096,32,32000,9481.216804478232,11377.460165373877,5688.730082686939,False,True,float16,183.4949358068859,324.30853180243554
1768628468.7246265,4,547.25,709,283,2189,synthetic-7B,32,4096,32,32000,1500.3977575964561,1800.4773091157474,900.2386545578737,True,True,float16,128.02662631135368,133.9298580822159
1768628468.7246838,32,527.4375,992,56,16878,synthetic-7B,32,4096,32,32000,16556.905899798414,19868.287079758094,9934.143539879047,False,True,float16,243.73044741712232,119.85923272971233
1768628468.7247417,16,531.625,981,121,8506,synthetic-7B,32,4096,32,32000,7132.896841848209,8559.47621021785,4279.738105108925,True,True,float16,334.86042097850026,52.65215690089189
1768628468.7247975,8,507.75,810,214,4062,synthetic-7B,32,4096,32,32000,2987.8226018180917,3585.38712218171,1792.693561090855,False,True,float16,299.0398814283659,116.20287357209337
1768628468.7248542,4,570.25,851,390,2281,synthetic-7B,32,4096,32,32000,2542.59670461858,3051.116045542296,1525.558022771148,False,False,float16,417.4419160827644,368.0151980911657
1768628468.7249095,1,770.0,770,770,770,synthetic-7B,32,4096,32,32000,809.8943158275223,971.8731789930267,485.93658949651336,False,True,float16,112.19660429500263,404.9086308144036
1768628468.72498,16,435.3125,884,90,6965,synthetic-7B,32,4096,32,32000,5193.637714090977,6232.365256909173,3116.1826284545864,True,True,float16,255.97347785569755,343.60699286818704
1768628468.7250385,4,707.25,949,380,2829,synthetic-7B,32,4096,32,32000,2257.2896950635595,2708.7476340762714,1354.3738170381357,True,True,float16,402.52577746038696,108.67806665849783
1768628468.7250957,1,889.0,889,889,889,synthetic-7B,32,4096,32,32000,761.6467641556279,913.9761169867535,456.98805849337674,False,True,float16,421.55273415106944,19.85798484680421
1768628468.7251523,4,413.75,476,263,1655,synthetic-7B,32,4096,32,32000,1657.6461760941106,1989.1754113129327,994.5877056564664,False,True,float16,173.64732815150722,19.552407912325357
1768628468.7252083,2,586.5,891,282,1173,synthetic-7B,32,4096,32,32000,1202.506677074456,1443.0080124893473,721.5040062446736,False,True,float16,154.90984580255923,475.8305616825964
1768628468.725264,1,746.0,746,746,746,synthetic-7B,32,4096,32,32000,511.0377777995982,613.2453333595178,306.6226666797589,True,True,float16,142.24218050649085,13.853078319933008
1768628468.725324,8,665.875,988,175,5327,synthetic-7B,32,4096,32,32000,5117.826552986514,6141.391863583816,3070.695931791908,False,True,float16,295.99032810111237,479.1340990516064
1768628468.7253811,4,309.75,682,60,1239,synthetic-7B,32,4096,32,32000,1162.5774065086873,1395.0928878104248,697.5464439052124,False,True,float16,345.56478619391305,248.64989151807708
1768628468.7254376,16,487.625,838,103,7802,synthetic-7B,32,4096,32,32000,8517.535395419354,10221.042474503225,5110.521237251613,False,True,float16,279.55323296559766,108.30627841549139
1768628468.725494,4,503.75,669,373,2015,synthetic-7B,32,4096,32,32000,1938.6195453769546,2326.3434544523457,1163.1717272261728,False,False,float16,484.2204404024633,149.73863735166054
1768628468.7255557,2,443.5,815,72,887,synthetic-7B,32,4096,32,32000,970.4673574262653,1164.5608289115182,582.2804144557591,False,True,float16,226.56696138668656,248.83678707228677
1768628468.7256129,8,675.125,983,134,5401,synthetic-7B,32,4096,32,32000,4135.765998488974,4962.919198186769,2481.4595990933844,True,True,float16,284.950258238732,29.40472941651012
1768628468.7256684,1,639.0,639,639,639,synthetic-7B,32,4096,32,32000,697.198369819501,836.6380437834011,418.3190218917006,False,False,float16,383.5077714241817,14.338224397246293
1768628468.7257254,16,430.4375,946,55,6887,synthetic-7B,32,4096,32,32000,7359.526068689444,8831.431282427333,4415.7156412136665,False,True,float16,478.93138412910366,102.27327691313586
1768628468.7257817,1,961.0,961,961,961,synthetic-7B,32,4096,32,32000,953.2035774532865,1143.8442929439436,571.9221464719718,False,True,float16,468.14212406082663,266.26673421545684
1768628468.725837,2,140.5,167,114,281,synthetic-7B,32,4096,32,32000,252.64806489859134,303.1776778783096,151.5888389391548,False,True,float16,336.89084719551727,262.89297938155687
1768628468.7258928,4,728.0,902,405,2912,synthetic-7B,32,4096,32,32000,2939.4078040854356,3527.2893649025227,1763.6446824512614,False,False,float16,424.036751230241,227.18354202657935
1768628468.7259488,32,562.8125,956,57,18010,synthetic-7B,32,4096,32,32000,19115.55256573024,22938.663078876285,11469.331539438142,False,True,float16,268.71728123479005,216.82193760944168
1768628468.7260234,32,621.84375,979,161,19899,synthetic-7B,32,4096,32,32000,20890.287116838274,25068.344540205926,12534.172270102963,False,True,float16,184.85904029986625,400.622847999117
1768628468.726082,32,576.40625,992,90,18445,synthetic-7B,32,4096,32,32000,22083.794450903555,26500.553341084265,13250.276670542133,False,True,float16,406.2262604767535,465.95636794001365
1768628468.726138,16,642.0,994,147,10272,synthetic-7B,32,4096,32,32000,8303.742111663425,9964.49053399611,4982.245266998055,True,False,float16,227.48090343927436,249.94594470558593
1768628468.7261941,8,596.125,985,169,4769,synthetic-7B,32,4096,32,32000,5248.600740631202,6298.320888757442,3149.160444378721,False,True,float16,434.99210438309103,222.6629923868797
1768628468.7262506,32,434.75,957,78,13912,synthetic-7B,32,4096,32,32000,15229.490937081542,18275.38912449785,9137.694562248926,False,True,float16,449.13320379115345,218.91985325926285
1768628468.7263067,32,503.0625,977,63,16098,synthetic-7B,32,4096,32,32000,16492.321905746696,19790.786286896033,9895.393143448016,False,False,float16,193.9399868001555,364.2123693144518
1768628468.7263613,4,435.5,799,71,1742,synthetic-7B,32,4096,32,32000,1931.7787664874327,2318.134519784919,1159.0672598924596,False,True,float16,146.71301250073407,340.71357438754035
1768628468.7264185,4,417.25,835,218,1669,synthetic-7B,32,4096,32,32000,1608.274118102127,1929.9289417225523,964.9644708612761,False,True,float16,431.9248577060689,421.81659829459295
1768628468.7264748,2,650.0,817,483,1300,synthetic-7B,32,4096,32,32000,1049.3189785403194,1259.1827742483833,629.5913871241917,True,True,float16,354.1174028169023,309.50315168594943
1768628468.7265306,16,463.875,949,94,7422,synthetic-7B,32,4096,32,32000,5083.597288511524,6100.316746213829,3050.1583731069145,True,True,float16,315.12910004411134,235.45711190352682
1768628468.7265859,1,168.0,168,168,168,synthetic-7B,32,4096,32,32000,184.42377164220179,221.30852597064214,110.65426298532107,False,True,float16,107.43214447097125,72.39692243697448
1768628468.726641,2,751.0,779,723,1502,synthetic-7B,32,4096,32,32000,1620.5044209936286,1944.6053051923543,972.3026525961772,False,True,float16,487.3517326903245,466.0316430121632
1768628468.7266965,4,278.0,801,67,1112,synthetic-7B,32,4096,32,32000,1074.4735708352791,1289.368285002335,644.6841425011675,False,True,float16,111.55854770254483,97.84548075195602
1768628468.726756,4,526.75,973,147,2107,synthetic-7B,32,4096,32,32000,1624.0290695887115,1948.8348835064537,974.4174417532269,True,True,float16,416.556956970887,33.914260679254724
1768628468.7268145,8,675.625,989,62,5405,synthetic-7B,32,4096,32,32000,6403.378829389135,7684.054595266962,3842.027297633481,False,True,float16,322.3260784779199,133.37396106279434
1768628468.7268755,32,504.15625,972,144,16133,synthetic-7B,32,4096,32,32000,14637.220485955993,17564.66458314719,8782.332291573595,True,True,float16,459.24163900425066,12.565029646009751
1768628468.7269323,2,624.0,698,550,1248,synthetic-7B,32,4096,32,32000,1150.952662412114,1381.1431948945367,690.5715974472683,False,True,float16,296.3692568104107,224.04086519312443
1768628468.7269883,16,574.3125,925,304,9189,synthetic-7B,32,4096,32,32000,10179.350896216663,12215.221075459996,6107.610537729998,False,True,float16,269.08101873884897,345.32529362108164
1768628468.7270448,8,574.875,816,177,4599,synthetic-7B,32,4096,32,32000,4502.8509006701515,5403.421080804182,2701.710540402091,False,True,float16,119.58273526193315,380.8778389671234
1768628468.7271008,8,404.25,978,116,3234,synthetic-7B,32,4096,32,32000,3429.666251205666,4115.599501446799,2057.7997507233995,False,False,float16,250.3712931320114,224.94805963362967
1768628468.7271578,2,648.0,864,432,1296,synthetic-7B,32,4096,32,32000,1150.0142347402207,1380.0170816882649,690.0085408441324,False,True,float16,466.47808173858306,19.54684513961577
1768628468.7272131,4,647.75,983,203,2591,synthetic-7B,32,4096,32,32000,1898.8305649525955,2278.5966779431146,1139.2983389715573,True,True,float16,207.755735081444,427.6463720545999
1768628468.7272687,8,472.625,759,175,3781,synthetic-7B,32,4096,32,32000,3278.3770262560606,3934.0524315072726,1967.0262157536363,True,True,float16,225.33476081660115,192.4272481810372
1768628468.7273254,2,854.5,934,775,1709,synthetic-7B,32,4096,32,32000,1492.077094496231,1790.492513395477,895.2462566977385,False,True,float16,445.16246200945477,399.7781537554522
1768628468.7273812,4,514.5,937,292,2058,synthetic-7B,32,4096,32,32000,1472.374886775837,1766.8498641310043,883.4249320655022,True,True,float16,324.01410315771,35.50655170635784
1768628468.7274396,4,382.75,884,152,1531,synthetic-7B,32,4096,32,32000,1218.7969409245436,1462.5563291094522,731.2781645547261,True,True,float16,364.12618553919737,88.63500158685765
1768628468.7274992,1,391.0,391,391,391,synthetic-7B,32,4096,32,32000,429.47498916419966,515.3699869970395,257.68499349851976,False,True,float16,288.7313341366235,134.60012919536535
1768628468.727556,2,805.0,872,738,1610,synthetic-7B,32,4096,32,32000,1085.0715314958775,1302.0858377950528,651.0429188975264,True,True,float16,226.66172237873567,220.59599011725805
1768628468.7276125,8,531.875,899,210,4255,synthetic-7B,32,4096,32,32000,4504.938778259922,5405.9265339119065,2702.9632669559533,False,False,float16,294.12075502045604,111.38030990946181
1768628468.727667,4,475.0,869,216,1900,synthetic-7B,32,4096,32,32000,1674.757121613678,2009.7085459364134,1004.8542729682067,False,True,float16,122.98350590683285,161.18923280133225
1768628468.7277236,4,736.25,909,543,2945,synthetic-7B,32,4096,32,32000,1971.8059860808817,2366.167183297058,1183.083591648529,True,True,float16,158.5695104580877,25.61450978681932
1768628468.7277792,4,540.75,855,208,2163,synthetic-7B,32,4096,32,32000,1889.4005219437802,2267.280626332536,1133.640313166268,True,True,float16,482.32054419627855,421.49745851578183
1768628468.7278345,16,429.75,975,103,6876,synthetic-7B,32,4096,32,32000,7264.961825192198,8717.954190230637,4358.977095115319,False,False,float16,478.62808701663243,321.6172883853868
1768628468.7278912,8,505.0,923,67,4040,synthetic-7B,32,4096,32,32000,3725.3869169080226,4470.464300289627,2235.2321501448137,False,True,float16,378.4996917679817,339.5877841331306
1768628468.7279482,4,438.25,805,65,1753,synthetic-7B,32,4096,32,32000,1774.5836902408778,2129.500428289053,1064.7502141445266,False,True,float16,308.9341118666385,123.43634090219943
1768628468.728004,8,464.25,863,106,3714,synthetic-7B,32,4096,32,32000,4332.538009433208,5199.045611319849,2599.5228056599244,False,False,float16,312.9532499098709,280.0756783186543
1768628468.7280602,4,524.0,972,169,2096,synthetic-7B,32,4096,32,32000,1552.0500624841218,1862.460074980946,931.230037490473,False,True,float16,257.79539675629866,77.27022423375199
1768628468.7281199,4,305.0,581,136,1220,synthetic-7B,32,4096,32,32000,1216.7343123695532,1460.0811748434637,730.0405874217319,False,True,float16,322.0337952633962,328.53985619042743
1768628468.7281787,2,407.0,417,397,814,synthetic-7B,32,4096,32,32000,837.0347329189465,1004.4416795027357,502.22083975136786,False,True,float16,269.3260100475135,361.0440374559653
1768628468.7282357,1,833.0,833,833,833,synthetic-7B,32,4096,32,32000,598.0831268940522,717.6997522728626,358.8498761364313,True,False,float16,498.71156126617876,376.29252530037263
1768628468.7282913,2,391.0,663,119,782,synthetic-7B,32,4096,32,32000,848.7999745341123,1018.5599694409347,509.2799847204673,False,True,float16,237.55064181759437,279.6935523921032
1768628468.7283483,8,499.75,799,143,3998,synthetic-7B,32,4096,32,32000,3198.6030025744603,3838.323603089352,1919.161801544676,True,True,float16,342.5419831736024,207.62250675961917
1768628468.7284052,4,620.75,802,443,2483,synthetic-7B,32,4096,32,32000,1988.5242518275822,2386.2291021930987,1193.1145510965493,True,False,float16,219.58197135510864,494.8749602135938
1768628468.7284627,32,540.25,990,61,17288,synthetic-7B,32,4096,32,32000,11428.623116219704,13714.347739463645,6857.173869731822,True,True,float16,361.3998215658475,316.6019867700168
1768628468.7285185,1,462.0,462,462,462,synthetic-7B,32,4096,32,32000,505.76083384390887,606.9130006126907,303.45650030634533,False,True,float16,431.4175079665569,38.58099455098073
1768628468.7285743,1,356.0,356,356,356,synthetic-7B,32,4096,32,32000,351.0625412792174,421.2750495350609,210.63752476753044,False,True,float16,260.404452086985,424.1466229450948
1768628468.72863,2,551.5,738,365,1103,synthetic-7B,32,4096,32,32000,1034.7469067471493,1241.696288096579,620.8481440482896,False,True,float16,109.48285331232697,71.98810361089359
1768628468.7286851,8,443.875,869,81,3551,synthetic-7B,32,4096,32,32000,3803.1933250930197,4563.831990111624,2281.915995055812,False,False,float16,441.65007593981636,366.9013056115672
1768628468.7287414,16,580.3125,936,57,9285,synthetic-7B,32,4096,32,32000,8560.875609448114,10273.050731337737,5136.525365668868,False,True,float16,316.75923163405133,62.024700318859196
1768628468.7287989,8,472.375,902,56,3779,synthetic-7B,32,4096,32,32000,3309.0754441818326,3970.8905330181988,1985.4452665090994,True,True,float16,287.2822634842616,270.05343458165726
1768628468.72886,1,841.0,841,841,841,synthetic-7B,32,4096,32,32000,628.0028727815557,753.6034473378668,376.8017236689334,True,True,float16,386.66302137267826,54.070959140424854
1768628468.7289178,16,426.125,830,83,6818,synthetic-7B,32,4096,32,32000,6297.284120242953,7556.740944291543,3778.3704721457716,False,False,float16,146.13682620232532,60.33105468586988
1768628468.7289908,16,495.5625,996,85,7929,synthetic-7B,32,4096,32,32000,6146.063252002611,7375.275902403133,3687.6379512015665,False,True,float16,453.64727497467936,218.94259510526828
1768628468.7290492,4,258.25,575,145,1033,synthetic-7B,32,4096,32,32000,1098.261057549709,1317.9132690596507,658.9566345298254,False,True,float16,296.28528159675216,474.1341646083708
1768628468.7291064,4,485.5,779,236,1942,synthetic-7B,32,4096,32,32000,1528.7762572090764,1834.5315086508917,917.2657543254459,True,True,float16,294.5372125276824,211.27366214067936
1768628468.7291622,8,568.5,858,201,4548,synthetic-7B,32,4096,32,32000,3254.070781510281,3904.884937812337,1952.4424689061684,True,True,float16,469.51182777353847,174.38467553134154
1768628468.729219,1,255.0,255,255,255,synthetic-7B,32,4096,32,32000,314.5898282241366,377.5077938689639,188.75389693448196,False,False,float16,337.01218289878256,132.9953258674248
1768628468.7292752,8,416.0,678,76,3328,synthetic-7B,32,4096,32,32000,2469.7670377854593,2963.720445342551,1481.8602226712756,False,True,float16,383.11804426351745,317.9923243448843
1768628468.7293317,2,461.5,858,65,923,synthetic-7B,32,4096,32,32000,770.605169829402,924.7262037952823,462.3631018976412,True,True,float16,266.65987402597204,334.280606076448
1768628468.729393,32,424.4375,961,67,13582,synthetic-7B,32,4096,32,32000,11460.775984994014,13752.931181992817,6876.4655909964085,True,True,float16,408.4128707075498,108.28027591765185
1768628468.729449,1,177.0,177,177,177,synthetic-7B,32,4096,32,32000,185.04445149537963,222.05334179445555,111.02667089722777,False,True,float16,185.96536883669427,249.71119278271814
1768628468.729508,32,519.78125,956,74,16633,synthetic-7B,32,4096,32,32000,13485.15715915025,16182.1885909803,8091.09429549015,True,True,float16,483.94186833640697,177.14065039517646
1768628468.7295644,1,734.0,734,734,734,synthetic-7B,32,4096,32,32000,697.1053606722623,836.5264328067148,418.2632164033574,False,False,float16,240.84895505853825,103.14187657047206
1768628468.7296252,32,546.875,991,73,17500,synthetic-7B,32,4096,32,32000,12927.0171837614,15512.42062051368,7756.21031025684,True,True,float16,223.5935339127576,258.6612894538972
1768628468.7296822,32,472.28125,935,93,15113,synthetic-7B,32,4096,32,32000,16430.191454494674,19716.229745393608,9858.114872696804,False,True,float16,415.2107303552042,103.15740243471208
1768628468.729739,16,450.125,873,84,7202,synthetic-7B,32,4096,32,32000,7303.528405907228,8764.234087088673,4382.117043544336,False,True,float16,363.7454046953488,251.12582032798744
1768628468.729795,1,449.0,449,449,449,synthetic-7B,32,4096,32,32000,515.8406484942558,619.0087781931069,309.50438909655344,False,True,float16,134.77581691433534,54.26230375557858
1768628468.729852,16,465.625,943,91,7450,synthetic-7B,32,4096,32,32000,7805.7302854418185,9366.876342530182,4683.438171265091,False,True,float16,222.12019410552597,129.32982058352087
1768628468.7299068,16,408.0,900,63,6528,synthetic-7B,32,4096,32,32000,4978.256261796596,5973.907514155915,2986.9537570779576,True,True,float16,250.3810337406949,460.83026845702005
1768628468.7299626,4,346.0,707,56,1384,synthetic-7B,32,4096,32,32000,1306.7036184400672,1568.0443421280806,784.0221710640403,False,False,float16,133.4727730620475,310.3539703862477
1768628468.7300422,16,554.75,987,74,8876,synthetic-7B,32,4096,32,32000,6988.245626633201,8385.89475195984,4192.94737597992,True,True,float16,370.3490829240325,469.878561081663
1768628468.730099,8,586.375,906,65,4691,synthetic-7B,32,4096,32,32000,4040.450232528648,4848.540279034378,2424.270139517189,False,True,float16,247.56754899585053,80.65231033198627
1768628468.7301552,32,578.6875,981,56,18518,synthetic-7B,32,4096,32,32000,14525.218893606976,17430.262672328372,8715.131336164186,True,True,float16,398.39405689012,271.8526525462731
1768628468.7302105,32,563.5625,998,112,18034,synthetic-7B,32,4096,32,32000,18958.36784028655,22750.041408343863,11375.020704171931,False,True,float16,278.94909684832896,209.13122396258655
1768628468.7302673,16,467.5625,925,72,7481,synthetic-7B,32,4096,32,32000,8133.72222511136,9760.466670133632,4880.233335066816,False,True,float16,433.2892535971984,182.26931085660897
1768628468.730327,4,274.25,537,52,1097,synthetic-7B,32,4096,32,32000,1032.2616187214703,1238.7139424657644,619.3569712328822,False,True,float16,429.6917333889645,122.32913744032372
1768628468.7303848,16,475.875,818,64,7614,synthetic-7B,32,4096,32,32000,8263.087351582479,9915.704821898975,4957.852410949487,False,True,float16,152.79401080877125,444.4366784523394
1768628468.7304409,16,458.375,926,181,7334,synthetic-7B,32,4096,32,32000,6721.276880772771,8065.532256927325,4032.7661284636624,True,True,float16,126.69290297312403,485.58112215932783
1768628468.7304971,4,449.75,902,104,1799,synthetic-7B,32,4096,32,32000,2065.325585360715,2478.3907024328582,1239.1953512164291,False,True,float16,273.32754229905663,430.0229914836804
1768628468.7305527,16,605.5,979,126,9688,synthetic-7B,32,4096,32,32000,6757.374296042238,8108.849155250685,4054.4245776253424,True,True,float16,433.01466554078263,392.053195310643
1768628468.730609,4,568.75,968,377,2275,synthetic-7B,32,4096,32,32000,2392.0506104674814,2870.4607325609777,1435.2303662804889,False,True,float16,176.59843264194888,164.68123179683798
1768628468.7306657,8,738.75,996,417,5910,synthetic-7B,32,4096,32,32000,6158.765122943949,7390.518147532738,3695.259073766369,False,True,float16,132.6659239408155,368.71563498857716
1768628468.7307217,8,490.125,894,70,3921,synthetic-7B,32,4096,32,32000,2666.9918382826468,3200.390205939176,1600.195102969588,True,True,float16,117.52929220180906,18.329632264165134
1768628468.7307773,8,700.125,999,116,5601,synthetic-7B,32,4096,32,32000,5586.8465967831535,6704.215916139784,3352.107958069892,False,True,float16,209.0193309430096,333.70346661704497
1768628468.7308366,2,356.5,594,119,713,synthetic-7B,32,4096,32,32000,703.6766790203383,844.4120148244059,422.20600741220295,False,True,float16,125.87020172690177,13.372892699411146
1768628468.730893,16,499.75,999,72,7996,synthetic-7B,32,4096,32,32000,6238.993221236642,7486.7918654839705,3743.3959327419852,True,False,float16,124.29382708489686,274.400302638413
1768628468.7309504,32,470.84375,991,54,15067,synthetic-7B,32,4096,32,32000,12500.405443259086,15000.486531910901,7500.243265955451,True,True,float16,480.15056009558054,44.03860106299694
1768628468.7310052,8,625.25,988,181,5002,synthetic-7B,32,4096,32,32000,5020.360974128291,6024.433168953949,3012.2165844769743,False,True,float16,292.3124415340037,57.96719263145163
1768628468.7310643,4,745.5,929,492,2982,synthetic-7B,32,4096,32,32000,2027.3775530628413,2432.8530636754094,1216.4265318377047,True,True,float16,330.75359621392886,223.79032195896707
1768628468.7311213,8,703.5,994,115,5628,synthetic-7B,32,4096,32,32000,4411.220123036477,5293.464147643773,2646.7320738218864,True,True,float16,430.8390928398048,249.72347623255757
1768628468.7311814,8,557.125,928,169,4457,synthetic-7B,32,4096,32,32000,4788.3567509690665,5746.0281011628795,2873.0140505814397,False,True,float16,367.35776941862025,40.80610583475975
1768628468.7312376,2,815.0,925,705,1630,synthetic-7B,32,4096,32,32000,1887.3912166433945,2264.8694599720734,1132.4347299860367,False,True,float16,172.05612418173249,33.484719606449254
1768628468.7312942,1,539.0,539,539,539,synthetic-7B,32,4096,32,32000,696.3792393909827,835.6550872691791,417.8275436345896,False,True,float16,487.8292101389595,137.08202024835438
1768628468.7313502,4,372.25,768,163,1489,synthetic-7B,32,4096,32,32000,1399.0131393345875,1678.815767201505,839.4078836007525,False,True,float16,148.90345120531418,247.77630818805784
1768628468.7314074,8,372.5,713,97,2980,synthetic-7B,32,4096,32,32000,3184.054893305809,3820.8658719669706,1910.4329359834853,False,True,float16,239.31593347463794,195.97582989501194
1768628468.7314641,1,853.0,853,853,853,synthetic-7B,32,4096,32,32000,891.7013705233512,1070.0416446280215,535.0208223140107,False,True,float16,279.5757755684519,216.394904981987
1768628468.7315207,16,455.5,968,143,7288,synthetic-7B,32,4096,32,32000,8004.990088022835,9605.988105627403,4802.994052813701,False,True,float16,301.3955737482562,403.1286521030419
1768628468.7315767,4,465.75,605,353,1863,synthetic-7B,32,4096,32,32000,1912.659070155081,2295.1908841860973,1147.5954420930486,False,True,float16,114.49750098386721,197.9652323089429
1768628468.7316327,32,554.78125,925,64,17753,synthetic-7B,32,4096,32,32000,17463.514481626444,20956.217377951732,10478.108688975866,False,False,float16,204.45739997202898,472.1890633433966
1768628468.7316887,1,193.0,193,193,193,synthetic-7B,32,4096,32,32000,178.55823365782447,214.26988038938936,107.13494019469468,False,True,float16,259.85502228022864,264.4072029799672
1768628468.7317493,1,646.0,646,646,646,synthetic-7B,32,4096,32,32000,581.1825241750402,697.4190290100481,348.70951450502406,False,True,float16,271.57071698908686,479.707245657587
1768628468.7318072,8,579.625,997,175,4637,synthetic-7B,32,4096,32,32000,5420.645727688995,6504.774873226794,3252.387436613397,False,True,float16,115.02789176405557,451.77826443829724
1768628468.731864,16,553.0,988,64,8848,synthetic-7B,32,4096,32,32000,8295.7842011659,9954.941041399079,4977.4705206995395,False,False,float16,460.40783917302014,260.6571833064834
1768628468.7319198,16,598.25,998,59,9572,synthetic-7B,32,4096,32,32000,9460.868683408149,11353.042420089778,5676.521210044889,False,True,float16,174.51704303206918,282.11324880669395
1768628468.731976,16,650.625,989,195,10410,synthetic-7B,32,4096,32,32000,9015.954613140626,10819.14553576875,5409.572767884375,True,False,float16,484.8482907405212,68.35128591574241
1768628468.7320316,8,589.875,977,248,4719,synthetic-7B,32,4096,32,32000,4818.0856963602855,5781.702835632343,2890.8514178161713,False,True,float16,200.51835728777206,131.50298722389903
1768628468.7320879,4,499.0,770,287,1996,synthetic-7B,32,4096,32,32000,1941.9968782225008,2330.3962538670007,1165.1981269335004,False,True,float16,190.74624145591156,100.25375773272086
1768628468.7321463,32,427.8125,923,51,13690,synthetic-7B,32,4096,32,32000,13835.266526707914,16602.319832049496,8301.159916024748,False,True,float16,404.0225933398219,484.22331729546875
1768628468.7322018,8,532.0,825,56,4256,synthetic-7B,32,4096,32,32000,4299.727817871503,5159.673381445804,2579.836690722902,False,True,float16,214.5828975560514,117.79568365955038
1768628468.7322574,16,570.5,945,146,9128,synthetic-7B,32,4096,32,32000,7532.760732590807,9039.312879108968,4519.656439554484,False,True,float16,408.95683281463613,279.11665066748805
1768628468.732313,32,469.09375,995,53,15011,synthetic-7B,32,4096,32,32000,15052.365349966216,18062.83841995946,9031.41920997973,False,True,float16,306.0867334305298,340.1913634439856
1768628468.7323687,8,611.125,922,333,4889,synthetic-7B,32,4096,32,32000,5782.985152272411,6939.582182726893,3469.7910913634464,False,True,float16,359.0501307551588,363.46444844615206
1768628468.7324247,2,455.5,832,79,911,synthetic-7B,32,4096,32,32000,1069.4783242894707,1283.373989147365,641.6869945736825,False,False,float16,462.8347912768233,109.93309331678817
1768628468.7324843,32,561.4375,996,137,17966,synthetic-7B,32,4096,32,32000,11726.460584345343,14071.752701214411,7035.8763506072055,True,True,float16,175.4549650311585,184.27686938253194
1768628468.7325406,32,600.03125,971,81,19201,synthetic-7B,32,4096,32,32000,20645.298165040283,24774.35779804834,12387.17889902417,False,True,float16,162.4068381993318,104.75018419797526
1768628468.7325978,1,939.0,939,939,939,synthetic-7B,32,4096,32,32000,961.6689924301337,1154.0027909161604,577.0013954580802,False,False,float16,476.7427247758359,125.07352194542199
1768628468.7326536,4,605.5,873,70,2422,synthetic-7B,32,4096,32,32000,2451.952596861323,2942.3431162335874,1471.1715581167937,False,True,float16,452.2616330655666,380.5373203210059
1768628468.73271,32,628.3125,987,177,20106,synthetic-7B,32,4096,32,32000,19161.799673952264,22994.159608742717,11497.079804371358,True,True,float16,343.67024606100193,349.27349074521163
1768628468.7327664,4,452.25,918,104,1809,synthetic-7B,32,4096,32,32000,1763.9456332686343,2116.7347599223613,1058.3673799611806,False,False,float16,109.8756125654813,377.2737234467258
1768628468.732823,1,532.0,532,532,532,synthetic-7B,32,4096,32,32000,443.14937606871183,531.7792512824542,265.8896256412271,True,True,float16,288.60390751234667,482.61172333687665
1768628468.7328773,32,448.09375,946,57,14339,synthetic-7B,32,4096,32,32000,18670.63850972522,22404.766211670263,11202.383105835132,False,True,float16,455.3868339276845,383.1565477817276
1768628468.7329345,16,462.625,871,72,7402,synthetic-7B,32,4096,32,32000,7870.740852533027,9444.889023039632,4722.444511519816,False,True,float16,253.5252107565336,310.6367188197085
1768628468.7330081,16,654.0625,946,170,10465,synthetic-7B,32,4096,32,32000,7932.207223875543,9518.64866865065,4759.324334325325,True,True,float16,126.16092962512626,220.9484731730401
1768628468.733065,1,729.0,729,729,729,synthetic-7B,32,4096,32,32000,684.9086406112109,821.8903687334531,410.94518436672655,False,False,float16,133.44943441273972,79.19825369690513
1768628468.7331202,16,528.0625,994,80,8449,synthetic-7B,32,4096,32,32000,8251.627468755136,9901.952962506162,4950.976481253081,False,True,float16,496.3267305669862,161.52488329294167
1768628468.7331793,4,634.75,966,125,2539,synthetic-7B,32,4096,32,32000,2447.1080447320255,2936.5296536784303,1468.2648268392152,False,True,float16,394.96933332933327,286.3033663011618
1768628468.733237,32,526.25,976,51,16840,synthetic-7B,32,4096,32,32000,12228.025795561818,14673.630954674181,7336.815477337091,True,False,float16,355.3676295330059,79.7121262146391
1768628468.7332933,32,534.4375,949,120,17102,synthetic-7B,32,4096,32,32000,10560.91131306366,12673.093575676392,6336.546787838196,True,True,float16,199.98128045551704,278.70298186773084
1768628468.7333498,4,616.5,790,443,2466,synthetic-7B,32,4096,32,32000,2932.196316433937,3518.6355797207248,1759.3177898603624,False,True,float16,103.25439356426132,92.2304568526965
1768628468.73341,16,535.9375,998,124,8575,synthetic-7B,32,4096,32,32000,8393.20517127468,10071.846205529615,5035.9231027648075,False,False,float16,288.0768720224304,362.13783563636787
1768628468.7334657,1,717.0,717,717,717,synthetic-7B,32,4096,32,32000,708.1196643191081,849.7435971829296,424.8717985914648,False,True,float16,326.5688132851571,31.720232906199914
1768628468.7335215,1,593.0,593,593,593,synthetic-7B,32,4096,32,32000,415.3025470136853,498.3630564164223,249.18152820821115,True,True,float16,380.5353882086809,370.6586602398831
1768628468.7335775,1,985.0,985,985,985,synthetic-7B,32,4096,32,32000,715.2879734275391,858.3455681130469,429.1727840565234,True,True,float16,298.42983338600754,434.6327359308617
1768628468.7336338,16,502.4375,979,78,8039,synthetic-7B,32,4096,32,32000,8101.568723551763,9721.882468262114,4860.941234131057,False,False,float16,228.04532243128125,374.8005948132225
1768628468.7336895,16,367.6875,904,54,5883,synthetic-7B,32,4096,32,32000,5933.321551877913,7119.985862253496,3559.992931126748,False,True,float16,350.26008257963514,435.4303572987249
1768628468.7337453,8,565.0,971,155,4520,synthetic-7B,32,4096,32,32000,4663.8890666388015,5596.666879966561,2798.3334399832806,False,True,float16,194.49678074960866,65.2303879606908
1768628468.733802,1,73.0,73,73,73,synthetic-7B,32,4096,32,32000,71.53293415224621,85.83952098269545,42.91976049134772,False,False,float16,156.09497655872428,263.886726355057
1768628468.7338586,2,536.5,884,189,1073,synthetic-7B,32,4096,32,32000,961.7384790210987,1154.0861748253183,577.0430874126591,False,False,float16,206.22726016495005,14.704871733535924
1768628468.733919,1,984.0,984,984,984,synthetic-7B,32,4096,32,32000,725.6496101127989,870.7795321353586,435.3897660676793,False,True,float16,274.02422444133754,156.58225602579256
1768628468.733977,1,224.0,224,224,224,synthetic-7B,32,4096,32,32000,156.11989685722335,187.34387622866802,93.67193811433401,True,True,float16,435.1694349178687,485.2559208312309
1768628468.7340472,2,310.0,360,260,620,synthetic-7B,32,4096,32,32000,590.0887862757512,708.1065435309014,354.0532717654507,False,True,float16,316.4808757293474,220.4739913935749
1768628468.7341025,8,507.0,940,107,4056,synthetic-7B,32,4096,32,32000,4417.135948372996,5300.563138047594,2650.281569023797,False,False,float16,275.4826300831905,465.0133007485122
1768628468.7341583,4,324.75,479,148,1299,synthetic-7B,32,4096,32,32000,1190.8969321730026,1429.076318607603,714.5381593038015,False,True,float16,149.24446171729096,338.8468725885604
1768628468.7342134,1,394.0,394,394,394,synthetic-7B,32,4096,32,32000,399.3227463240816,479.1872955888979,239.59364779444894,False,True,float16,261.7369144674021,441.3223403555242
1768628468.7342694,1,140.0,140,140,140,synthetic-7B,32,4096,32,32000,137.92629197215643,165.51155036658773,82.75577518329386,False,True,float16,245.45923160017384,48.808808954840345
1768628468.7343302,32,546.21875,987,60,17479,synthetic-7B,32,4096,32,32000,12068.071196798126,14481.685436157752,7240.842718078876,True,True,float16,174.62408015375684,96.4546881754031
1768628468.734388,2,594.0,886,302,1188,synthetic-7B,32,4096,32,32000,790.9998850631059,949.1998620757271,474.59993103786354,True,True,float16,349.83723964951076,68.2053650809351
1768628468.7344456,2,927.0,933,921,1854,synthetic-7B,32,4096,32,32000,1256.8991634496074,1508.2789961395288,754.1394980697644,True,False,float16,148.12947220729757,94.0238707479424
1768628468.7345026,32,600.25,976,158,19208,synthetic-7B,32,4096,32,32000,16125.255720530446,19350.306864636535,9675.153432318268,True,True,float16,372.5998102101503,352.35585805262133
1768628468.7345598,8,649.625,911,197,5197,synthetic-7B,32,4096,32,32000,3452.5559419027677,4143.067130283321,2071.5335651416603,True,True,float16,111.97838808543193,201.474690905185
1768628468.7346163,8,336.5,694,113,2692,synthetic-7B,32,4096,32,32000,2565.557874455936,3078.669449347123,1539.3347246735616,False,True,float16,433.90306902014174,281.19934183285613
1768628468.7346773,32,556.0625,980,51,17794,synthetic-7B,32,4096,32,32000,19449.986049603765,23339.983259524517,11669.991629762259,False,False,float16,420.61860646770504,477.0387204332556
1768628468.7347324,16,463.0,909,93,7408,synthetic-7B,32,4096,32,32000,6978.985496482368,8374.782595778841,4187.3912978894205,False,True,float16,489.6396868473036,153.3365662413939
1768628468.7347918,8,633.5,952,170,5068,synthetic-7B,32,4096,32,32000,3932.05691268952,4718.468295227423,2359.2341476137117,True,True,float16,211.3170343442614,152.00035102704263
1768628468.7348495,1,880.0,880,880,880,synthetic-7B,32,4096,32,32000,667.4245144919267,800.9094173903121,400.45470869515606,True,False,float16,113.80870695832508,306.94086445401234
1768628468.7349062,1,796.0,796,796,796,synthetic-7B,32,4096,32,32000,617.2557744588129,740.7069293505755,370.35346467528774,True,False,float16,130.10730128574232,218.63985988787522
1768628468.7349632,4,399.5,987,102,1598,synthetic-7B,32,4096,32,32000,1623.3681171646472,1948.0417405975766,974.0208702987883,False,True,float16,255.06923657262578,143.5242259037956
1768628468.7350187,2,835.0,974,696,1670,synthetic-7B,32,4096,32,32000,1565.8647060047163,1879.0376472056594,939.5188236028297,False,True,float16,309.79131790599035,261.2236206741934
1768628468.7350748,8,502.125,733,193,4017,synthetic-7B,32,4096,32,32000,2904.879885933571,3485.8558631202854,1742.9279315601427,True,True,float16,324.568677342653,170.8853369629293
1768628468.7351315,32,538.28125,939,55,17225,synthetic-7B,32,4096,32,32000,17317.906064829167,20781.487277795,10390.7436388975,False,True,float16,316.2411375707071,93.05876168604351
1768628468.7351875,2,840.5,986,695,1681,synthetic-7B,32,4096,32,32000,1966.4198293865156,2359.703795263819,1179.8518976319094,False,True,float16,345.4033911497859,466.61511815142956
1768628468.735242,4,654.25,989,438,2617,synthetic-7B,32,4096,32,32000,1914.9653723135075,2297.958446776209,1148.9792233881044,True,False,float16,423.15620131378193,94.81116216942063
1768628468.7352993,32,465.59375,939,63,14899,synthetic-7B,32,4096,32,32000,9208.998643322931,11050.798371987517,5525.399185993759,True,True,float16,225.07433664602848,260.72331546072655
1768628468.7353594,1,743.0,743,743,743,synthetic-7B,32,4096,32,32000,553.5825754223438,664.2990905068125,332.14954525340625,True,True,float16,138.35263335321773,296.27941066062505
1768628468.7354155,16,610.25,998,126,9764,synthetic-7B,32,4096,32,32000,11347.398282095679,13616.877938514814,6808.438969257407,False,True,float16,320.45175711954914,213.35251421858678
1768628468.7354722,8,525.625,915,60,4205,synthetic-7B,32,4096,32,32000,3344.9446089298126,4013.933530715775,2006.9667653578874,True,True,float16,406.7257244061895,260.0925597039151
1768628468.7355282,4,408.5,859,244,1634,synthetic-7B,32,4096,32,32000,1799.9368881551502,2159.92426578618,1079.96213289309,False,True,float16,445.1032896397951,439.91956593895674
1768628468.7355843,1,828.0,828,828,828,synthetic-7B,32,4096,32,32000,846.2076796221231,1015.4492155465477,507.7246077732739,False,True,float16,181.06524687304915,107.33477815450965
1768628468.7356405,32,591.90625,976,100,18941,synthetic-7B,32,4096,32,32000,13317.20801687833,15980.649620253997,7990.324810126998,True,False,float16,132.47026285939472,330.06300746853924
1768628468.7356973,32,476.75,965,53,15256,synthetic-7B,32,4096,32,32000,11783.892242029217,14140.67069043506,7070.33534521753,False,True,float16,483.03270356031976,163.2699145831756
1768628468.7357635,16,458.5,937,88,7336,synthetic-7B,32,4096,32,32000,7083.777639498189,8500.533167397827,4250.266583698914,False,True,float16,167.95414715459492,214.67030211059097
1768628468.7358208,32,497.21875,961,59,15911,synthetic-7B,32,4096,32,32000,11135.825080923121,13362.990097107746,6681.495048553873,True,True,float16,316.6483334204497,369.36635089517387
1768628468.7358768,2,569.0,876,262,1138,synthetic-7B,32,4096,32,32000,1360.3500653880265,1632.4200784656316,816.2100392328158,False,True,float16,196.05744418366532,484.17967649269264
1768628468.7359312,32,539.0625,994,88,17250,synthetic-7B,32,4096,32,32000,17732.626971342386,21279.152365610862,10639.576182805431,False,True,float16,105.72985262108183,387.6294244834248
1768628468.7359872,16,493.25,923,129,7892,synthetic-7B,32,4096,32,32000,5670.731004154461,6804.877204985352,3402.438602492676,True,False,float16,348.246762137078,471.5971741180967
1768628468.736047,32,566.125,939,176,18116,synthetic-7B,32,4096,32,32000,12902.063253520053,15482.475904224062,7741.237952112031,True,True,float16,106.9798419343106,189.73447204533468
1768628468.7361062,1,234.0,234,234,234,synthetic-7B,32,4096,32,32000,192.12722380233345,230.55266856280014,115.27633428140007,True,True,float16,122.76229791060035,276.23226903598606
1768628468.7361612,1,965.0,965,965,965,synthetic-7B,32,4096,32,32000,974.5805600456661,1169.4966720547993,584.7483360273997,False,False,float16,349.90635694964885,400.7817161460681
1768628468.7362177,2,379.0,516,242,758,synthetic-7B,32,4096,32,32000,888.4871737964239,1066.1846085557086,533.0923042778543,False,False,float16,122.14575534266015,242.49340103088636
1768628468.7362745,2,332.5,348,317,665,synthetic-7B,32,4096,32,32000,580.6126387031048,696.7351664437258,348.3675832218629,False,True,float16,365.81837036591963,326.2125827795603
1768628468.7363315,16,627.25,994,104,10036,synthetic-7B,32,4096,32,32000,7388.008493515299,8865.610192218359,4432.805096109179,True,False,float16,101.55226434230742,200.7851115400532
1768628468.7363868,4,717.0,970,497,2868,synthetic-7B,32,4096,32,32000,1954.0332488957577,2344.839898674909,1172.4199493374545,True,False,float16,422.8529749190192,417.2117721295634
1768628468.7364416,16,541.375,941,191,8662,synthetic-7B,32,4096,32,32000,8842.15456032629,10610.585472391547,5305.292736195774,False,True,float16,168.96766725295618,300.25986552495084
1768628468.7364972,16,542.375,941,82,8678,synthetic-7B,32,4096,32,32000,9598.255030306982,11517.906036368378,5758.953018184189,False,True,float16,249.2293534353261,185.3079183708169
1768628468.7365537,32,526.5,985,75,16848,synthetic-7B,32,4096,32,32000,11475.338061398223,13770.405673677868,6885.202836838934,True,True,float16,320.75480218379084,441.38260526866543
1768628468.7366097,16,477.625,938,94,7642,synthetic-7B,32,4096,32,32000,7983.411639535918,9580.093967443101,4790.0469837215505,False,True,float16,238.35253242303708,171.50203572769806
1768628468.736666,8,569.75,795,246,4558,synthetic-7B,32,4096,32,32000,4648.060357365715,5577.672428838859,2788.8362144194293,False,True,float16,394.2873669994777,144.73494820941758
1768628468.7367215,32,551.5625,998,100,17650,synthetic-7B,32,4096,32,32000,17634.476022753624,21161.37122730435,10580.685613652175,False,True,float16,455.5822406460116,339.8696400986679
1768628468.7367814,4,406.0,951,109,1624,synthetic-7B,32,4096,32,32000,1765.0514252999574,2118.061710359949,1059.0308551799744,False,True,float16,221.62718753458046,307.07755824026634
1768628468.7368371,32,568.6875,972,101,18198,synthetic-7B,32,4096,32,32000,18698.633346100854,22438.360015321025,11219.180007660512,False,True,float16,286.1508818151241,489.6709169838732
1768628468.736894,32,615.21875,991,51,19687,synthetic-7B,32,4096,32,32000,22758.19571524971,27309.83485829965,13654.917429149826,False,True,float16,108.65147096163352,447.3010622539123
1768628468.7369645,2,573.0,737,409,1146,synthetic-7B,32,4096,32,32000,1073.2719356194714,1287.9263227433655,643.9631613716828,False,True,float16,461.51371290366757,378.68947915040803
1768628468.7370243,2,489.0,506,472,978,synthetic-7B,32,4096,32,32000,685.5999523405321,822.7199428086385,411.35997140431925,True,True,float16,235.38835683847944,279.8425407460421
1768628468.7370813,8,590.0,917,97,4720,synthetic-7B,32,4096,32,32000,3600.051612975226,4320.061935570271,2160.0309677851355,True,True,float16,203.1433158270889,61.70867364704374
1768628468.7371368,4,474.0,925,88,1896,synthetic-7B,32,4096,32,32000,2015.9224486778999,2419.10693841348,1209.55346920674,False,True,float16,278.75328956181784,408.7480929319646
1768628468.7371929,8,608.375,923,246,4867,synthetic-7B,32,4096,32,32000,4879.187632495259,5855.025158994311,2927.5125794971555,False,True,float16,385.01312691209904,110.43442305004423
1768628468.7372484,1,794.0,794,794,794,synthetic-7B,32,4096,32,32000,782.2130844703701,938.655701364444,469.327850682222,False,False,float16,177.30329560548478,23.954631956655426
1768628468.737305,32,480.96875,989,52,15391,synthetic-7B,32,4096,32,32000,12155.78806864212,14586.945682370542,7293.472841185271,True,False,float16,156.28167179099,493.869022742477
1768628468.7373612,4,416.25,746,188,1665,synthetic-7B,32,4096,32,32000,1365.0274249164895,1638.0329098997875,819.0164549498937,True,True,float16,262.88826991775863,483.72509924991795
1768628468.7374249,32,578.0,945,67,18496,synthetic-7B,32,4096,32,32000,15321.751498372241,18386.10179804669,9193.050899023345,True,True,float16,244.5483939281456,471.03626807622084
1768628468.7374833,32,562.5,995,62,18000,synthetic-7B,32,4096,32,32000,14434.726297533018,17321.67155703962,8660.83577851981,False,False,float16,477.47317782973505,257.85508841868216
1768628468.7375414,32,568.28125,986,118,18185,synthetic-7B,32,4096,32,32000,14549.41193759651,17459.29432511581,8729.647162557905,True,False,float16,313.2132817228778,217.4984242406434
1768628468.737598,4,190.75,313,60,763,synthetic-7B,32,4096,32,32000,790.3169084593399,948.3802901512078,474.1901450756039,False,True,float16,427.6387317297228,292.42609403190585
1768628468.7376554,8,391.375,881,53,3131,synthetic-7B,32,4096,32,32000,2432.436643353432,2918.923972024118,1459.461986012059,True,True,float16,283.9951958447963,338.30909492765824
1768628468.7377117,4,503.75,743,204,2015,synthetic-7B,32,4096,32,32000,2165.118494502509,2598.1421934030104,1299.0710967015052,False,True,float16,494.2068760520417,413.52598237077586
1768628468.737768,4,604.5,731,497,2418,synthetic-7B,32,4096,32,32000,2323.4305494143327,2788.116659297199,1394.0583296485995,False,True,float16,425.7122568946663,328.719235553757
1768628468.7378237,1,298.0,298,298,298,synthetic-7B,32,4096,32,32000,252.61024924868434,303.1322990984212,151.5661495492106,True,True,float16,398.06395373146006,455.60454681894373
1768628468.73788,32,513.5,990,83,16432,synthetic-7B,32,4096,32,32000,12401.67016732631,14882.004200791573,7441.002100395786,True,True,float16,150.4851713307993,197.2610414633472
1768628468.737935,16,449.3125,912,118,7189,synthetic-7B,32,4096,32,32000,7267.684074556787,8721.220889468144,4360.610444734072,False,True,float16,199.14399833979766,50.00263259058335
1768628468.7380044,1,698.0,698,698,698,synthetic-7B,32,4096,32,32000,842.8380643379003,1011.4056772054803,505.70283860274014,False,True,float16,433.6359172245763,69.37540060686491
1768628468.738063,16,653.6875,992,101,10459,synthetic-7B,32,4096,32,32000,6742.525895587434,8091.031074704921,4045.5155373524603,True,True,float16,353.29801477964423,328.3173204026358
1768628468.7381198,2,359.0,587,131,718,synthetic-7B,32,4096,32,32000,494.1950879140977,593.0341054969173,296.51705274845864,True,False,float16,397.40904351105127,91.24536520172715
1768628468.7381754,16,488.875,957,55,7822,synthetic-7B,32,4096,32,32000,8985.063144517533,10782.07577342104,5391.03788671052,False,True,float16,439.68639719449175,443.82889079976195
1768628468.7382362,32,446.09375,957,59,14275,synthetic-7B,32,4096,32,32000,11193.437848503114,13432.125418203736,6716.062709101868,False,True,float16,280.46576492004056,449.26752033859754
1768628468.7382932,32,449.875,910,51,14396,synthetic-7B,32,4096,32,32000,11765.72077370566,14118.864928446792,7059.432464223396,False,False,float16,295.14730601624296,319.7878546644497
1768628468.7383502,16,557.625,971,74,8922,synthetic-7B,32,4096,32,32000,8176.469391232664,9811.763269479196,4905.881634739598,False,True,float16,451.1733966174007,26.890215867981723
1768628468.7384067,8,683.875,986,318,5471,synthetic-7B,32,4096,32,32000,5314.288854621764,6377.146625546116,3188.573312773058,False,True,float16,392.8342341961611,183.26682295554934
1768628468.7384622,16,601.875,865,88,9630,synthetic-7B,32,4096,32,32000,9351.64525688305,11221.97430825966,5610.98715412983,False,False,float16,329.2879943216275,96.35212047464223
1768628468.7385223,16,529.0625,955,158,8465,synthetic-7B,32,4096,32,32000,9629.16051380906,11554.992616570871,5777.496308285436,False,True,float16,157.35541913014572,475.94000841843774
1768628468.738579,4,435.0,657,69,1740,synthetic-7B,32,4096,32,32000,1628.768293983372,1954.5219527800461,977.2609763900231,False,True,float16,484.6911672351387,404.6704978904816
1768628468.7386346,2,480.5,514,447,961,synthetic-7B,32,4096,32,32000,886.5900967125825,1063.908116055099,531.9540580275495,False,False,float16,320.8379253962298,28.455935411836375
1768628468.7386942,16,518.4375,993,86,8295,synthetic-7B,32,4096,32,32000,9838.329620624269,11805.995544749121,5902.997772374561,False,True,float16,441.8382817049097,254.28618738040296
1768628468.7387502,32,565.96875,989,122,18111,synthetic-7B,32,4096,32,32000,19848.93060328363,23818.716723940353,11909.358361970177,False,False,float16,348.41653008579885,290.067551353874
1768628468.7388053,1,936.0,936,936,936,synthetic-7B,32,4096,32,32000,876.2592513528976,1051.511101623477,525.7555508117385,True,True,float16,306.93071651433377,155.5764101567731
1768628468.7388618,16,597.1875,994,128,9555,synthetic-7B,32,4096,32,32000,10440.845732512127,12529.014879014552,6264.507439507276,False,True,float16,202.6135364309547,171.87998725785786
1768628468.7389224,32,538.625,996,91,17236,synthetic-7B,32,4096,32,32000,17830.071723697838,21396.086068437406,10698.043034218703,False,True,float16,444.60718207905416,155.64800768919568
1768628468.7389793,8,548.5,837,65,4388,synthetic-7B,32,4096,32,32000,3683.0256976708133,4419.630837204976,2209.815418602488,True,True,float16,266.0834571070375,483.17259661546575
1768628468.7390354,32,492.03125,943,68,15745,synthetic-7B,32,4096,32,32000,15260.108151194394,18312.129781433272,9156.064890716636,False,True,float16,134.8412876788815,175.67714368319673
1768628468.7390919,32,551.46875,994,77,17647,synthetic-7B,32,4096,32,32000,20189.529765766983,24227.43571892038,12113.71785946019,False,True,float16,201.48096270706301,71.48125752056863
1768628468.73915,16,535.75,952,127,8572,synthetic-7B,32,4096,32,32000,9046.652427620802,10855.982913144962,5427.991456572481,False,False,float16,176.96695522307067,10.996509921825384
1768628468.7392058,4,312.0,719,79,1248,synthetic-7B,32,4096,32,32000,1342.7997287304665,1611.3596744765598,805.6798372382799,False,True,float16,290.22159441675615,247.1966626037764
1768628468.7392612,8,320.0,630,63,2560,synthetic-7B,32,4096,32,32000,2572.1583034319897,3086.5899641183873,1543.2949820591937,False,True,float16,149.1518042461392,331.7537983048584
1768628468.7393155,16,477.6875,929,70,7643,synthetic-7B,32,4096,32,32000,7491.777340697236,8990.132808836683,4495.066404418341,False,False,float16,220.96954765762362,270.28173679681606
1768628468.7393708,8,617.75,996,275,4942,synthetic-7B,32,4096,32,32000,4449.948614344368,5339.9383372132415,2669.9691686066208,False,True,float16,135.43530507573095,214.24949982719656
1768628468.7394254,16,433.6875,983,87,6939,synthetic-7B,32,4096,32,32000,8313.430310564261,9976.116372677114,4988.058186338557,False,True,float16,462.8106464572636,105.2300867585426
1768628468.7394814,1,323.0,323,323,323,synthetic-7B,32,4096,32,32000,299.2754077587298,359.13048931047575,179.56524465523788,True,True,float16,467.38502842173847,122.53923010196897
1768628468.739536,2,462.5,597,328,925,synthetic-7B,32,4096,32,32000,1051.6448547974346,1261.9738257569215,630.9869128784608,False,True,float16,498.54651856798233,195.43213966931205
1768628468.739592,8,431.625,778,67,3453,synthetic-7B,32,4096,32,32000,3564.4904410521153,4277.388529262538,2138.694264631269,False,True,float16,401.1665938936274,342.4228233617553
1768628468.739653,16,607.4375,892,237,9719,synthetic-7B,32,4096,32,32000,9553.766196262313,11464.519435514776,5732.259717757388,False,False,float16,383.20351444286257,413.25361491292864
1768628468.7397099,8,508.625,945,174,4069,synthetic-7B,32,4096,32,32000,4929.725701702179,5915.670842042615,2957.8354210213074,False,True,float16,313.4203723445763,295.30048069810334
1768628468.7397661,2,711.0,733,689,1422,synthetic-7B,32,4096,32,32000,1174.78449166215,1409.74138999458,704.87069499729,True,True,float16,495.1560350438744,396.6639095856833
1768628468.7398226,1,532.0,532,532,532,synthetic-7B,32,4096,32,32000,451.4325973326089,541.7191167991307,270.85955839956534,True,True,float16,279.8795649621434,214.79021809655842
1768628468.7398784,1,395.0,395,395,395,synthetic-7B,32,4096,32,32000,334.94625701111505,401.935508413338,200.967754206669,True,True,float16,206.40276310341284,487.8717605120283
1768628468.7399356,2,539.5,994,85,1079,synthetic-7B,32,4096,32,32000,1261.6295903650519,1513.9555084380622,756.9777542190311,False,True,float16,146.5345673134854,246.5941758947716
1768628468.739993,8,396.0,788,59,3168,synthetic-7B,32,4096,32,32000,2673.4268815807714,3208.1122578969257,1604.0561289484629,True,False,float16,324.0581298532987,150.11569917887937
1768628468.740051,1,830.0,830,830,830,synthetic-7B,32,4096,32,32000,874.940286451253,1049.9283437415036,524.9641718707518,False,True,float16,368.3938593198355,210.38427056333873
1768628468.740107,8,456.625,963,77,3653,synthetic-7B,32,4096,32,32000,4113.924752579979,4936.709703095975,2468.3548515479874,False,True,float16,412.24923397125315,327.6583002031632
1768628468.7401626,4,585.25,773,319,2341,synthetic-7B,32,4096,32,32000,2402.038579578422,2882.446295494106,1441.223147747053,False,True,float16,463.84210572768967,363.0786401652103
1768628468.7402184,4,489.25,822,134,1957,synthetic-7B,32,4096,32,32000,1850.5578252919256,2220.6693903503106,1110.3346951751553,False,True,float16,373.10062273443725,274.01240122738994
1768628468.7402742,32,581.09375,987,167,18595,synthetic-7B,32,4096,32,32000,14235.946204315685,17083.13544517882,8541.56772258941,True,True,float16,201.1339527814793,30.28053985589356
1768628468.7403328,8,525.0,974,153,4200,synthetic-7B,32,4096,32,32000,5202.188472023521,6242.626166428226,3121.313083214113,False,False,float16,119.80211442280435,17.30289761352077
1768628468.7403893,16,508.9375,970,91,8143,synthetic-7B,32,4096,32,32000,6056.34545268502,7267.614543222024,3633.807271611012,True,True,float16,173.82817258235093,112.74084685872867
1768628468.7404442,1,148.0,148,148,148,synthetic-7B,32,4096,32,32000,149.18085061596977,179.0170207391637,89.50851036958186,False,True,float16,195.33549174193413,236.29685379393533
1768628468.7405005,16,564.25,996,80,9028,synthetic-7B,32,4096,32,32000,7158.335947857733,8590.00313742928,4295.00156871464,True,True,float16,328.074701653042,242.65262436056042
1768628468.7405553,32,530.84375,985,64,16987,synthetic-7B,32,4096,32,32000,18066.546036356525,21679.85524362783,10839.927621813915,False,True,float16,363.74285468203874,442.7475766586251
1768628468.7406108,32,534.53125,925,55,17105,synthetic-7B,32,4096,32,32000,11683.054886585736,14019.665863902883,7009.832931951441,True,True,float16,180.5537278793431,407.4785109828386
1768628468.7406662,2,887.5,965,810,1775,synthetic-7B,32,4096,32,32000,1817.9871440714323,2181.584572885719,1090.7922864428594,False,True,float16,144.1088674613144,78.31227393598634
1768628468.7407224,2,501.5,736,267,1003,synthetic-7B,32,4096,32,32000,978.5056736024122,1174.2068083228946,587.1034041614473,False,True,float16,289.46669222225,345.2682205246432
1768628468.740778,16,566.875,996,84,9070,synthetic-7B,32,4096,32,32000,6334.940200556001,7601.928240667201,3800.9641203336005,True,True,float16,421.68202218440473,355.61857872340767
1768628468.7408338,32,540.3125,934,51,17290,synthetic-7B,32,4096,32,32000,18347.16499183679,22016.597990204147,11008.298995102074,False,True,float16,287.22810940019156,111.69290960077377
1768628468.74089,4,669.0,943,433,2676,synthetic-7B,32,4096,32,32000,1818.6757437555261,2182.410892506631,1091.2054462533156,True,True,float16,182.28776916741464,80.96971501897349
1768628468.740959,32,532.4375,965,92,17038,synthetic-7B,32,4096,32,32000,14528.319271210848,17433.983125453018,8716.991562726509,True,True,float16,414.8652599839269,179.77006281588112
1768628468.7410178,8,467.5,926,119,3740,synthetic-7B,32,4096,32,32000,3989.3432534375675,4787.211904125081,2393.6059520625404,False,True,float16,460.4363021622036,45.22591358441314
1768628468.741078,32,525.53125,996,83,16817,synthetic-7B,32,4096,32,32000,17814.554779273305,21377.465735127964,10688.732867563982,False,True,float16,107.27738965955757,397.4399404266266
1768628468.7411344,16,520.875,989,81,8334,synthetic-7B,32,4096,32,32000,7194.502504204268,8633.403005045122,4316.701502522561,True,True,float16,416.57853151386075,314.1411051701038
1768628468.741189,8,374.125,809,161,2993,synthetic-7B,32,4096,32,32000,3213.9841301417946,3856.7809561701533,1928.3904780850767,False,True,float16,342.16444687671355,365.5664053249569
1768628468.741244,2,767.5,890,645,1535,synthetic-7B,32,4096,32,32000,1206.3255213959649,1447.5906256751578,723.7953128375789,True,True,float16,369.6146524968553,335.9669338664956
1768628468.7413006,16,540.4375,961,119,8647,synthetic-7B,32,4096,32,32000,8264.651182893405,9917.581419472086,4958.790709736043,False,True,float16,187.73913363922526,123.85928157516057
1768628468.7413607,8,548.0,868,293,4384,synthetic-7B,32,4096,32,32000,4294.489218393351,5153.387062072021,2576.6935310360104,False,True,float16,178.1761733478687,145.04000947097606
1768628468.7414167,2,196.0,241,151,392,synthetic-7B,32,4096,32,32000,362.68744837474685,435.2249380496962,217.6124690248481,False,True,float16,403.44147272359123,400.9683510349112
1768628468.7414727,2,686.5,929,444,1373,synthetic-7B,32,4096,32,32000,1602.5739702538297,1923.0887643045955,961.5443821522978,False,True,float16,421.6353095324772,58.182374908078366
1768628468.7415276,2,423.5,781,66,847,synthetic-7B,32,4096,32,32000,535.8951179638649,643.0741415566379,321.53707077831893,True,False,float16,228.26529154468608,276.0810512729187
1768628468.7415824,8,565.25,960,64,4522,synthetic-7B,32,4096,32,32000,3189.3080373894804,3827.1696448673765,1913.5848224336883,True,False,float16,386.5764743125917,386.366229559158
1768628468.7416382,1,271.0,271,271,271,synthetic-7B,32,4096,32,32000,277.69005211903334,333.22806254284,166.61403127142,False,True,float16,347.0778749220579,100.02145682784705
1768628468.7416942,8,508.375,921,110,4067,synthetic-7B,32,4096,32,32000,2852.9974168959257,3423.596900275111,1711.7984501375554,True,True,float16,368.86173550238345,87.02293137956384
1768628468.7417536,2,712.5,974,451,1425,synthetic-7B,32,4096,32,32000,1608.0878825743341,1929.7054590892008,964.8527295446004,False,True,float16,114.88368786535057,292.5201926216767
1768628468.7418103,32,573.1875,991,134,18342,synthetic-7B,32,4096,32,32000,22155.678152182358,26586.81378261883,13293.406891309414,False,True,float16,445.7811550140679,344.27865991004995
1768628468.7418668,2,453.0,796,110,906,synthetic-7B,32,4096,32,32000,574.9393039772706,689.9271647727247,344.96358238636236,True,True,float16,400.6074302689821,125.46761865866624
1768628468.7419214,4,445.5,999,178,1782,synthetic-7B,32,4096,32,32000,1349.7953565794924,1619.7544278953908,809.8772139476954,True,True,float16,320.91079519161417,108.72486424300847
1768628468.7420032,32,432.1875,973,63,13830,synthetic-7B,32,4096,32,32000,14118.242712027257,16941.891254432707,8470.945627216353,False,True,float16,482.36000711092146,270.28206957405195
1768628468.7420628,16,542.125,962,75,8674,synthetic-7B,32,4096,32,32000,8738.535394519398,10486.242473423277,5243.121236711639,False,True,float16,340.3977329860096,46.34682730754845
1768628468.742127,1,210.0,210,210,210,synthetic-7B,32,4096,32,32000,190.08779840144672,228.10535808173606,114.05267904086803,False,True,float16,202.94142850713772,82.78858627718768
1768628468.742184,1,54.0,54,54,54,synthetic-7B,32,4096,32,32000,33.67390641159095,40.40868769390914,20.20434384695457,True,True,float16,299.0311745024706,108.93962659980879
1768628468.7422407,4,273.25,565,118,1093,synthetic-7B,32,4096,32,32000,908.3374474834275,1090.004936980113,545.0024684900565,True,True,float16,495.3260490026637,193.48806778073117
1768628468.7422965,4,396.75,900,130,1587,synthetic-7B,32,4096,32,32000,1240.99601528619,1489.195218343428,744.597609171714,True,True,float16,331.81057125465907,403.5872746004726
1768628468.7423544,16,623.875,938,259,9982,synthetic-7B,32,4096,32,32000,6258.1936163879855,7509.832339665582,3754.916169832791,True,True,float16,305.4735836448575,194.3284599206599
1768628468.74241,32,517.96875,984,77,16575,synthetic-7B,32,4096,32,32000,12991.68411994409,15590.020943932906,7795.010471966453,True,False,float16,451.56774960165797,13.618086738435771
1768628468.7424655,4,702.0,764,574,2808,synthetic-7B,32,4096,32,32000,2389.693455982789,2867.6321471793467,1433.8160735896734,False,True,float16,492.2375123170094,426.13293315453467
1768628468.7425244,32,473.90625,974,60,15165,synthetic-7B,32,4096,32,32000,15146.046698526306,18175.256038231568,9087.628019115784,False,False,float16,290.53295435654246,279.22596315032774
1768628468.7425795,4,415.25,660,164,1661,synthetic-7B,32,4096,32,32000,2034.0260789381653,2440.831294725798,1220.415647362899,False,False,float16,246.1221952474061,352.2619709391417
1768628468.742634,1,432.0,432,432,432,synthetic-7B,32,4096,32,32000,447.9327600780053,537.5193120936063,268.7596560468032,False,True,float16,385.67397433585353,233.72645285155022
1768628468.742696,1,395.0,395,395,395,synthetic-7B,32,4096,32,32000,303.2473267631178,363.8967921157414,181.9483960578707,True,True,float16,330.83746037963726,490.6850318379393
1768628468.7427535,4,569.75,901,98,2279,synthetic-7B,32,4096,32,32000,2343.170292837572,2811.8043514050864,1405.9021757025432,False,True,float16,231.3110746833025,140.1828154570388
1768628468.7428095,16,549.1875,943,132,8787,synthetic-7B,32,4096,32,32000,9430.667691741886,11316.801230090263,5658.400615045131,False,True,float16,463.4232554538122,114.47269325492891
1768628468.7428653,4,535.75,914,132,2143,synthetic-7B,32,4096,32,32000,2122.636044395558,2547.16325327467,1273.581626637335,False,True,float16,117.9424417210202,201.3986216478632
1768628468.7429206,16,525.5,967,85,8408,synthetic-7B,32,4096,32,32000,9701.818810922681,11642.182573107217,5821.091286553608,False,True,float16,143.66721919206483,73.48262999992923
1768628468.7429767,2,567.0,787,347,1134,synthetic-7B,32,4096,32,32000,931.0926788807213,1117.3112146568656,558.6556073284328,True,True,float16,403.94874714870764,430.5104673362143
1768628468.7430332,4,800.0,998,285,3200,synthetic-7B,32,4096,32,32000,3500.5492855348566,4200.659142641828,2100.329571320914,False,True,float16,150.50761633670206,306.8578599045953
1768628468.7430897,32,458.59375,919,70,14675,synthetic-7B,32,4096,32,32000,16896.56863945081,20275.882367340968,10137.941183670484,False,False,float16,361.3448364716449,404.0079324801151
1768628468.7431443,2,785.5,791,780,1571,synthetic-7B,32,4096,32,32000,1712.310408778244,2054.772490533893,1027.3862452669464,False,True,float16,469.7239137495884,223.190743427458
1768628468.7432036,1,982.0,982,982,982,synthetic-7B,32,4096,32,32000,1140.9725153853105,1369.1670184623727,684.5835092311863,False,True,float16,435.40871952926017,63.524863423654004
1768628468.7432606,8,413.875,704,234,3311,synthetic-7B,32,4096,32,32000,2888.4514150870496,3466.1416981044595,1733.0708490522297,False,True,float16,179.3849641490371,216.10867571311593
1768628468.743316,32,559.21875,983,143,17895,synthetic-7B,32,4096,32,32000,20929.076305832274,25114.89156699873,12557.445783499365,False,True,float16,365.9596453313213,346.7347023236553
1768628468.7433712,8,419.0,948,66,3352,synthetic-7B,32,4096,32,32000,3728.512078624171,4474.214494349005,2237.1072471745024,False,True,float16,113.39924963886365,235.85436196736907
1768628468.7434263,4,537.25,707,366,2149,synthetic-7B,32,4096,32,32000,2388.8539137250627,2866.6246964700754,1433.3123482350377,False,True,float16,470.0586339323254,412.29300423402896
1768628468.743482,2,579.0,679,479,1158,synthetic-7B,32,4096,32,32000,1288.6627118173426,1546.395254180811,773.1976270904055,False,True,float16,400.24503021025424,11.790099973571092
1768628468.7435386,32,575.3125,996,66,18410,synthetic-7B,32,4096,32,32000,12171.599159316595,14605.918991179913,7302.9594955899565,True,True,float16,234.43070192184769,131.35916083937224
1768628468.7435942,4,733.5,930,602,2934,synthetic-7B,32,4096,32,32000,2840.223310653826,3408.267972784591,1704.1339863922956,False,True,float16,186.70637296229688,458.0182039841001
1768628468.74365,8,532.25,946,70,4258,synthetic-7B,32,4096,32,32000,5181.302233983137,6217.562680779764,3108.781340389882,False,True,float16,113.2936639680214,91.49613745237407
1768628468.7437057,16,566.5625,998,227,9065,synthetic-7B,32,4096,32,32000,7279.3928859278,8735.27146311336,4367.63573155668,True,False,float16,309.4725262429995,374.4357954148948
1768628468.7437613,8,569.25,846,291,4554,synthetic-7B,32,4096,32,32000,3676.023640652242,4411.22836878269,2205.614184391345,True,False,float16,395.383487726482,368.1200984817585
1768628468.7438169,1,55.0,55,55,55,synthetic-7B,32,4096,32,32000,60.99808321380392,73.19769985656471,36.598849928282355,False,True,float16,437.36013512341924,63.95563316729784
1768628468.7438743,1,876.0,876,876,876,synthetic-7B,32,4096,32,32000,783.0118665292938,939.6142398351525,469.80711991757624,False,True,float16,222.62140288163917,453.0538788131965
1768628468.7439325,8,426.25,790,67,3410,synthetic-7B,32,4096,32,32000,2924.0300888931633,3508.8361066717957,1754.4180533358979,True,True,float16,243.36944542965512,423.1621059240851
1768628468.7439911,32,472.6875,943,68,15126,synthetic-7B,32,4096,32,32000,15002.287683839166,18002.745220606997,9001.372610303499,False,False,float16,252.60982249011036,499.1290878702854
1768628468.7440457,32,483.875,954,51,15484,synthetic-7B,32,4096,32,32000,12516.275773749041,15019.530928498849,7509.765464249424,True,True,float16,121.69142733586118,49.762121887068275
1768628468.744101,4,504.5,989,93,2018,synthetic-7B,32,4096,32,32000,2088.7585132863182,2506.510215943582,1253.255107971791,False,True,float16,102.75129682687086,29.365155889663864
1768628468.7441576,16,531.5,984,190,8504,synthetic-7B,32,4096,32,32000,8503.324580971484,10203.989497165781,5101.994748582891,False,False,float16,341.62556278800207,160.67718750891572
1768628468.7442126,2,541.5,735,348,1083,synthetic-7B,32,4096,32,32000,887.3712500998067,1064.845500119768,532.422750059884,True,True,float16,132.64654100841997,284.01954706993166
1768628468.7442682,1,121.0,121,121,121,synthetic-7B,32,4096,32,32000,119.991478419454,143.98977410334479,71.99488705167239,False,True,float16,463.09519911991686,361.99912258897854
1768628468.7443242,8,376.375,852,125,3011,synthetic-7B,32,4096,32,32000,3404.509276069342,4085.41113128321,2042.705565641605,False,True,float16,114.5089808569884,243.49851372140313
1768628468.7443798,8,567.0,859,177,4536,synthetic-7B,32,4096,32,32000,4838.854024421815,5806.624829306177,2903.3124146530886,False,False,float16,176.44739465843816,159.04694354280562
1768628468.7444348,1,156.0,156,156,156,synthetic-7B,32,4096,32,32000,176.88509445836752,212.262113350041,106.1310566750205,False,True,float16,199.95220493566922,140.4568849885569
1768628468.7444904,32,462.96875,994,65,14815,synthetic-7B,32,4096,32,32000,12616.22021966524,15139.464263598287,7569.732131799144,False,True,float16,232.74137516190456,25.028564573265598
1768628468.744547,2,514.5,599,430,1029,synthetic-7B,32,4096,32,32000,1212.5325295022528,1455.0390354027033,727.5195177013517,False,True,float16,279.33907642250983,447.30413588130114
1768628468.7446067,1,589.0,589,589,589,synthetic-7B,32,4096,32,32000,527.9021737980296,633.4826085576354,316.7413042788177,False,False,float16,487.78826014032296,265.5907326645124
1768628468.744663,16,534.625,972,127,8554,synthetic-7B,32,4096,32,32000,7525.130910441431,9030.157092529716,4515.078546264858,True,False,float16,180.27781606132316,300.0467467965158
1768628468.7447193,32,568.125,966,54,18180,synthetic-7B,32,4096,32,32000,17126.467253490573,20551.760704188688,10275.880352094344,False,True,float16,444.9763586970019,104.88571662839074
1768628468.7447746,8,522.75,922,104,4182,synthetic-7B,32,4096,32,32000,4209.465064540023,5051.358077448028,2525.679038724014,False,True,float16,246.09950037306584,368.85076017793665
1768628468.74483,16,601.625,992,149,9626,synthetic-7B,32,4096,32,32000,11150.61139937531,13380.733679250372,6690.366839625186,False,True,float16,152.95546193413273,428.85916703356366
1768628468.7448857,32,524.09375,971,72,16771,synthetic-7B,32,4096,32,32000,12571.530635671472,15085.836762805766,7542.918381402883,True,True,float16,244.80353339148562,153.89235748707122
1768628468.7449408,8,590.0,933,130,4720,synthetic-7B,32,4096,32,32000,4808.840869307797,5770.6090431693565,2885.3045215846782,False,False,float16,467.90337745920107,230.80603686748861
1768628468.7450128,4,606.0,931,110,2424,synthetic-7B,32,4096,32,32000,2519.7880347646924,3023.745641717631,1511.8728208588154,False,True,float16,414.9986071345955,296.6309451402421
1768628468.7450686,32,544.1875,995,69,17414,synthetic-7B,32,4096,32,32000,15003.937861952478,18004.725434342974,9002.362717171487,True,True,float16,391.9551559610165,391.25501422541726
1768628468.745124,4,446.25,970,71,1785,synthetic-7B,32,4096,32,32000,1756.5438708874924,2107.8526450649906,1053.9263225324953,False,True,float16,384.7886661489793,479.40153435463026
1768628468.74518,1,198.0,198,198,198,synthetic-7B,32,4096,32,32000,204.45693190244057,245.3483182829287,122.67415914146434,False,True,float16,214.7885728154219,42.079106215531255
1768628468.7452364,4,456.5,635,146,1826,synthetic-7B,32,4096,32,32000,1564.3912740315511,1877.2695288378613,938.6347644189307,False,True,float16,403.6854921325346,109.33560044767644
1768628468.7452958,2,260.0,272,248,520,synthetic-7B,32,4096,32,32000,363.65359494363867,436.3843139323664,218.1921569661832,True,True,float16,463.16188894181346,134.4876097581809
1768628468.7453535,2,767.0,875,659,1534,synthetic-7B,32,4096,32,32000,1637.8083152431936,1965.3699782918322,982.6849891459161,False,True,float16,255.42674555147477,362.68407763995634
1768628468.7454102,4,502.75,975,150,2011,synthetic-7B,32,4096,32,32000,1706.5649604326386,2047.8779525191662,1023.9389762595831,True,False,float16,293.01359043675063,336.53285970139575
1768628468.7454665,32,472.28125,939,82,15113,synthetic-7B,32,4096,32,32000,9252.067980457765,11102.481576549317,5551.240788274658,True,True,float16,126.44869763866309,21.689204298208892
1768628468.745522,1,511.0,511,511,511,synthetic-7B,32,4096,32,32000,415.4143230032853,498.49718760394234,249.24859380197117,True,True,float16,135.0324207886744,54.25115800711674
1768628468.7455778,2,566.5,928,205,1133,synthetic-7B,32,4096,32,32000,1226.0621655810107,1471.274598697213,735.6372993486065,False,False,float16,150.37085894057483,463.36047041444175
1768628468.7456324,1,522.0,522,522,522,synthetic-7B,32,4096,32,32000,567.3998148005549,680.8797777606658,340.4398888803329,False,True,float16,316.7906694748876,378.20561325138385
1768628468.7456892,4,404.25,613,206,1617,synthetic-7B,32,4096,32,32000,1241.1980991261205,1489.4377189513446,744.7188594756723,True,True,float16,408.88165800592174,437.9137474477555
1768628468.7457483,16,489.4375,818,100,7831,synthetic-7B,32,4096,32,32000,9107.47350955583,10928.968211466996,5464.484105733498,False,True,float16,454.65593703489895,346.41120770078027
1768628468.7458036,4,625.25,771,458,2501,synthetic-7B,32,4096,32,32000,1751.4916063035953,2101.7899275643144,1050.8949637821572,True,True,float16,291.35473409190115,478.3539962119972
1768628468.7458599,4,584.25,923,285,2337,synthetic-7B,32,4096,32,32000,2860.7232536128604,3432.8679043354323,1716.4339521677161,False,True,float16,464.1982341549043,412.6098240474037
1768628468.7459152,1,167.0,167,167,167,synthetic-7B,32,4096,32,32000,178.77516575346624,214.53019890415948,107.26509945207974,False,True,float16,424.71279521409434,379.4960487729969
1768628468.7459714,1,227.0,227,227,227,synthetic-7B,32,4096,32,32000,269.6498263684295,323.57979164211537,161.78989582105768,False,True,float16,190.7061681741028,387.99091362221736
1768628468.7460406,32,530.53125,979,85,16977,synthetic-7B,32,4096,32,32000,15999.062238115892,19198.87468573907,9599.437342869534,False,True,float16,348.2480041919782,467.23756235133754
1768628468.7461011,8,345.0,732,52,2760,synthetic-7B,32,4096,32,32000,2554.8595831287394,3065.831499754487,1532.9157498772436,False,True,float16,455.4298381152381,307.2243066810296
1768628468.7461576,2,421.0,473,369,842,synthetic-7B,32,4096,32,32000,523.4125533953878,628.0950640744653,314.04753203723266,True,False,float16,308.6359758914166,433.10071195113306
1768628468.7462144,16,487.8125,936,79,7805,synthetic-7B,32,4096,32,32000,8218.847434182808,9862.61692101937,4931.308460509685,False,True,float16,145.09107315905322,128.5640074552694
1768628468.7462702,32,597.5625,998,86,19122,synthetic-7B,32,4096,32,32000,12927.77134529417,15513.325614353003,7756.662807176502,True,True,float16,229.74648259434062,10.899610216690778
1768628468.7463274,16,468.9375,988,51,7503,synthetic-7B,32,4096,32,32000,6759.9733610686735,8111.968033282408,4055.984016641204,False,True,float16,492.4311136624963,295.50044307825124
1768628468.7463834,32,610.4375,987,126,19534,synthetic-7B,32,4096,32,32000,18453.311832174866,22143.974198609838,11071.987099304919,False,True,float16,344.11852343401955,38.091103298463636
1768628468.7464392,32,565.6875,970,65,18102,synthetic-7B,32,4096,32,32000,17900.3286053029,21480.39432636348,10740.19716318174,False,True,float16,357.2790056471682,28.54079354993225
1768628468.7464948,32,492.3125,987,91,15754,synthetic-7B,32,4096,32,32000,12196.824130382785,14636.188956459342,7318.094478229671,True,False,float16,472.7816811563488,321.6556178656032
1768628468.746549,32,510.25,988,79,16328,synthetic-7B,32,4096,32,32000,15870.122014485267,19044.14641738232,9522.07320869116,False,True,float16,495.79482894702846,286.8828494238051
1768628468.7466087,8,570.125,869,224,4561,synthetic-7B,32,4096,32,32000,3840.0611491594736,4608.073378991368,2304.036689495684,True,True,float16,232.84909369442946,282.56776489342184
1768628468.7466626,16,526.8125,929,59,8429,synthetic-7B,32,4096,32,32000,7754.497232454423,9305.396678945308,4652.698339472654,True,True,float16,186.76124627888137,91.12870909048814
1768628468.7467172,8,563.625,945,142,4509,synthetic-7B,32,4096,32,32000,4354.6185937047885,5225.542312445746,2612.771156222873,False,True,float16,155.17252287348148,388.55749750581435
1768628468.7467723,16,414.3125,906,51,6629,synthetic-7B,32,4096,32,32000,6316.133759861296,7579.360511833555,3789.6802559167777,False,True,float16,430.1758930441156,436.74542228350873
1768628468.7468321,2,648.0,819,477,1296,synthetic-7B,32,4096,32,32000,1350.3807012994052,1620.4568415592862,810.2284207796431,False,True,float16,188.32605147485455,488.3862799100723
1768628468.7468877,32,580.90625,986,134,18589,synthetic-7B,32,4096,32,32000,19524.5196190668,23429.42354288016,11714.71177144008,False,True,float16,462.68128890974,326.8551951195475
1768628468.7469428,1,203.0,203,203,203,synthetic-7B,32,4096,32,32000,146.63916717272087,175.96700060726505,87.98350030363252,True,True,float16,315.5061445387776,200.67246195752412
1768628468.7469974,32,466.21875,999,78,14919,synthetic-7B,32,4096,32,32000,13482.826340662688,16179.391608795226,8089.695804397613,False,True,float16,470.564503158448,336.477751052548
1768628468.747053,8,380.0,995,123,3040,synthetic-7B,32,4096,32,32000,3484.6824439598504,4181.6189327518205,2090.8094663759102,False,True,float16,313.19361144425136,274.7057195380226
